snapshot_time,icao24,callsign,origin_country,time_position,last_contact,longitude,latitude,baro_altitude,on_ground,velocity,true_track,vertical_rate,sensors,geo_altitude,squawk,spi,position_source
1789595537,80163c,IGO1477 ,India,1789595535,1789595535,70.8828,22.8152,9144,False,215.64,261.91,0,,9707.88,,False,0
1789595537,801625,AIC1ZH  ,India,1789595533,1789595533,77.885,13.2054,1767.84,False,92.6,269.68,-4.23,,1775.46,,False,0
1789595537,8851ea,THA340  ,Thailand,1789595536,1789595536,93.8555,19.7653,10066.02,False,250.89,137.58,0,,,,False,0
1789595537,8851e1,THA344  ,Thailand,1789595535,1789595536,88.7915,19.0067,10058.4,False,242.57,108.93,0,,10675.62,0377,False,0
1789595537,8014af,IGO1486 ,India,1789595496,1789595496,75.4381,14.9295,11887.2,False,228.31,126.66,0,,12603.48,,False,0
1789595537,885282,THA911  ,Thailand,1789595536,1789595537,95.3997,16.7679,11277.6,False,254.89,124.97,0,,11986.26,3461,False,0
1789595537,80174a,IGO245C ,India,1789595536,1789595537,77.2393,28.0298,2773.68,False,140.63,13.32,-2.28,,2842.26,,False,0
1789595537,80174d,VTIWT   ,India,1789595536,1789595536,77.0869,28.5621,,True,9.77,284.06,,,,,False,0
1789595537,801772,IGO1339 ,India,1789595166,1789595330,82.2099,13.3279,10668,False,238.58,116.79,0,,11315.7,0343,False,0
1789595537,80177d,,India,1789595529,1789595529,77.2685,24.9171,10363.2,False,239.09,352.71,0.33,,10995.66,,False,0
1789595537,8015d8,IGO6037 ,India,1789595253,1789595253,81.8693,21.0717,11582.4,False,232.21,256.55,0,,12306.3,,False,0
1789595537,885307,THA330  ,Thailand,1789595536,1789595536,94.1844,15.085,10668,False,241.82,103.53,-0.33,,,,False,0
1789595537,05a0af,DQA341  ,Maldives,1789595531,1789595534,82.5344,16.4668,12192,False,244.56,214.02,0,,12923.52,1537,False,0
1789595537,88530a,THA338  ,Thailand,1789595536,1789595536,95.8833,13.5539,10668,False,238.88,77.31,0,,,,False,0
1789595537,885313,THA314  ,Thailand,1789595536,1789595536,92.3058,18.7054,10668,False,240.08,127.95,-0.33,,,0420,False,0
1789595537,3c4a08,DLH761  ,Germany,1789595535,1789595535,75.5572,28.586,5676.9,False,211.78,304.81,11.05,,5951.22,,False,0
1789595537,80189d,AIC187  ,India,1789595535,1789595536,69.4385,22.8883,10363.2,False,250.86,272.94,-0.33,,11026.14,,False,0
1789595537,70209f,BBC305  ,Bangladesh,1789595536,1789595536,87.6451,24.9292,10111.74,False,256.06,288.14,4.55,,10736.58,4773,False,0
1789595537,8017a0,IGO2369 ,India,1789595536,1789595536,77.2622,28.2953,2461.26,False,124.24,9.77,-3.58,,2514.6,,False,0
1789595537,8016d7,IGO679P ,India,1789595536,1789595536,78.9551,14.1841,9372.6,False,229.77,306.07,4.55,,9928.86,0211,False,0
1789595537,89618a,UAE363  ,United Arab Emirates,1789595536,1789595536,69.8641,22.8848,12192,False,254.12,273.6,0,,12946.38,,False,0
1789595537,896175,UAE329  ,United Arab Emirates,1789595532,1789595535,73.5966,23.0966,10363.2,False,255.95,267.35,0,,10988.04,,False,0
1789595537,80183b,IGO72P  ,India,1789595536,1789595536,75.2291,26.881,10675.62,False,236,28.8,0,,11323.32,,False,0
1789595537,80183a,IGO721  ,India,1789595536,1789595536,74.6528,15.5325,11590.02,False,237.26,354.4,-0.33,,12291.06,,False,0
1789595537,801819,IGO626E ,India,1789595441,1789595448,77.7811,14.7333,9182.1,False,227.04,2.21,5.85,,9738.36,2704,False,0
1789595537,8a0536,GIA089  ,Indonesia,1789595536,1789595536,85.6906,16.8298,10668,False,252.69,132.52,0,,11315.7,,False,0
1789595537,8018e1,IGO426L ,India,1789595537,1789595537,76.8216,26.7236,9982.2,False,239.95,177.54,6.5,,10553.7,,False,0
1789595537,8018dd,IGO012  ,India,1789595453,1789595460,72.4765,24.5059,11887.2,False,233.37,50.1,0,,12618.72,,False,0
1789595537,7020be,UBG382  ,Bangladesh,1789595346,1789595346,90.4044,23.8475,,True,0,53.44,,,,4522,False,0
1789595537,896408,ETD498  ,United Arab Emirates,1789595536,1789595536,79.3341,13.0508,10668,False,256.58,106.18,-0.33,,11315.7,1740,False,0
1789595537,896357,ETD973  ,United Arab Emirates,1789595536,1789595536,84.9899,22.9075,12496.8,False,248.81,94.74,0,,13228.32,1764,False,0
1789595537,896327,ETD476  ,United Arab Emirates,1789595515,1789595515,77.2914,10.5419,10058.4,False,251.5,110.47,0,,10645.14,,False,0
1789595537,4bb0eb,THY45M  ,Turkey,1789595536,1789595536,95.5928,11.8917,11887.2,False,246.09,137.2,-0.65,,12603.48,5116,False,0
1789595537,4bb0fa,THY208  ,Turkey,1789595537,1789595537,95.5515,18.0113,12496.8,False,240.04,126.72,0,,13327.38,5117,False,0
1789595537,896303,UAE3KV  ,United Arab Emirates,1789595536,1789595536,68.5783,21.2142,10363.2,False,260.55,293.63,0,,11026.14,,False,0
1789595537,896306,UAE371  ,United Arab Emirates,1789595536,1789595536,92.4965,15.4616,10972.8,False,253.29,283.87,0,,11673.84,,False,0
1789595537,896312,UAE377  ,United Arab Emirates,1789595531,1789595531,85.7486,17.1314,10363.2,False,256.03,286.58,0,,10988.04,,False,0
1789595537,780a0d,CPA632  ,China,1789595536,1789595536,96.8988,13.6211,12291.06,False,232.63,94.18,1.95,,,,False,0
1789595537,80073f,AIC302  ,India,1789595536,1789595536,81.8579,25.4387,10660.38,False,260.84,134.28,0,,11300.46,,False,0
1789595537,780a57,CPA612  ,China,1789595536,1789595536,95.1433,13.0128,12496.8,False,233.99,62.93,0,,,,False,0
1789595537,780a58,CPA624  ,China,1789595536,1789595536,87.8147,20.9424,11277.6,False,244.11,70.04,-0.33,,11986.26,0640,False,0
1789595537,8963ec,UAE7Q   ,United Arab Emirates,1789595536,1789595536,79.192,14.8202,11582.4,False,260.67,296.87,0.33,,12260.58,2133,False,0
1789595537,8963e7,UAE374  ,United Arab Emirates,1789595536,1789595536,72.4347,23.9621,11887.2,False,260.49,94.19,0,,12618.72,,False,0
1789595537,896536,ETD473  ,United Arab Emirates,1789595405,1789595405,75.4144,9.9943,11574.78,False,265.14,300.3,-0.33,,12260.58,,False,0
1789595537,896535,ETD870  ,United Arab Emirates,1789595536,1789595536,87.5909,22.8603,12481.56,False,251.63,101.68,2.93,,13228.32,1714,False,0
1789595537,896539,ETD474  ,United Arab Emirates,1789595535,1789595535,77.0327,9.5861,11269.98,False,243.97,121.81,0,,11932.92,,False,0
1789595537,89647c,UAE75T  ,United Arab Emirates,1789595519,1789595519,75.6396,9.7409,12192,False,263.82,301.77,0,,12870.18,,False,0
1789595537,896496,ABY518  ,United Arab Emirates,1789595534,1789595536,78.0003,26.2728,11216.64,False,249.1,78.81,3.58,,11902.44,,False,0
1789595537,896473,UAE319  ,United Arab Emirates,1789595536,1789595536,72.0953,22.9864,12192,False,253.32,267.67,0,,12923.52,,False,0
1789595537,896488,ETD401  ,United Arab Emirates,1789595536,1789595536,89.0444,17.8884,10965.18,False,260.45,288.54,-0.33,,11643.36,0711,False,0
1789595537,896451,UAE325  ,United Arab Emirates,1789595533,1789595536,73.5757,23.0791,10972.8,False,257.45,267.59,0,,11666.22,,False,0
1789595537,40688f,BAW35   ,United Kingdom,1789595536,1789595536,80.2719,13.6765,4030.98,False,181.81,169.07,-13.33,,4168.14,5715,False,0
1789595537,89642e,ABY422  ,United Arab Emirates,1789595536,1789595536,76.2297,10.1548,655.32,False,105.38,117.32,-0.33,,586.74,,False,0
1789595537,89642d,ABY410  ,United Arab Emirates,1789595512,1789595512,76.2119,11.111,6728.46,False,225.89,96.8,-9.1,,9067.8,,False,0
1789595537,8963a2,UAE9785 ,United Arab Emirates,1789595536,1789595537,91.6526,22.2779,9753.6,False,252.31,277.73,0,,10355.58,5345,False,0
1789595537,8964fa,ETD410  ,United Arab Emirates,1789595536,1789595536,91.4111,14.8217,12489.18,False,249.55,134.83,-0.33,,,,False,0
1789595537,8964bf,ETD898  ,United Arab Emirates,1789595536,1789595537,86.7469,22.9399,11879.58,False,255.38,95.66,-0.33,,12595.86,3423,False,0
1789595537,780c01,CES2052 ,China,1789595536,1789595536,89.9842,22.5254,11277.6,False,243.08,92.67,0,,12001.5,4000,False,0
1789595537,896660,FDB570  ,United Arab Emirates,1789595537,1789595537,74.3363,14.8319,10972.8,False,244.27,326.08,0,,11635.74,,False,0
1789595537,89664c,ETD218  ,United Arab Emirates,1789595536,1789595536,77.2996,28.3788,1638.3,False,119.36,23.36,-5.2,,1638.3,,False,0
1789595537,780ab6,CPA694  ,China,1789595536,1789595536,92.4046,23.5125,11887.2,False,256.66,93.45,0,,12603.48,0513,False,0
1789595537,885963,TVJ761  ,Thailand,1789595536,1789595536,88.3418,18.1218,9448.8,False,245.98,108.66,0.33,,10035.54,0315,False,0
1789595537,8964b0,UAE399  ,United Arab Emirates,1789595526,1789595528,83.5409,12.6673,11582.4,False,265.04,296.27,-0.33,,12260.58,,False,0
1789595537,8964a8,UAE313  ,United Arab Emirates,1789595536,1789595536,85.4707,21.9994,10363.2,False,250.72,262.34,0,,11003.28,6354,False,0
1789595537,76cc75,SIA402  ,Singapore,1789595533,1789595536,86.2001,17.8604,10972.8,False,261.62,313.65,-0.33,,11658.6,,False,0
1789595537,484cba,KLM836  ,Kingdom of the Netherlands,1789595535,1789595535,75.7183,26.8778,9144,False,250.39,292.09,0,,9669.78,,False,0
1789595537,76cd43,SIA306  ,Singapore,1789595505,1789595509,77.1835,24.7562,10972.8,False,250.59,300.2,0,,11628.12,,False,0
1789595537,8a08b1,UBA8502 ,Indonesia,1789595512,1789595512,96.2719,17.1403,1325.88,False,111.62,197.43,-6.18,,,,False,0
1789595537,89669a,ETD6RM  ,United Arab Emirates,1789595536,1789595536,77.7236,13.1444,2849.88,False,150.82,98.43,-4.88,,2910.84,,False,0
1789595537,89668b,ABY471  ,United Arab Emirates,1789595536,1789595537,80.2389,13.0164,388.62,False,70.51,249.05,-3.25,,281.94,3433,False,0
1789595537,781fd6,CSS159  ,China,1789595536,1789595536,78.3807,28.3532,5029.2,False,193.49,296.02,-7.8,,5234.94,6002,False,0
1789595537,896679,UAE387  ,United Arab Emirates,1789595224,1789595227,82.3603,21.6144,12192,False,248.33,259.74,0,,12893.04,,False,0
1789595537,152036,AFL292  ,Russian Federation,1789595536,1789595536,81.7744,26.6905,11277.6,False,245.41,123.46,0.65,,11948.16,,False,0
1789595537,89408b,GFA152  ,Bahrain,1789595537,1789595537,68.3447,24.1273,11887.2,False,255.24,91.39,-0.33,,12618.72,,False,0
1789595537,899087,EVA095  ,Taiwan,1789595536,1789595536,78.2909,29.3756,10972.8,False,232.71,309.71,-0.33,,11590.02,0432,False,0
1789595537,89907e,EVA065  ,Taiwan,1789595536,1789595536,78.8693,27.9811,10363.2,False,246.47,292.07,-0.33,,10965.18,0427,False,0
1789595537,899097,EVA062  ,Taiwan,1789595535,1789595536,89.1641,20.8936,11879.58,False,262.42,125.75,-0.33,,12603.48,7112,False,0
1789595537,040143,ETH609  ,Ethiopia,1789595536,1789595536,80.5989,12.9475,9753.6,False,258.36,275.37,0,,10325.1,0740,False,0
1789595537,706214,JZR406  ,Kuwait,1789595536,1789595536,75.5598,11.7338,8770.62,False,242.4,331.48,3.25,,9265.92,,False,0
1789595537,040156,ETH3290 ,Ethiopia,1789595536,1789595536,70.6411,22.9196,12496.8,False,240.88,85.84,0,,13243.56,,False,0
1789595537,040126,ETH687  ,Ethiopia,1789595536,1789595536,74.9801,28.5047,7734.3,False,189.57,272.96,5.2,,8130.54,,False,0
1789595537,899036,EVA087  ,Taiwan,1789595272,1789595285,73.9683,30.233,9753.6,False,241.9,311.9,-0.33,,10294.62,2643,False,0
1789595537,8881ff,VJC1806 ,Viet Nam,1789595536,1789595536,93.8195,16.2516,10058.4,False,240.42,110.41,0,,,0374,False,0
1789595537,899017,CAL5663 ,Taiwan,1789595536,1789595536,94.3635,19.2265,10363.2,False,257.1,298.31,0,,11026.14,2630,False,0
1789595537,899013,CAL063  ,Taiwan,1789595536,1789595536,77.6578,29.8068,11582.4,False,226.69,313.62,0,,12214.86,2663,False,0
1789595537,06a3b7,QTR8954 ,Qatar,1789595297,1789595297,72.6376,23.9283,11887.2,False,250.12,94.01,0,,12618.72,,False,0
1789595537,06a376,QTR842  ,Qatar,1789595537,1789595537,80.9308,13.6395,11887.2,False,238.98,110.54,0,,12573,2127,False,0
1789595537,89912f,SJX101  ,Taiwan,1789595320,1789595321,83.6539,22.9968,10972.8,False,247.84,273.21,-0.33,,11635.74,2644,False,0
1789595537,06a2e9,QTR982  ,Qatar,1789595536,1789595536,89.3083,22.5536,11879.58,False,254.92,96.84,-0.33,,12611.1,0365,False,0
1789595537,06a2f9,QTR838  ,Qatar,1789595536,1789595536,94.9276,16.6258,11879.58,False,248.76,115.35,0,,12306.3,5635,False,0
1789595537,4ba9c8,THY62Y  ,Turkey,1789595536,1789595536,81.7511,27.1976,11887.2,False,254.14,112.62,0,,12573,,False,0
1789595537,06a2c7,QTR8M   ,Qatar,1789595537,1789595537,79.2593,6.9239,10363.2,False,263.79,305.39,0,,10949.94,,False,0
1789595537,8990e6,EVA071  ,Taiwan,1789595536,1789595536,80.2013,27.4124,9753.6,False,247.92,317.27,0,,10309.86,6247,False,0
1789595537,040261,ETH673  ,Ethiopia,1789595269,1789595269,83.6594,21.8755,12192,False,246.11,263.16,0,,12900.66,4102,False,0
1789595537,06a062,QTR807  ,Qatar,1789595536,1789595536,70.8906,22.8135,10363.2,False,253.7,264.65,0,,11018.52,,False,0
1789595537,a7a9a0,N593MA  ,United States,1789595527,1789595527,82.8051,33.1948,,True,2.57,151.88,,,,,False,0
1789595537,39cf0f,AFR198  ,France,1789595535,1789595536,80.2051,26.0034,11887.2,False,259.27,129.12,0,,12573,,False,0
1789595537,7c8064,QFA5    ,Australia,1789595536,1789595536,79.6582,14.3845,11582.4,False,255.53,346.02,0,,12268.2,1456,False,0
1789595537,80139b,AIC7FM  ,India,1789595537,1789595537,80.9832,26.3673,11277.6,False,237.62,114.29,0,,11940.54,,False,0
1789595537,406c39,VIR303  ,United Kingdom,1789595537,1789595537,72.4989,31.2924,10355.58,False,239.86,263.23,-0.33,,10919.46,,False,0
1789595537,801403,AXB135  ,India,1789595535,1789595535,77.0975,28.5624,,True,8.23,104.06,,,,,False,0
1789595537,801406,AIC112  ,India,1789595527,1789595530,74.2366,26.2944,11879.58,False,252.08,39.7,0,,12611.1,,False,0
1789595537,801454,IGO6129 ,India,1789595535,1789595536,74.6981,15.5698,11879.58,False,229.29,158.96,0.33,,12595.86,,False,0
1789595537,801435,AXB920  ,India,1789595536,1789595536,77.3302,13.2267,4960.62,False,186.36,100.66,-14.31,,5189.22,,False,0
1789595537,06a10b,QTR830  ,Qatar,1789595480,1789595480,81.1362,18.3509,12496.8,False,246.63,108.74,0,,13213.08,,False,0
1789595537,801530,FQA321  ,India,1789595536,1789595536,76.6379,28.0926,6995.16,False,193.63,204.32,2.28,,7338.06,,False,0
1789595537,06a12a,QTR859  ,Qatar,1789595536,1789595536,87.145,23.0006,10972.8,False,255.19,305.07,0,,11650.98,6302,False,0
1789595537,06a145,QTR837  ,Qatar,1789595537,1789595537,84.056,17.5653,12192,False,256.03,286.58,0,,12915.9,,False,0
1789595537,801548,AKJ506  ,India,1789595534,1789595534,75.5159,12.4592,11277.6,False,225.43,143.44,0,,11948.16,,False,0
1789595537,80159f,AIC308  ,India,1789595536,1789595536,77.0614,28.0702,3695.7,False,174.04,118.61,8.13,,3817.62,,False,0
1789595537,80156e,BDA354  ,India,1789595537,1789595537,76.109,27.9751,5486.4,False,190.31,22.41,-5.85,,5722.62,,False,0
1789595537,06a103,QTR955  ,Qatar,1789595536,1789595536,78.3204,8.2954,11582.4,False,263.18,300.68,0,,12237.72,,False,0
1789595537,885102,THA937  ,Thailand,1789595536,1789595536,84.4003,24.7117,12496.8,False,255.44,117.86,0,,13205.46,0142,False,0
1789595537,88511a,THA924  ,Thailand,1789595536,1789595536,74.0821,27.5234,12192,False,237.68,301.01,0,,12885.42,,False,0
1789595537,88510a,THA941  ,Thailand,1789595536,1789595536,96.2374,16.2682,12496.8,False,247.08,130.36,0,,13220.7,0410,False,0
1789595537,88510b,THA925  ,Thailand,1789595536,1789595536,93.4777,19.6537,12496.8,False,239.23,79.34,0,,13228.32,1735,False,0
1789595537,885116,THA955  ,Thailand,1789595536,1789595536,75.5692,31.2102,11887.2,False,285.64,93.82,0,,12512.04,,False,0
1789595537,885115,THA326  ,Thailand,1789595536,1789595536,92.6579,12.2412,11887.2,False,251.6,84.72,0,,,,False,0
1789595537,88516c,THA951  ,Thailand,1789595536,1789595536,94.995,17.1067,10668,False,255.75,122.35,0,,11338.56,0715,False,0
1789595537,8013f8,IGO084  ,India,1789595456,1789595460,77.1072,28.5417,320.04,False,74.12,283.65,-3.25,,213.36,,False,0
1789595537,885156,THA350  ,Thailand,1789595535,1789595536,88.4748,22.6587,11277.6,False,259.66,125.48,0,,11971.02,7272,False,0
1789595537,885177,THA921  ,Thailand,1789595536,1789595536,88.0409,21.4521,11887.2,False,249.41,115.93,0,,12611.1,7644,False,0
1789595537,885179,THA970  ,Thailand,1789595536,1789595536,76.2148,28.3374,10363.2,False,236.57,292.77,0,,10965.18,,False,0
1789595537,885170,THA950  ,Thailand,1789595536,1789595536,75.156,27.0622,9753.6,False,248.79,292.75,0,,10332.72,,False,0
1789595537,3c64f5,DLH759  ,Germany,1789595535,1789595535,80.1088,12.9724,426.72,False,94.51,277.82,0.98,,320.04,0621,False,0
1789595537,7103d7,SVA871  ,Saudi Arabia,1789595523,1789595535,87.4623,16.6639,10363.2,False,261.53,283.65,-0.33,,11010.9,,False,0
1789595537,4246b4,AHY057  ,United Kingdom,1789595536,1789595536,76.232,28.3025,4259.58,False,174.62,63.59,-3.9,,4419.6,,False,0
1789595537,a9aba2,ETD9682 ,United States,1789595536,1789595536,70.0852,22.9026,11887.2,False,249.64,85.86,0,,12633.96,,False,0
1789595537,151db6,AFL284  ,Russian Federation,1789595536,1789595537,77.6964,29.4006,10668,False,263.96,146.12,0,,11262.36,,False,0
1789595537,7105ac,SVA857  ,Saudi Arabia,1789595536,1789595536,80.4231,13.1267,10355.58,False,260.9,296.46,-0.33,,10988.04,2272,False,0
1789595537,77170d,EXV912  ,Sri Lanka,1789595536,1789595536,83.3405,17.3942,10972.8,False,239.49,226.91,0,,11643.36,4702,False,0
1789595537,70c10c,OMS705  ,Oman,1789595536,1789595536,75.2802,28.1058,11285.22,False,250.63,95.42,0.33,,11955.78,,False,0
1789595537,70c10d,OMS783  ,Oman,1789595536,1789595536,74.0178,15.8753,11277.6,False,233.78,125.05,0,,11971.02,,False,0
1789595537,7609f0,FJL530  ,Pakistan,1789595418,1789595493,71.9534,29.6757,10965.18,False,220.92,228.78,0,,11590.02,,False,0
1789595537,70c0fe,OMA817  ,Oman,1789595519,1789595519,89.6785,17.6901,12496.8,False,240.12,108.75,-0.33,,13228.32,4760,False,0
1789595537,77058f,ALK153  ,Sri Lanka,1789595536,1789595536,80.1417,12.2649,11277.6,False,244.2,346.72,0,,11955.78,7341,False,0
1789595537,88813a,HVN18   ,Viet Nam,1789595537,1789595537,95.5455,21.5909,13114.02,False,240.09,104.9,0,,13845.54,7563,False,0
1789595537,706058,KAC283  ,Kuwait,1789595536,1789595536,88.627,22.963,10668,False,260.82,98.05,0,,11323.32,0460,False,0
1789595537,706064,KAC364  ,Kuwait,1789595536,1789595536,78.7264,8.4915,8206.74,False,239.34,308.72,3.58,,8648.7,,False,0
1789595537,706072,KAC382  ,Kuwait,1789595536,1789595536,75.2442,28.5207,7094.22,False,201.24,271.76,4.23,,7437.12,,False,0
1789595537,7705c1,ALK402  ,Sri Lanka,1789595536,1789595536,94.4686,12.7045,11879.58,False,225.25,62.67,0,,,,False,0
1789595537,706130,JZR531  ,Kuwait,1789595536,1789595536,90.4029,23.8454,,True,9.77,323.44,,,,1433,False,0
1789595537,70612c,JZR432  ,Kuwait,1789595450,1789595450,73.3096,15.533,10355.58,False,240.76,298.32,0.33,,10988.04,,False,0
1789595537,70612d,JZR407  ,Kuwait,1789595536,1789595536,69.399,23.9819,10668,False,244.16,101.55,0,,11346.18,,False,0
1789595537,8880ad,HVN670  ,Viet Nam,1789595537,1789595537,94.6097,14.9743,10066.02,False,238.69,103.59,0,,,,False,0
1789595537,8880e0,HVN31   ,Viet Nam,1789595537,1789595537,74.4513,27.4047,11582.4,False,239.8,299.42,0.33,,12268.2,,False,0
1789595537,888217,VJC910  ,Viet Nam,1789595536,1789595536,92.3362,22.222,10058.4,False,245.33,93.49,-0.33,,10690.86,0340,False,0
1789595537,8940dc,GFA130  ,Bahrain,1789595536,1789595536,75.8852,28.2251,4267.2,False,181.12,88.86,0,,4434.84,,False,0
1789595537,7502cd,XAX605  ,Malaysia,1789595536,1789595536,85.6123,16.8985,11887.2,False,241.41,132.5,0,,12603.48,,False,0
1789595537,76cda3,SIA302  ,Singapore,1789595536,1789595536,84.0979,21.4909,11346.18,False,250.06,311.33,1.63,,12031.98,2230,False,0
1789595537,76cda8,SIA314  ,Singapore,1789595536,1789595536,87.4776,18.5943,10972.8,False,257.05,312.57,0,,11635.74,0174,False,0
1789595537,76cda5,SIA304  ,Singapore,1789595536,1789595536,70.8693,30.8456,12153.9,False,237.86,329.16,1.63,,12793.98,,False,0
1789595537,76cdb5,SIA309  ,Singapore,1789595526,1789595526,88.2837,17.8507,12496.8,False,248.82,135.34,-0.33,,13205.46,4761,False,0
1789595537,76cdb2,SIA312  ,Singapore,1789595400,1789595401,70.5595,30.8936,10972.8,False,254.71,334.26,0,,11551.92,,False,0
1789595537,76cdad,SIA352  ,Singapore,1789595469,1789595469,72.693,30.6632,11582.4,False,243.46,309.34,0,,12199.62,,False,0
1789595537,8966ce,ETD402  ,United Arab Emirates,1789595537,1789595537,83.7859,19.582,11894.82,False,255,110.92,0,,12603.48,,False,0
1789595537,8966af,ABY496  ,United Arab Emirates,1789595536,1789595536,76.9236,13.939,7635.24,False,216.22,122.37,-10.73,,8077.2,,False,0
1789595537,750447,MXD752  ,Malaysia,1789595536,1789595536,77.3264,29.414,11887.2,False,254.46,129.26,0,,12542.52,,False,0
1789595537,75041f,MXD132  ,Malaysia,1789595536,1789595537,79.1014,26.1753,10058.4,False,246.06,151.67,0,,10645.14,,False,0
1789595537,750420,MXD181  ,Malaysia,1789595535,1789595535,96.3053,11.417,11277.6,False,232.8,131.86,0,,11978.64,7777,False,0
1789595537,750423,MXD216  ,Malaysia,1789595537,1789595537,91.5398,15.6939,11887.2,False,237.32,103.8,0,,,,False,0
1789595537,48ae00,LOT71   ,Poland,1789595536,1789595536,77.2634,28.5089,1051.56,False,98.47,280.84,-1.63,,998.22,,False,0
1789595537,76cef9,SIA26   ,Singapore,1789595261,1789595262,70.4327,31.5127,9753.6,False,254.41,346.08,0,,10256.52,,False,0
1789595537,507c4c,UZB553  ,Uzbekistan,1789595536,1789595536,78.8921,26.7307,12496.8,False,254.93,154.16,0,,13205.46,,False,0
1789595537,75059c,MAS119  ,Malaysia,1789595536,1789595536,92.9205,13.3445,11277.6,False,229.92,135.73,0,,,,False,0
1789595537,ab2d5c,N8191X  ,United States,1789595400,1789595400,82.8042,33.2046,,True,6.69,348.75,,,,,False,0
1789595537,86e3ec,JAL754  ,Japan,1789595536,1789595536,82.2871,16.9597,11887.2,False,249.32,49.77,0,,12603.48,,False,0
1789595537,800b62,AXB5976 ,India,1789595536,1789595536,77.3342,27.9997,3878.58,False,146.11,14.48,-4.88,,4046.22,,False,0
1789595537,800b81,SEJ164  ,India,1789595359,1789595359,72.7404,19.2858,3200.4,False,160.72,357.06,6.18,,3032.76,,False,0
1789595537,800c42,AIC2284 ,India,1789595535,1789595536,69.3633,22.8875,10683.24,False,243.45,91.82,0,,11346.18,,False,0
1789595537,800c3a,LLR676  ,India,1789595535,1789595536,79.1275,27.7769,5486.4,False,127.28,306.45,0,,5753.1,,False,0
1789595537,800c4b,AIC2378 ,India,1789595536,1789595536,85.1108,20.7985,10675.62,False,240.02,129.7,0,,11338.56,0526,False,0
1789595537,3c68cb,BCS694  ,Germany,1789595536,1789595536,92.9101,22.4339,12496.8,False,245.58,79.26,0,,13251.18,0451,False,0
1789595537,710061,SVA763  ,Saudi Arabia,1789595279,1789595279,75.0895,12.1477,9753.6,False,263.67,320.07,-0.33,,10332.72,,False,0
1789595537,4cac10,KZR931  ,Ireland,1789595535,1789595535,75.1807,31.323,10058.4,False,264.02,91.67,0,,10607.04,,False,0
1789595537,710055,SVA827  ,Saudi Arabia,1789595536,1789595536,76.1002,8.7495,10363.2,False,262.41,288.4,0,,10965.18,,False,0
1789595537,710053,SVA810  ,Saudi Arabia,1789595535,1789595536,89.3619,23.2069,7368.54,False,244,57.05,-10.08,,7787.64,5272,False,0
1789595537,710057,SVA803  ,Saudi Arabia,1789595537,1789595537,90.0877,23.4144,4808.22,False,175.31,239.3,8.13,,5006.34,4727,False,0
1789595537,800af4,IGO126  ,India,1789595216,1789595271,82.9606,23.2831,11582.4,False,226.65,231.54,0,,12298.68,1430,False,0
1789595537,70e085,SEJ905  ,Cambodia,1789595525,1789595536,80.2867,26.6926,10668,False,245.92,114.21,0,,11292.84,,False,0
1789595537,711486,RXI763  ,Saudi Arabia,1789595537,1789595537,70.5698,24.0829,11277.6,False,268.64,91.54,-0.33,,12001.5,,False,0
1789595537,800bef,AIC2336 ,India,1789595537,1789595537,94.7737,18.5543,11277.6,False,231.51,126.23,-0.33,,11993.88,0512,False,0
1789595537,0100a4,MSR511  ,Egypt,1789595536,1789595537,96.8425,15.2352,10584.18,False,243.98,290.23,3.9,,8862.06,,False,0
1789595557,80163c,IGO1477 ,India,1789595556,1789595556,70.8396,22.8113,9144,False,215.36,266.85,0,,9707.88,,False,0
1789595557,801625,AIC1ZH  ,India,1789595546,1789595553,77.8739,13.2055,1706.88,False,91.07,270.97,-4.55,,1691.64,,False,0
1789595557,8851ea,THA340  ,Thailand,1789595556,1789595556,93.8874,19.7324,10066.02,False,251.24,137.49,0,,,,False,0
1789595557,8851e1,THA344  ,Thailand,1789595556,1789595556,88.8358,18.9922,10058.4,False,242.57,108.93,0,,10675.62,0377,False,0
1789595557,8014af,IGO1486 ,India,1789595496,1789595549,75.4381,14.9295,11887.2,False,228,126.56,0,,12603.48,,False,0
1789595557,885282,THA911  ,Thailand,1789595556,1789595556,95.4392,16.7413,11277.6,False,255.31,124.91,0,,11986.26,3461,False,0
1789595557,80174a,IGO245C ,India,1789595556,1789595556,77.246,28.0545,2743.2,False,139.63,13.42,-0.33,,2811.78,,False,0
1789595557,80174d,VTIWT   ,India,1789595546,1789595549,77.0858,28.5623,,True,9.26,284.06,,,,,False,0
1789595557,801772,IGO1339 ,India,1789595166,1789595330,82.2099,13.3279,10668,False,238.58,116.79,0,,11315.7,0343,False,0
1789595557,80177d,IGO706  ,India,1789595554,1789595554,77.2615,24.9678,10370.82,False,239.6,352.72,0,,11010.9,,False,0
1789595557,8015d8,IGO6037 ,India,1789595253,1789595253,81.8693,21.0717,11582.4,False,232.21,256.55,0,,12306.3,,False,0
1789595557,885307,THA330  ,Thailand,1789595556,1789595556,94.228,15.0747,10668,False,241.82,103.53,0,,,,False,0
1789595557,05a0af,DQA341  ,Maldives,1789595549,1789595551,82.5116,16.4341,12192,False,244.99,213.96,0,,12923.52,1537,False,0
1789595557,88530a,THA338  ,Thailand,1789595557,1789595557,95.9263,13.5638,10668,False,239.32,76.32,0,,,,False,0
1789595557,885313,THA314  ,Thailand,1789595555,1789595555,92.3413,18.679,10668,False,240.08,127.95,-0.33,,,0420,False,0
1789595557,3c4a08,DLH761  ,Germany,1789595556,1789595556,75.5216,28.6081,5867.4,False,211.11,305.28,7.48,,6149.34,,False,0
1789595557,80189d,AIC187  ,India,1789595556,1789595556,69.3889,22.8907,10355.58,False,251.38,272.93,0,,11018.52,,False,0
1789595557,70209f,BBC305  ,Bangladesh,1789595556,1789595556,87.5975,24.9435,10187.94,False,256.55,288.11,3.9,,10820.4,4773,False,0
1789595557,8017a0,IGO2369 ,India,1789595556,1789595556,77.2663,28.3163,2392.68,False,117.48,9.83,-3.58,,2438.4,,False,0
1789595557,8016d7,IGO679P ,India,1789595556,1789595556,78.9206,14.2087,9456.42,False,230.49,306.1,4.88,,10020.3,0211,False,0
1789595557,89618a,UAE363  ,United Arab Emirates,1789595556,1789595556,69.8151,22.8876,12192,False,253.61,273.61,0,,12946.38,,False,0
1789595557,896175,UAE329  ,United Arab Emirates,1789595537,1789595537,73.584,23.0961,10363.2,False,255.95,267.35,0,,10988.04,,False,0
1789595557,80183b,IGO72P  ,India,1789595556,1789595556,75.252,26.9185,10668,False,236.2,28.63,-0.33,,11315.7,,False,0
1789595557,80183a,IGO721  ,India,1789595556,1789595556,74.6484,15.5752,11582.4,False,237.31,354.28,-0.33,,12283.44,,False,0
1789595557,801819,IGO626E ,India,1789595441,1789595448,77.7811,14.7333,9182.1,False,227.04,2.21,5.85,,9738.36,2704,False,0
1789595557,8a0536,GIA089  ,Indonesia,1789595556,1789595556,85.7257,16.7987,10668,False,253.42,132.53,0,,11315.7,,False,0
1789595557,8018e1,IGO426L ,India,1789595557,1789595557,76.8237,26.6803,10058.4,False,240.47,177.55,2.93,,10645.14,,False,0
1789595557,8018dd,IGO012  ,India,1789595453,1789595460,72.4765,24.5059,11887.2,False,233.37,50.1,0,,12618.72,,False,0
1789595557,7020be,UBG382  ,Bangladesh,1789595346,1789595346,90.4044,23.8475,,True,0,53.44,,,,4522,False,0
1789595557,896408,ETD498  ,United Arab Emirates,1789595556,1789595557,79.3787,13.036,10668,False,256.86,110.39,-0.33,,11308.08,1740,False,0
1789595557,896357,ETD973  ,United Arab Emirates,1789595555,1789595556,85.036,22.904,12496.8,False,248.81,94.74,0,,13228.32,1764,False,0
1789595557,896327,ETD476  ,United Arab Emirates,1789595552,1789595552,77.3689,10.5132,10058.4,False,251.5,110.47,0,,10645.14,,False,0
1789595557,4bb0eb,THY45M  ,Turkey,1789595556,1789595556,95.6234,11.859,11887.2,False,242.8,137.15,0,,12603.48,5116,False,0
1789595557,4bb0fa,THY208  ,Turkey,1789595557,1789595557,95.5879,17.9853,12496.8,False,240.04,126.72,0,,13327.38,5117,False,0
1789595557,896303,UAE3KV  ,United Arab Emirates,1789595556,1789595556,68.5321,21.2332,10363.2,False,260.75,293.73,0,,11026.14,,False,0
1789595557,896306,UAE371  ,United Arab Emirates,1789595556,1789595556,92.4501,15.4728,10972.8,False,253.41,283.98,0,,11673.84,,False,0
1789595557,896312,UAE377  ,United Arab Emirates,1789595555,1789595556,85.6921,17.1476,10363.2,False,256.53,286.55,-0.33,,10988.04,,False,0
1789595557,780a0d,CPA632  ,China,1789595548,1789595548,96.9246,13.6189,12313.92,False,232.46,95.21,1.3,,,,False,0
1789595557,80073f,AIC302  ,India,1789595556,1789595556,81.895,25.4059,10668,False,261.57,134.28,0,,11308.08,,False,0
1789595557,780a57,CPA612  ,China,1789595557,1789595557,95.1839,13.0286,12496.8,False,233.26,69.61,0,,,,False,0
1789595557,780a58,CPA624  ,China,1789595556,1789595556,87.8583,20.9573,11277.6,False,244.11,70.04,0,,11986.26,0640,False,0
1789595557,8963ec,UAE7Q   ,United Arab Emirates,1789595556,1789595556,79.1486,14.8416,11582.4,False,261.13,296.82,0,,12260.58,2133,False,0
1789595557,8963e7,UAE374  ,United Arab Emirates,1789595556,1789595556,72.485,23.9587,11887.2,False,259.98,94.2,0,,12618.72,,False,0
1789595557,896536,ETD473  ,United Arab Emirates,1789595405,1789595405,75.4144,9.9943,11574.78,False,265.14,300.3,-0.33,,12260.58,,False,0
1789595557,896535,ETD870  ,United Arab Emirates,1789595556,1789595556,87.6379,22.8512,12496.8,False,251.63,101.68,-0.98,,13235.94,1714,False,0
1789595557,896539,ETD474  ,United Arab Emirates,1789595546,1789595547,77.054,9.5729,11269.98,False,244.24,121.92,0,,11932.92,,False,0
1789595557,89647c,UAE75T  ,United Arab Emirates,1789595554,1789595554,75.5683,9.7846,12192,False,264.97,301.75,0,,12870.18,,False,0
1789595557,896496,ABY518  ,United Arab Emirates,1789595556,1789595556,78.0545,26.2825,11277.6,False,248.6,78.78,0.98,,11963.4,,False,0
1789595557,896473,UAE319  ,United Arab Emirates,1789595556,1789595556,72.0449,22.9845,12192,False,253.32,267.67,0,,12931.14,,False,0
1789595557,896488,ETD401  ,United Arab Emirates,1789595555,1789595555,89.0005,17.9025,10965.18,False,259.97,288.58,0,,11643.36,0711,False,0
1789595557,896451,UAE325  ,United Arab Emirates,1789595533,1789595536,73.5757,23.0791,10972.8,False,257.45,267.59,0,,11666.22,,False,0
1789595557,40688f,BAW35   ,United Kingdom,1789595556,1789595556,80.2782,13.6451,3794.76,False,180.1,169.3,-12.68,,3909.06,5715,False,0
1789595557,89642e,ABY422  ,United Arab Emirates,1789595556,1789595556,76.2464,10.1475,662.94,False,98.45,104.83,-0.33,,594.36,,False,0
1789595557,89642d,ABY410  ,United Arab Emirates,1789595550,1789595550,76.2859,11.1042,6225.54,False,225.89,96.8,-9.1,,9067.8,,False,0
1789595557,8963a2,UAE9785 ,United Arab Emirates,1789595556,1789595557,91.6037,22.2839,9753.6,False,252.62,277.37,0,,10355.58,5345,False,0
1789595557,8964fa,ETD410  ,United Arab Emirates,1789595556,1789595556,91.4439,14.79,12496.8,False,249.54,135,0,,,,False,0
1789595557,8964bf,ETD898  ,United Arab Emirates,1789595556,1789595556,86.7968,22.9346,11879.58,False,255.24,97.41,0,,12595.86,3423,False,0
1789595557,780c01,CES2052 ,China,1789595556,1789595556,90.0302,22.5235,11277.6,False,243.08,92.67,0.33,,12001.5,4000,False,0
1789595557,896660,FDB570  ,United Arab Emirates,1789595556,1789595556,74.3109,14.8686,10972.8,False,244.27,326.08,0,,11635.74,,False,0
1789595557,89664c,ETD218  ,United Arab Emirates,1789595556,1789595556,77.309,28.3978,1524,False,113.82,23.44,-6.83,,1508.76,,False,0
1789595557,780ab6,CPA694  ,China,1789595556,1789595556,92.4532,23.5098,11887.2,False,256.66,93.45,0,,12603.48,0513,False,0
1789595557,885963,TVJ761  ,Thailand,1789595556,1789595556,88.3856,18.1076,9448.8,False,245.49,108.7,0,,10035.54,0315,False,0
1789595557,8964b0,UAE399  ,United Arab Emirates,1789595526,1789595528,83.5409,12.6673,11582.4,False,265.04,296.27,-0.33,,12260.58,,False,0
1789595557,8964c3,ETD432  ,United Arab Emirates,1789595557,1789595557,83.5202,23.0038,11277.6,False,266.39,93.21,-0.33,,11971.02,3407,False,0
1789595557,8964a8,UAE313  ,United Arab Emirates,1789595556,1789595556,85.4229,21.9934,10363.2,False,250.72,262.34,0,,11003.28,6354,False,0
1789595557,76cc75,SIA402  ,Singapore,1789595555,1789595555,86.161,17.8961,10972.8,False,262.35,313.65,-0.33,,11658.6,,False,0
1789595557,484cba,KLM836  ,Kingdom of the Netherlands,1789595556,1789595556,75.6703,26.8953,9144,False,250.3,292.35,0,,9669.78,,False,0
1789595557,76cd43,SIA306  ,Singapore,1789595556,1789595556,77.0727,24.8151,10972.8,False,251.73,300.18,0,,11628.12,,False,0
1789595557,8a08b1,UBA8502 ,Indonesia,1789595512,1789595512,96.2719,17.1403,1325.88,False,111.62,197.43,-6.18,,,,False,0
1789595557,89669a,ETD6RM  ,United Arab Emirates,1789595556,1789595556,77.7515,13.1402,2750.82,False,150.9,98.63,-5.53,,2819.4,,False,0
1789595557,89668b,ABY471  ,United Arab Emirates,1789595557,1789595557,80.2266,13.0118,312.42,False,70.99,249.2,-3.58,,213.36,3433,False,0
1789595557,781fd6,CSS159  ,China,1789595555,1789595555,78.3464,28.3681,4876.8,False,190.51,295.94,-7.15,,5074.92,6002,False,0
1789595557,152036,AFL292  ,Russian Federation,1789595556,1789595556,81.8158,26.6659,11277.6,False,245.27,123.62,0.65,,11948.16,,False,0
1789595557,89408b,GFA152  ,Bahrain,1789595556,1789595556,68.3939,24.1262,11887.2,False,255.24,91.39,-0.33,,12618.72,,False,0
1789595557,899087,EVA095  ,Taiwan,1789595556,1789595556,78.2541,29.4023,10965.18,False,232.71,309.71,0,,11590.02,0432,False,0
1789595557,89907e,EVA065  ,Taiwan,1789595556,1789595556,78.8226,27.998,10355.58,False,246.95,292.02,0.33,,10957.56,0427,False,0
1789595557,899097,EVA062  ,Taiwan,1789595556,1789595556,89.2073,20.8642,11879.58,False,261.88,125.97,0.33,,12611.1,7112,False,0
1789595557,040143,ETH609  ,Ethiopia,1789595556,1789595557,80.5511,12.9518,9753.6,False,258.36,275.37,-0.33,,10325.1,0740,False,0
1789595557,706214,JZR406  ,Kuwait,1789595556,1789595556,75.5385,11.7719,8839.2,False,242.41,330.22,2.93,,9334.5,,False,0
1789595557,040156,ETH3290 ,Ethiopia,1789595556,1789595556,70.6883,22.9228,12496.8,False,240.37,85.83,0,,13243.56,,False,0
1789595557,040126,ETH687  ,Ethiopia,1789595556,1789595556,74.9419,28.5064,7818.12,False,190.6,272.94,3.9,,8221.98,,False,0
1789595557,899036,EVA087  ,Taiwan,1789595272,1789595285,73.9683,30.233,9753.6,False,241.9,311.9,-0.33,,10294.62,2643,False,0
1789595557,8881ff,VJC1806 ,Viet Nam,1789595556,1789595556,93.8619,16.2363,10066.02,False,240.42,110.41,0,,,0374,False,0
1789595557,899017,CAL5663 ,Taiwan,1789595556,1789595556,94.3204,19.2487,10363.2,False,256.9,298.46,0,,11026.14,2630,False,0
1789595557,899013,CAL063  ,Taiwan,1789595556,1789595556,77.6244,29.8345,11582.4,False,226.69,313.62,0,,12222.48,2663,False,0
1789595557,06a3b7,QTR8954 ,Qatar,1789595297,1789595297,72.6376,23.9283,11887.2,False,250.12,94.01,0,,12618.72,,False,0
1789595557,06a376,QTR842  ,Qatar,1789595556,1789595557,80.9708,13.6249,11887.2,False,238.98,110.54,0,,12573,2127,False,0
1789595557,89912f,SJX101  ,Taiwan,1789595320,1789595321,83.6539,22.9968,10972.8,False,247.84,273.21,-0.33,,11635.74,2644,False,0
1789595557,06a2e9,QTR982  ,Qatar,1789595557,1789595557,89.3587,22.548,11887.2,False,254.92,96.84,-0.33,,12618.72,0365,False,0
1789595557,06a2f9,QTR838  ,Qatar,1789595556,1789595556,94.9705,16.6063,11887.2,False,248.54,115.24,-0.33,,12306.3,5635,False,0
1789595557,4ba9c8,THY62Y  ,Turkey,1789595557,1789595557,81.798,27.1802,11887.2,False,254.14,112.62,0,,12573,,False,0
1789595557,06a2c7,QTR8M   ,Qatar,1789595546,1789595556,79.2422,6.936,10363.2,False,263.79,305.39,0,,10949.94,,False,0
1789595557,8990e6,EVA071  ,Taiwan,1789595556,1789595556,80.1677,27.4449,9753.6,False,248.27,317.18,0,,10309.86,6247,False,0
1789595557,040261,ETH673  ,Ethiopia,1789595269,1789595269,83.6594,21.8755,12192,False,246.11,263.16,0,,12900.66,4102,False,0
1789595557,06a062,QTR807  ,Qatar,1789595556,1789595556,70.8409,22.811,10363.2,False,253.22,268.25,0,,11018.52,,False,0
1789595557,a7a9a0,N593MA  ,United States,1789595550,1789595550,82.8058,33.1948,,True,2.83,90,,,,,False,0
1789595557,39cf0f,AFR198  ,France,1789595547,1789595547,80.23,25.9851,11887.2,False,260,129.14,0,,12573,,False,0
1789595557,7c8064,QFA5    ,Australia,1789595554,1789595554,79.6478,14.425,11582.4,False,256.03,346.05,-0.33,,12268.2,1456,False,0
1789595557,80139b,AIC7FM  ,India,1789595555,1789595557,81.0241,26.3507,11277.6,False,238.77,114.3,-0.33,,11940.54,,False,0
1789595557,406c39,VIR303  ,United Kingdom,1789595557,1789595557,72.4495,31.2874,10355.58,False,238.84,263.2,-0.33,,10911.84,,False,0
1789595557,801403,AXB135  ,India,1789595539,1789595539,77.0979,28.5623,,True,7.46,104.06,,,,,False,0
1789595557,801406,AIC112  ,India,1789595527,1789595530,74.2366,26.2944,11879.58,False,252.08,39.7,0,,12611.1,,False,0
1789595557,801454,IGO6129 ,India,1789595555,1789595555,74.7127,15.533,11879.58,False,229.29,158.96,0.33,,12603.48,,False,0
1789595557,801435,AXB920  ,India,1789595556,1789595556,77.364,13.2205,4739.64,False,183.73,100.65,-10.73,,4945.38,,False,0
1789595557,06a10b,QTR830  ,Qatar,1789595480,1789595480,81.1362,18.3509,12496.8,False,246.63,108.74,0,,13213.08,,False,0
1789595557,801530,FQA321  ,India,1789595556,1789595556,76.6211,28.0595,7048.5,False,201.94,204.21,2.28,,7399.02,,False,0
1789595557,06a12a,QTR859  ,Qatar,1789595556,1789595556,87.1044,23.0271,10972.8,False,254.77,305.13,0,,11650.98,6302,False,0
1789595557,06a145,QTR837  ,Qatar,1789595556,1789595556,84.011,17.5782,12192,False,255.69,286.72,0,,12915.9,,False,0
1789595557,801548,AKJ506  ,India,1789595556,1789595556,75.5433,12.423,11277.6,False,225.33,143.26,0,,11955.78,,False,0
1789595557,80159f,AIC308  ,India,1789595556,1789595556,77.0921,28.0559,3901.44,False,174.65,117.55,11.05,,4030.98,,False,0
1789595557,80156e,BDA354  ,India,1789595557,1789595557,76.1238,28.007,5349.24,False,189.63,22.32,-7.8,,5593.08,,False,0
1789595557,06a103,QTR955  ,Qatar,1789595556,1789595556,78.279,8.3199,11582.4,False,263.18,300.68,0,,12237.72,,False,0
1789595557,885102,THA937  ,Thailand,1789595556,1789595556,84.4454,24.69,12496.8,False,254.74,117.81,0,,13205.46,0142,False,0
1789595557,88511a,THA924  ,Thailand,1789595557,1789595557,74.0402,27.5458,12192,False,237.68,301.01,0,,12885.42,,False,0
1789595557,88510a,THA941  ,Thailand,1789595556,1789595556,96.2716,16.2397,12496.8,False,247.25,130.95,-0.33,,13220.7,0410,False,0
1789595557,88510b,THA925  ,Thailand,1789595556,1789595556,93.5229,19.6602,12496.8,False,239.12,83.7,0,,13228.32,1735,False,0
1789595557,885116,THA955  ,Thailand,1789595556,1789595556,75.6295,31.2046,11894.82,False,285.85,98.17,0,,12519.66,,False,0
1789595557,885115,THA326  ,Thailand,1789595555,1789595555,92.7023,12.2453,11887.2,False,252.11,84.73,0,,,,False,0
1789595557,88516c,THA951  ,Thailand,1789595556,1789595556,95.0364,17.0815,10668,False,256.03,122.44,-0.33,,11338.56,0715,False,0
1789595557,8013f8,IGO084  ,India,1789595456,1789595460,77.1072,28.5417,320.04,False,74.12,283.65,-3.25,,213.36,,False,0
1789595557,885156,THA350  ,Thailand,1789595550,1789595551,88.5052,22.6388,11277.6,False,259.79,125.33,0,,11971.02,7272,False,0
1789595557,885177,THA921  ,Thailand,1789595557,1789595557,88.0849,21.4321,11887.2,False,248.72,115.88,0,,12611.1,7644,False,0
1789595557,885179,THA970  ,Thailand,1789595556,1789595556,76.1699,28.3539,10363.2,False,236.64,292.5,0,,10965.18,,False,0
1789595557,885170,THA950  ,Thailand,1789595556,1789595556,75.1094,27.0797,9753.6,False,248.32,292.79,0,,10332.72,,False,0
1789595557,3c64f5,DLH759  ,Germany,1789595556,1789595556,80.0903,12.9766,480.06,False,104.47,287.19,2.93,,381,0621,False,0
1789595557,7103d7,SVA871  ,Saudi Arabia,1789595523,1789595535,87.4623,16.6639,10363.2,False,261.53,283.65,-0.33,,11010.9,,False,0
1789595557,4246b4,AHY057  ,United Kingdom,1789595556,1789595556,76.2638,28.3166,4183.38,False,175.08,63.66,-4.23,,4351.02,,False,0
1789595557,a9aba2,ETD9682 ,United States,1789595556,1789595556,70.1317,22.9057,11887.2,False,249.64,85.86,0,,12633.96,,False,0
1789595557,151db6,AFL284  ,Russian Federation,1789595557,1789595557,77.7278,29.3598,10668,False,264.68,146.09,0,,11262.36,,False,0
1789595557,7105ac,SVA857  ,Saudi Arabia,1789595556,1789595556,80.3792,13.1481,10363.2,False,260.9,296.46,0,,10995.66,2272,False,0
1789595557,77170d,EXV912  ,Sri Lanka,1789595556,1789595556,83.3083,17.3653,10972.8,False,239.49,226.91,0,,11643.36,4702,False,0
1789595557,70c10c,OMS705  ,Oman,1789595556,1789595556,75.3309,28.1015,11292.84,False,251.7,95.51,0,,11963.4,,False,0
1789595557,70c10d,OMS783  ,Oman,1789595550,1789595551,74.0449,15.857,11277.6,False,233.48,124.95,0,,11963.4,,False,0
1789595557,7609f0,FJL530  ,Pakistan,1789595418,1789595493,71.9534,29.6757,10965.18,False,220.92,228.78,0,,11590.02,,False,0
1789595557,70c0fe,OMA817  ,Oman,1789595519,1789595519,89.6785,17.6901,12496.8,False,240.12,108.75,-0.33,,13228.32,4760,False,0
1789595557,77058f,ALK153  ,Sri Lanka,1789595556,1789595556,80.1301,12.3094,11277.6,False,244.56,345.38,0,,11955.78,7341,False,0
1789595557,88813a,HVN18   ,Viet Nam,1789595557,1789595557,95.591,21.5813,13114.02,False,239.72,101.26,0.33,,13845.54,7563,False,0
1789595557,706058,KAC283  ,Kuwait,1789595556,1789595556,88.6773,22.9564,10660.38,False,260.31,98.07,-1.3,,11315.7,0460,False,0
1789595557,706064,KAC364  ,Kuwait,1789595548,1789595548,78.7061,8.5076,8244.84,False,240.47,308.66,3.58,,8694.42,,False,0
1789595557,706072,KAC382  ,Kuwait,1789595556,1789595556,75.2024,28.5218,7170.42,False,203.81,271.74,2.93,,7528.56,,False,0
1789595557,7705c1,ALK402  ,Sri Lanka,1789595557,1789595557,94.5058,12.7233,11879.58,False,225.02,62.79,0,,,,False,0
1789595557,706130,JZR531  ,Kuwait,1789595556,1789595556,90.4018,23.8467,,True,9.26,323.44,,,,1433,False,0
1789595557,70612c,JZR432  ,Kuwait,1789595450,1789595450,73.3096,15.533,10355.58,False,240.76,298.32,0.33,,10988.04,,False,0
1789595557,70612d,JZR407  ,Kuwait,1789595556,1789595556,69.4468,23.9729,10668,False,241.53,101.55,0.33,,11346.18,,False,0
1789595557,8880ad,HVN670  ,Viet Nam,1789595557,1789595557,94.6525,14.9643,10066.02,False,238.57,103.47,0,,,,False,0
1789595557,8880e0,HVN31   ,Viet Nam,1789595557,1789595557,74.4089,27.426,11582.4,False,239.99,299.26,-0.65,,12260.58,,False,0
1789595557,888217,VJC910  ,Viet Nam,1789595556,1789595556,92.3824,22.2194,10058.4,False,245.36,93.61,0,,10690.86,0340,False,0
1789595557,8940dc,GFA130  ,Bahrain,1789595556,1789595556,75.9231,28.2289,4259.58,False,181.63,77.74,0,,4434.84,,False,0
1789595557,7502cd,XAX605  ,Malaysia,1789595555,1789595556,85.6441,16.8705,11887.2,False,241.06,132.41,0,,12603.48,,False,0
1789595557,76cda3,SIA302  ,Singapore,1789595553,1789595556,84.0676,21.5159,11376.66,False,250.06,311.33,2.93,,12054.84,2230,False,0
1789595557,76cda8,SIA314  ,Singapore,1789595556,1789595557,87.4422,18.6253,10972.8,False,256.67,312.64,0,,11635.74,0174,False,0
1789595557,76cda5,SIA304  ,Singapore,1789595556,1789595556,70.8442,30.8818,12161.52,False,238.3,329.23,0.33,,12801.6,,False,0
1789595557,76cdb5,SIA309  ,Singapore,1789595557,1789595557,88.3351,17.8008,12496.8,False,248.46,135.42,0,,13205.46,4761,False,0
1789595557,76cdb2,SIA312  ,Singapore,1789595400,1789595401,70.5595,30.8936,10972.8,False,254.71,334.26,0,,11551.92,,False,0
1789595557,76cdad,SIA352  ,Singapore,1789595469,1789595469,72.693,30.6632,11582.4,False,243.46,309.34,0,,12199.62,,False,0
1789595557,8966ce,ETD402  ,United Arab Emirates,1789595556,1789595557,83.8313,19.5655,11887.2,False,255.48,110.88,0,,12595.86,,False,0
1789595557,8966af,ABY496  ,United Arab Emirates,1789595556,1789595556,76.957,13.9184,7414.26,False,212.51,122.34,-9.43,,7856.22,,False,0
1789595557,750447,MXD752  ,Malaysia,1789595556,1789595556,77.3675,29.3846,11887.2,False,252.69,129.13,0,,12542.52,,False,0
1789595557,75041f,MXD132  ,Malaysia,1789595556,1789595557,79.1243,26.137,10058.4,False,246.06,151.67,0,,10652.76,,False,0
1789595557,750420,MXD181  ,Malaysia,1789595555,1789595555,96.337,11.3857,11277.6,False,233.58,136.07,0.33,,11978.64,7777,False,0
1789595557,750423,MXD216  ,Malaysia,1789595557,1789595557,91.5827,15.6836,11887.2,False,237.94,103.89,0,,,,False,0
1789595557,48ae00,LOT71   ,Poland,1789595556,1789595556,77.2434,28.5124,1013.46,False,96.87,282.26,-5.2,,960.12,,False,0
1789595557,76cef9,SIA26   ,Singapore,1789595261,1789595262,70.4327,31.5127,9753.6,False,254.41,346.08,0,,10256.52,,False,0
1789595557,507c4c,UZB553  ,Uzbekistan,1789595556,1789595556,78.9142,26.6898,12496.8,False,254.93,154.16,-0.33,,13205.46,,False,0
1789595557,75059c,MAS119  ,Malaysia,1789595555,1789595555,92.9503,13.3145,11277.6,False,229.56,135.82,0,,,,False,0
1789595557,ab2d5c,N8191X  ,United States,1789595400,1789595400,82.8042,33.2046,,True,6.69,348.75,,,,,False,0
1789595557,86e3ec,JAL754  ,Japan,1789595556,1789595556,82.3226,16.9885,11879.58,False,249.38,49.94,0.33,,12595.86,,False,0
1789595557,800b62,AXB5976 ,India,1789595556,1789595556,77.3441,28.0249,3787.14,False,145.49,21.58,-3.58,,3947.16,,False,0
1789595557,800b81,SEJ164  ,India,1789595359,1789595359,72.7404,19.2858,3200.4,False,160.72,357.06,6.18,,3032.76,,False,0
1789595557,800c42,AIC2284 ,India,1789595556,1789595556,69.4119,22.8862,10683.24,False,243.44,91.7,0,,11346.18,,False,0
1789595557,800c3a,LLR676  ,India,1789595555,1789595556,79.1068,27.7904,5486.4,False,127.28,306.45,0,,5760.72,,False,0
1789595557,800c4b,AIC2378 ,India,1789595556,1789595556,85.1461,20.7708,10675.62,False,239.96,129.87,-0.33,,11338.56,0526,False,0
1789595557,3c68cb,BCS694  ,Germany,1789595556,1789595556,92.9575,22.4423,12496.8,False,245.07,79.23,0.33,,13251.18,0451,False,0
1789595557,710061,SVA763  ,Saudi Arabia,1789595279,1789595279,75.0895,12.1477,9753.6,False,263.67,320.07,-0.33,,10332.72,,False,0
1789595557,4cac10,KZR931  ,Ireland,1789595538,1789595540,75.1865,31.3228,10058.4,False,264.01,91.56,0,,10607.04,,False,0
1789595557,710055,SVA827  ,Saudi Arabia,1789595556,1789595556,76.0543,8.7648,10363.2,False,261.92,288.43,0,,10965.18,,False,0
1789595557,710053,SVA810  ,Saudi Arabia,1789595556,1789595556,89.4038,23.2319,7162.8,False,241.16,57.19,-10.08,,7559.04,5272,False,0
1789595557,710057,SVA803  ,Saudi Arabia,1789595556,1789595556,90.0586,23.3987,4968.24,False,177.27,239.86,7.8,,5189.22,4727,False,0
1789595557,800af4,IGO126  ,India,1789595216,1789595271,82.9606,23.2831,11582.4,False,226.65,231.54,0,,12298.68,1430,False,0
1789595557,70e085,SEJ905  ,Cambodia,1789595555,1789595555,80.3533,26.6656,10660.38,False,246.23,113.78,0,,11285.22,,False,0
1789595557,711486,RXI763  ,Saudi Arabia,1789595556,1789595557,70.6219,24.0815,11277.6,False,268.14,91.65,-0.33,,12001.5,,False,0
1789595557,800bef,AIC2336 ,India,1789595547,1789595549,94.7929,18.5412,11277.6,False,230.61,125.92,0,,11993.88,0512,False,0
1789595557,0100a4,MSR511  ,Egypt,1789595556,1789595556,96.8001,15.2503,10675.62,False,244.46,290.19,4.23,,8862.06,,False,0
1789595575,80163c,IGO1477 ,India,1789595574,1789595574,70.8018,22.8108,9144,False,214.55,270.96,0.33,,9707.88,,False,0
1789595575,801625,AIC1ZH  ,India,1789595574,1789595574,77.851,13.2057,1584.96,False,88.49,270.33,-3.9,,1584.96,,False,0
1789595575,8851ea,THA340  ,Thailand,1789595574,1789595574,93.9166,19.7021,10066.02,False,250.89,137.58,0.33,,,,False,0
1789595575,8851e1,THA344  ,Thailand,1789595569,1789595569,88.8633,18.9833,10058.4,False,242.89,108.78,0,,10675.62,0377,False,0
1789595575,8014af,IGO1486 ,India,1789595496,1789595549,75.4381,14.9295,11887.2,False,228,126.56,0,,12603.48,,False,0
1789595575,885282,THA911  ,Thailand,1789595575,1789595575,95.4755,16.7174,11277.6,False,255.26,124.07,0,,11986.26,3461,False,0
1789595575,80174a,IGO245C ,India,1789595574,1789595574,77.2521,28.0766,2743.2,False,142.61,13.99,-0.33,,2811.78,,False,0
1789595575,80174d,VTIWT   ,India,1789595546,1789595549,77.0858,28.5623,,True,9.26,284.06,,,,,False,0
1789595575,801772,IGO1339 ,India,1789595166,1789595330,82.2099,13.3279,10668,False,238.58,116.79,0,,11315.7,0343,False,0
1789595575,80177d,IGO706  ,India,1789595560,1789595566,77.2595,24.9828,10370.82,False,239.92,354.22,0,,11003.28,,False,0
1789595575,885307,THA330  ,Thailand,1789595574,1789595574,94.2669,15.0656,10668,False,241.94,103.65,0,,,,False,0
1789595575,05a0af,DQA341  ,Maldives,1789595572,1789595572,82.4826,16.3925,12192,False,244.99,213.96,0,,12923.52,1537,False,0
1789595575,88530a,THA338  ,Thailand,1789595575,1789595575,95.9649,13.5731,10668,False,239.69,75.96,0,,,,False,0
1789595575,885313,THA314  ,Thailand,1789595574,1789595574,92.3742,18.6546,10668,False,240.08,127.95,0.33,,,0420,False,0
1789595575,3c4a08,DLH761  ,Germany,1789595573,1789595573,75.491,28.6276,5974.08,False,211.64,306.9,5.85,,6248.4,,False,0
1789595575,80189d,AIC187  ,India,1789595574,1789595574,69.3448,22.8927,10363.2,False,251.38,272.93,0,,11026.14,,False,0
1789595575,70209f,BBC305  ,Bangladesh,1789595575,1789595575,87.552,24.9571,10264.14,False,256.55,288.11,4.55,,10904.22,4773,False,0
1789595575,8017a0,IGO2369 ,India,1789595574,1789595574,77.2699,28.3347,2331.72,False,112.83,9.98,-4.55,,2369.82,,False,0
1789595575,8016d7,IGO679P ,India,1789595573,1789595574,78.8897,14.2306,9540.24,False,230.91,306.03,3.9,,10111.74,0211,False,0
1789595575,89618a,UAE363  ,United Arab Emirates,1789595573,1789595574,69.7718,22.8901,12192,False,253.09,273.61,0,,12946.38,,False,0
1789595575,896175,UAE329  ,United Arab Emirates,1789595537,1789595537,73.584,23.0961,10363.2,False,255.95,267.35,0,,10988.04,,False,0
1789595575,80183b,IGO72P  ,India,1789595574,1789595574,75.2727,26.9525,10668,False,236.65,28.57,0,,11315.7,,False,0
1789595575,80183a,IGO721  ,India,1789595573,1789595573,74.6444,15.6128,11582.4,False,236.85,354.14,0.33,,12283.44,,False,0
1789595575,801819,IGO626E ,India,1789595441,1789595448,77.7811,14.7333,9182.1,False,227.04,2.21,5.85,,9738.36,2704,False,0
1789595575,8a0536,GIA089  ,Indonesia,1789595574,1789595574,85.7578,16.7704,10668,False,253.42,132.53,0,,11315.7,,False,0
1789595575,8018e1,IGO426L ,India,1789595574,1789595574,76.8255,26.6421,10111.74,False,241,177.43,2.6,,10706.1,,False,0
1789595575,8018dd,IGO012  ,India,1789595453,1789595460,72.4765,24.5059,11887.2,False,233.37,50.1,0,,12618.72,,False,0
1789595575,7020be,UBG382  ,Bangladesh,1789595346,1789595346,90.4044,23.8475,,True,0,53.44,,,,4522,False,0
1789595575,896408,ETD498  ,United Arab Emirates,1789595575,1789595575,79.4201,13.0211,10660.38,False,256.46,109.82,0,,11308.08,1740,False,0
1789595575,896357,ETD973  ,United Arab Emirates,1789595574,1789595574,85.0807,22.9006,12496.8,False,248.77,94.63,0,,13228.32,1764,False,0
1789595575,896327,ETD476  ,United Arab Emirates,1789595552,1789595561,77.3689,10.5132,10058.4,False,251.2,110.62,0,,10645.14,,False,0
1789595575,4bb0eb,THY45M  ,Turkey,1789595574,1789595574,95.6496,11.8313,11887.2,False,243.15,137.06,0,,12603.48,5116,False,0
1789595575,4bb0fa,THY208  ,Turkey,1789595575,1789595575,95.6201,17.9623,12496.8,False,238.91,126.77,0,,13327.38,5117,False,0
1789595575,896303,UAE3KV  ,United Arab Emirates,1789595574,1789595574,68.4916,21.2498,10363.2,False,260.55,293.63,0,,11026.14,,False,0
1789595575,896306,UAE371  ,United Arab Emirates,1789595575,1789595575,92.4083,15.4829,10972.8,False,253.53,284.09,0,,11673.84,,False,0
1789595575,896312,UAE377  ,United Arab Emirates,1789595574,1789595574,85.648,17.1601,10363.2,False,257.02,286.51,0.33,,10988.04,,False,0
1789595575,780a0d,CPA632  ,China,1789595559,1789595559,96.9483,13.6167,12321.54,False,233.07,95.45,1.63,,,,False,0
1789595575,80073f,AIC302  ,India,1789595574,1789595574,81.9287,25.3761,10660.38,False,261.57,134.28,0,,11300.46,,False,0
1789595575,780a57,CPA612  ,China,1789595574,1789595575,95.2203,13.041,12496.8,False,232.96,71.73,0.33,,,,False,0
1789595575,780a58,CPA624  ,China,1789595574,1789595574,87.8975,20.9707,11277.6,False,244.11,70.04,0,,11986.26,0640,False,0
1789595575,8963ec,UAE7Q   ,United Arab Emirates,1789595574,1789595574,79.1106,14.8602,11582.4,False,261.59,296.77,0,,12260.58,2133,False,0
1789595575,8963e7,UAE374  ,United Arab Emirates,1789595559,1789595559,72.4924,23.9582,11887.2,False,259.98,94.2,0,,12618.72,,False,0
1789595575,896536,ETD473  ,United Arab Emirates,1789595405,1789595405,75.4144,9.9943,11574.78,False,265.14,300.3,-0.33,,12260.58,,False,0
1789595575,896535,ETD870  ,United Arab Emirates,1789595574,1789595574,87.6815,22.8429,12489.18,False,251.73,101.79,-0.33,,13228.32,1714,False,0
1789595575,896539,ETD474  ,United Arab Emirates,1789595573,1789595574,77.105,9.5413,11277.6,False,244.24,121.92,0,,11940.54,,False,0
1789595575,89647c,UAE75T  ,United Arab Emirates,1789595554,1789595554,75.5683,9.7846,12192,False,264.97,301.75,0,,12870.18,,False,0
1789595575,896496,ABY518  ,United Arab Emirates,1789595574,1789595574,78.098,26.2902,11277.6,False,250.21,78.74,-0.33,,11963.4,,False,0
1789595575,896473,UAE319  ,United Arab Emirates,1789595575,1789595575,71.9999,22.9828,12192,False,252.8,267.67,0,,12931.14,,False,0
1789595575,896488,ETD401  ,United Arab Emirates,1789595575,1789595575,88.9557,17.917,10972.8,False,260.45,288.54,-0.33,,11650.98,0711,False,0
1789595575,896451,UAE325  ,United Arab Emirates,1789595533,1789595536,73.5757,23.0791,10972.8,False,257.45,267.59,0,,11666.22,,False,0
1789595575,40688f,BAW35   ,United Kingdom,1789595574,1789595574,80.2837,13.6161,3573.78,False,178.39,169.53,-13,,3672.84,5715,False,0
1789595575,89642e,ABY422  ,United Arab Emirates,1789595574,1789595574,76.2619,10.1463,655.32,False,88.5,91,-0.33,,586.74,,False,0
1789595575,89642d,ABY410  ,United Arab Emirates,1789595550,1789595550,76.2859,11.1042,6225.54,False,225.89,96.8,-9.1,,9067.8,,False,0
1789595575,8963a2,UAE9785 ,United Arab Emirates,1789595574,1789595575,91.5591,22.2892,9753.6,False,252.56,277.26,0,,10355.58,5345,False,0
1789595575,8964fa,ETD410  ,United Arab Emirates,1789595574,1789595574,91.4745,14.7603,12496.8,False,249.55,134.83,0,,,,False,0
1789595575,8964bf,ETD898  ,United Arab Emirates,1789595575,1789595575,86.8425,22.9285,11879.58,False,255.17,98.93,0.33,,12595.86,3423,False,0
1789595575,780c01,CES2052 ,China,1789595574,1789595574,90.0734,22.5216,11277.6,False,243.6,92.66,0,,12001.5,4000,False,0
1789595575,896660,FDB570  ,United Arab Emirates,1789595574,1789595574,74.2886,14.901,10972.8,False,244.41,326.24,0,,11635.74,,False,0
1789595575,89664c,ETD218  ,United Arab Emirates,1789595574,1789595574,77.3174,28.4148,1424.94,False,114.24,23.91,-5.53,,1402.08,,False,0
1789595575,780ab6,CPA694  ,China,1789595574,1789595574,92.5002,23.5072,11887.2,False,257.17,93.44,0,,12603.48,0513,False,0
1789595575,885963,TVJ761  ,Thailand,1789595572,1789595572,88.4201,18.0964,9456.42,False,245.65,108.81,0,,10043.16,0315,False,0
1789595575,8964b0,UAE399  ,United Arab Emirates,1789595526,1789595528,83.5409,12.6673,11582.4,False,265.04,296.27,-0.33,,12260.58,,False,0
1789595575,8964c3,ETD432  ,United Arab Emirates,1789595571,1789595572,83.5569,23.0019,11269.98,False,266.36,93.1,0,,11963.4,3407,False,0
1789595575,8964a8,UAE313  ,United Arab Emirates,1789595572,1789595573,85.3833,21.9884,10363.2,False,250.79,262.22,0,,11003.28,6354,False,0
1789595575,76cc75,SIA402  ,Singapore,1789595573,1789595574,86.1297,17.9247,10972.8,False,261.99,313.57,-0.33,,11650.98,,False,0
1789595575,484cba,KLM836  ,Kingdom of the Netherlands,1789595574,1789595574,75.6285,26.9107,9144,False,249.82,292.39,0,,9669.78,,False,0
1789595575,76cd43,SIA306  ,Singapore,1789595574,1789595574,77.034,24.8356,10972.8,False,252.18,300.12,0,,11628.12,,False,0
1789595575,8a08b1,UBA8502 ,Indonesia,1789595512,1789595512,96.2719,17.1403,1325.88,False,111.62,197.43,-6.18,,,,False,0
1789595575,89669a,ETD6RM  ,United Arab Emirates,1789595574,1789595574,77.7754,13.1367,2667,False,146.24,98.7,-2.6,,2720.34,,False,0
1789595575,89668b,ABY471  ,United Arab Emirates,1789595574,1789595574,80.2158,13.0078,251.46,False,71.47,249.35,-3.58,,144.78,3433,False,0
1789595575,781fd6,CSS159  ,China,1789595574,1789595574,78.3138,28.3821,4739.64,False,187.06,295.93,-7.8,,4922.52,6002,False,0
1789595575,152036,AFL292  ,Russian Federation,1789595574,1789595574,81.8522,26.6442,11277.6,False,244.56,123.59,-0.33,,11948.16,,False,0
1789595575,89408b,GFA152  ,Bahrain,1789595574,1789595574,68.4399,24.1251,11879.58,False,255.25,91.5,0,,12611.1,,False,0
1789595575,899087,EVA095  ,Taiwan,1789595574,1789595574,78.2212,29.4263,10972.8,False,232.71,309.71,0,,11590.02,0432,False,0
1789595575,89907e,EVA065  ,Taiwan,1789595574,1789595574,78.781,28.013,10363.2,False,246.86,292.29,-0.33,,10965.18,0427,False,0
1789595575,899097,EVA062  ,Taiwan,1789595573,1789595574,89.241,20.8412,11887.2,False,262.3,125.9,0.33,,12618.72,7112,False,0
1789595575,040143,ETH609  ,Ethiopia,1789595574,1789595574,80.5088,12.9557,9745.98,False,258.31,275.26,0.33,,10317.48,0740,False,0
1789595575,706214,JZR406  ,Kuwait,1789595574,1789595574,75.5164,11.8059,8892.54,False,243.01,325.44,3.58,,9395.46,,False,0
1789595575,040156,ETH3290 ,Ethiopia,1789595574,1789595574,70.7298,22.9256,12496.8,False,240.37,85.83,0,,13243.56,,False,0
1789595575,040126,ETH687  ,Ethiopia,1789595574,1789595574,74.907,28.508,7879.08,False,192.14,272.92,3.58,,8282.94,,False,0
1789595575,899036,EVA087  ,Taiwan,1789595272,1789595285,73.9683,30.233,9753.6,False,241.9,311.9,-0.33,,10294.62,2643,False,0
1789595575,8881ff,VJC1806 ,Viet Nam,1789595574,1789595574,93.8997,16.2227,10058.4,False,240.42,110.41,0,,,0374,False,0
1789595575,899017,CAL5663 ,Taiwan,1789595574,1789595574,94.2822,19.2683,10363.2,False,256.65,298.36,0,,11026.14,2630,False,0
1789595575,899013,CAL063  ,Taiwan,1789595574,1789595574,77.5943,29.8596,11582.4,False,227.42,313.63,0.33,,12214.86,2663,False,0
1789595575,06a3b7,QTR8954 ,Qatar,1789595297,1789595297,72.6376,23.9283,11887.2,False,250.12,94.01,0,,12618.72,,False,0
1789595575,06a376,QTR842  ,Qatar,1789595575,1789595575,81.0089,13.6109,11887.2,False,238.5,110.58,0,,12573,2127,False,0
1789595575,89912f,SJX101  ,Taiwan,1789595320,1789595321,83.6539,22.9968,10972.8,False,247.84,273.21,-0.33,,11635.74,2644,False,0
1789595575,06a2e9,QTR982  ,Qatar,1789595575,1789595575,89.4021,22.5432,11879.58,False,254.92,96.84,0,,12611.1,0365,False,0
1789595575,06a2f9,QTR838  ,Qatar,1789595574,1789595574,95.0083,16.5891,11887.2,False,248.76,115.35,-0.33,,12306.3,5635,False,0
1789595575,4ba9c8,THY62Y  ,Turkey,1789595574,1789595574,81.8394,27.1648,11887.2,False,254.14,112.62,0,,12573,,False,0
1789595575,06a2c7,QTR8M   ,Qatar,1789595572,1789595574,79.1905,6.9727,10363.2,False,263.49,305.3,0,,10957.56,,False,0
1789595575,8990e6,EVA071  ,Taiwan,1789595574,1789595574,80.1377,27.4737,9753.6,False,248.27,317.18,0.65,,10309.86,6247,False,0
1789595575,040261,ETH673  ,Ethiopia,1789595269,1789595269,83.6594,21.8755,12192,False,246.11,263.16,0,,12900.66,4102,False,0
1789595575,06a062,QTR807  ,Qatar,1789595574,1789595574,70.7973,22.8111,10363.2,False,253.18,271.4,0,,11018.52,,False,0
1789595575,a7a9a0,N593MA  ,United States,1789595559,1789595561,82.806,33.1948,,True,0.06,171.56,,,,,False,0
1789595575,06a072,QTR898  ,Qatar,1789595573,1789595573,78.3735,15.247,9448.8,False,262.05,116.46,0,,10005.06,2131,False,0
1789595575,39cf0f,AFR198  ,France,1789595573,1789595574,80.2818,25.9471,11887.2,False,260.32,129.23,-0.33,,12573,,False,0
1789595575,7c8064,QFA5    ,Australia,1789595559,1789595559,79.6452,14.4353,11582.4,False,255.53,346.02,-0.33,,12268.2,1456,False,0
1789595575,80139b,AIC7FM  ,India,1789595574,1789595574,81.0653,26.3339,11277.6,False,240.38,114.26,0,,11940.54,,False,0
1789595575,406c39,VIR303  ,United Kingdom,1789595575,1789595575,72.4043,31.2828,10363.2,False,238.21,263.43,-0.65,,10911.84,,False,0
1789595575,801403,AXB135  ,India,1789595539,1789595539,77.0979,28.5623,,True,7.46,104.06,,,,,False,0
1789595575,801406,AIC112  ,India,1789595527,1789595530,74.2366,26.2944,11879.58,False,252.08,39.7,0,,12611.1,,False,0
1789595575,801454,IGO6129 ,India,1789595574,1789595574,74.7275,15.4956,11887.2,False,228.81,158.92,0,,12603.48,,False,0
1789595575,801435,AXB920  ,India,1789595574,1789595574,77.3933,13.2151,4564.38,False,182.82,100.87,-6.83,,4747.26,,False,0
1789595575,06a10b,QTR830  ,Qatar,1789595566,1789595569,81.3247,18.2899,12496.8,False,247.12,108.7,0,,13205.46,,False,0
1789595575,801530,FQA321  ,India,1789595574,1789595574,76.6062,28.03,7124.7,False,207.69,204.28,4.88,,7482.84,,False,0
1789595575,06a12a,QTR859  ,Qatar,1789595573,1789595574,87.0682,23.0496,10972.8,False,254.82,301.8,-0.33,,11650.98,6302,False,0
1789595575,06a145,QTR837  ,Qatar,1789595574,1789595574,83.9687,17.5904,12192,False,255.19,286.75,0,,12915.9,,False,0
1789595575,801548,AKJ506  ,India,1789595573,1789595574,75.565,12.3945,11277.6,False,225.43,143.44,-0.33,,11948.16,,False,0
1789595575,80159f,AIC308  ,India,1789595574,1789595574,77.1206,28.0428,4061.46,False,177.67,117.97,5.2,,4198.62,,False,0
1789595575,80156e,BDA354  ,India,1789595574,1789595575,76.1365,28.0349,5219.7,False,187.72,21.71,-7.48,,5448.3,,False,0
1789595575,06a103,QTR955  ,Qatar,1789595574,1789595574,78.2415,8.3421,11582.4,False,263.18,300.68,0,,12237.72,,False,0
1789595575,885102,THA937  ,Thailand,1789595574,1789595574,84.4843,24.6713,12496.8,False,254.29,117.86,0,,13205.46,0142,False,0
1789595575,88511a,THA924  ,Thailand,1789595574,1789595574,74.0039,27.5653,12192,False,238.12,300.94,0,,12885.42,,False,0
1789595575,88510a,THA941  ,Thailand,1789595574,1789595574,96.3027,16.2129,12496.8,False,247.92,132.73,0,,13220.7,0410,False,0
1789595575,88510b,THA925  ,Thailand,1789595574,1789595574,93.564,19.662,12496.8,False,239.77,90.98,0,,13228.32,1735,False,0
1789595575,885116,THA955  ,Thailand,1789595574,1789595574,75.6815,31.195,11887.2,False,286.15,105.11,-0.33,,12512.04,,False,0
1789595575,885115,THA326  ,Thailand,1789595574,1789595574,92.7447,12.2492,11887.2,False,252.63,84.74,0,,,,False,0
1789595575,88516c,THA951  ,Thailand,1789595574,1789595574,95.0728,17.0592,10668,False,256.03,122.44,0,,11338.56,0715,False,0
1789595575,8013f8,IGO084  ,India,1789595456,1789595460,77.1072,28.5417,320.04,False,74.12,283.65,-3.25,,213.36,,False,0
1789595575,885156,THA350  ,Thailand,1789595573,1789595574,88.5525,22.6077,11277.6,False,259.79,125.33,0,,11971.02,7272,False,0
1789595575,885177,THA921  ,Thailand,1789595574,1789595574,88.123,21.4148,11887.2,False,248.94,115.98,0,,12611.1,7644,False,0
1789595575,885179,THA970  ,Thailand,1789595573,1789595574,76.1314,28.3681,10363.2,False,237.04,292.73,0,,10965.18,,False,0
1789595575,885170,THA950  ,Thailand,1789595574,1789595574,75.0684,27.0951,9753.6,False,248.32,292.79,0,,10332.72,,False,0
1789595575,3c64f5,DLH759  ,Germany,1789595574,1789595574,80.0735,12.9823,510.54,False,114.46,290.8,2.6,,411.48,0621,False,0
1789595575,7103d7,SVA871  ,Saudi Arabia,1789595523,1789595535,87.4623,16.6639,10363.2,False,261.53,283.65,-0.33,,11010.9,,False,0
1789595575,4246b4,AHY057  ,United Kingdom,1789595574,1789595574,76.2928,28.3293,4107.18,False,174.16,63.51,-3.9,,4259.58,,False,0
1789595575,a9aba2,ETD9682 ,United States,1789595574,1789595574,70.1762,22.9086,11887.2,False,249.64,85.86,0,,12633.96,,False,0
1789595575,151db6,AFL284  ,Russian Federation,1789595574,1789595575,77.7548,29.3246,10668,False,264.68,146.09,0,,11262.36,,False,0
1789595575,7105ac,SVA857  ,Saudi Arabia,1789595574,1789595574,80.3411,13.1666,10363.2,False,260.9,296.46,0,,10995.66,2272,False,0
1789595575,77170d,EXV912  ,Sri Lanka,1789595574,1789595574,83.2788,17.3387,10972.8,False,239.49,226.91,0,,11643.36,4702,False,0
1789595575,70c10c,OMS705  ,Oman,1789595574,1789595574,75.3767,28.0975,11292.84,False,252.21,95.5,-0.33,,11963.4,,False,0
1789595575,70c10d,OMS783  ,Oman,1789595569,1789595573,74.0771,15.8352,11277.6,False,232.77,124.92,0.33,,11963.4,,False,0
1789595575,7609f0,FJL530  ,Pakistan,1789595418,1789595493,71.9534,29.6757,10965.18,False,220.92,228.78,0,,11590.02,,False,0
1789595575,70c0fe,OMA817  ,Oman,1789595519,1789595519,89.6785,17.6901,12496.8,False,240.12,108.75,-0.33,,13228.32,4760,False,0
1789595575,77058f,ALK153  ,Sri Lanka,1789595574,1789595575,80.1201,12.3474,11277.6,False,244.8,345.64,0,,11955.78,7341,False,0
1789595575,88813a,HVN18   ,Viet Nam,1789595575,1789595575,95.6323,21.5735,13106.4,False,240.42,101.48,-0.33,,13845.54,7563,False,0
1789595575,706058,KAC283  ,Kuwait,1789595574,1789595574,88.7226,22.9505,10584.18,False,259.8,98.08,-6.83,,11239.5,0460,False,0
1789595575,706064,KAC364  ,Kuwait,1789595574,1789595574,78.6612,8.5433,8336.28,False,241.99,308.53,3.58,,8793.48,,False,0
1789595575,706072,KAC382  ,Kuwait,1789595574,1789595574,75.1648,28.5228,7223.76,False,206.37,271.57,2.6,,7574.28,,False,0
1789595575,7705c1,ALK402  ,Sri Lanka,1789595575,1789595575,94.5388,12.7399,11879.58,False,224.78,62.91,0,,,,False,0
1789595575,706130,JZR531  ,Kuwait,1789595574,1789595574,90.4008,23.848,,True,9.77,323.44,,,,1433,False,0
1789595575,70612c,JZR432  ,Kuwait,1789595450,1789595450,73.3096,15.533,10355.58,False,240.76,298.32,0.33,,10988.04,,False,0
1789595575,70612d,JZR407  ,Kuwait,1789595574,1789595574,69.4873,23.9653,10668,False,242.14,101.64,0,,11346.18,,False,0
1789595575,8880ad,HVN670  ,Viet Nam,1789595575,1789595575,94.6913,14.9552,10066.02,False,238.69,103.59,-0.33,,,,False,0
1789595575,8880e0,HVN31   ,Viet Nam,1789595574,1789595574,74.3714,27.4447,11574.78,False,239.29,299.21,-0.33,,12252.96,,False,0
1789595575,888217,VJC910  ,Viet Nam,1789595574,1789595574,92.4255,22.2169,10058.4,False,245.87,93.6,0,,10690.86,0340,False,0
1789595575,8940dc,GFA130  ,Bahrain,1789595574,1789595574,75.9548,28.2364,4267.2,False,181.97,74.59,-0.33,,4434.84,,False,0
1789595575,7502cd,XAX605  ,Malaysia,1789595574,1789595574,85.675,16.8433,11887.2,False,240.68,132.49,0,,12603.48,,False,0
1789595575,76cda3,SIA302  ,Singapore,1789595570,1789595570,84.0368,21.5413,11445.24,False,248.22,311.39,4.23,,12131.04,2230,False,0
1789595575,76cda8,SIA314  ,Singapore,1789595575,1789595575,87.4094,18.6542,10972.8,False,257.05,312.57,0,,11635.74,0174,False,0
1789595575,76cda5,SIA304  ,Singapore,1789595574,1789595574,70.8213,30.9147,12192,False,237.86,329.16,1.3,,12824.46,,False,0
1789595575,76cdb5,SIA309  ,Singapore,1789595568,1789595570,88.3531,17.7834,12496.8,False,247.73,135.42,0,,13205.46,4761,False,0
1789595575,76cdb2,SIA312  ,Singapore,1789595400,1789595401,70.5595,30.8936,10972.8,False,254.71,334.26,0,,11551.92,,False,0
1789595575,76cdad,SIA352  ,Singapore,1789595469,1789595469,72.693,30.6632,11582.4,False,243.46,309.34,0,,12199.62,,False,0
1789595575,8966ce,ETD402  ,United Arab Emirates,1789595574,1789595574,83.8718,19.5509,11887.2,False,255.66,110.99,0,,12595.86,,False,0
1789595575,8966af,ABY496  ,United Arab Emirates,1789595574,1789595574,76.9863,13.9003,7246.62,False,208.8,122.32,-11.7,,7665.72,,False,0
1789595575,750447,MXD752  ,Malaysia,1789595574,1789595574,77.4031,29.3593,11887.2,False,251.96,129.12,-0.33,,12534.9,,False,0
1789595575,75041f,MXD132  ,Malaysia,1789595575,1789595575,79.1462,26.1004,10058.4,False,246.06,151.67,0,,10652.76,,False,0
1789595575,750420,MXD181  ,Malaysia,1789595574,1789595574,96.3645,11.3573,11277.6,False,233.98,136.51,0,,11978.64,7777,False,0
1789595575,750423,MXD216  ,Malaysia,1789595575,1789595575,91.6214,15.6743,11887.2,False,237.44,103.92,0,,,,False,0
1789595575,48ae00,LOT71   ,Poland,1789595574,1789595574,77.2264,28.516,922.02,False,96.57,284.18,-5.2,,861.06,,False,0
1789595575,76cef9,SIA26   ,Singapore,1789595261,1789595262,70.4327,31.5127,9753.6,False,254.41,346.08,0,,10256.52,,False,0
1789595575,507c4c,UZB553  ,Uzbekistan,1789595574,1789595574,78.9342,26.6526,12496.8,False,255.4,154.21,-0.33,,13205.46,,False,0
1789595575,75059c,MAS119  ,Malaysia,1789595574,1789595574,92.9764,13.2882,11277.6,False,229.56,135.82,-0.33,,,,False,0
1789595575,ab2d5c,N8191X  ,United States,1789595400,1789595400,82.8042,33.2046,,True,6.69,348.75,,,,,False,0
1789595575,86e3ec,JAL754  ,Japan,1789595574,1789595574,82.3549,17.0147,11887.2,False,249.38,49.94,0,,12603.48,,False,0
1789595575,800b62,AXB5976 ,India,1789595574,1789595574,77.3542,28.0465,3733.8,False,145.98,22.59,-1.95,,3886.2,,False,0
1789595575,800b81,SEJ164  ,India,1789595359,1789595359,72.7404,19.2858,3200.4,False,160.72,357.06,6.18,,3032.76,,False,0
1789595575,4d20f9,VJT278R ,Malta,1789595574,1789595574,71.5491,18.5825,12192,False,252.92,295.16,-0.33,,12931.14,,False,0
1789595575,800c42,AIC2284 ,India,1789595574,1789595574,69.4546,22.885,10675.62,False,243.44,91.7,0.33,,11338.56,,False,0
1789595575,800c3a,LLR676  ,India,1789595574,1789595574,79.0875,27.8031,5486.4,False,127.28,306.45,0,,5753.1,,False,0
1789595575,800c4b,AIC2378 ,India,1789595572,1789595574,85.174,20.7488,10675.62,False,239.23,129.85,0,,11338.56,0526,False,0
1789595575,3c68cb,BCS694  ,Germany,1789595574,1789595574,92.9986,22.4496,12496.8,False,244.57,79.21,0,,13251.18,0451,False,0
1789595575,710061,SVA763  ,Saudi Arabia,1789595279,1789595279,75.0895,12.1477,9753.6,False,263.67,320.07,-0.33,,10332.72,,False,0
1789595575,4cac10,KZR931  ,Ireland,1789595574,1789595574,75.2863,31.3209,10058.4,False,263.46,91.23,-0.33,,10607.04,,False,0
1789595575,710055,SVA827  ,Saudi Arabia,1789595574,1789595574,76.0141,8.7782,10363.2,False,261.43,288.47,0,,10965.18,,False,0
1789595575,710053,SVA810  ,Saudi Arabia,1789595574,1789595574,89.439,23.253,6979.92,False,238.44,57.06,-9.75,,7368.54,5272,False,0
1789595575,710057,SVA803  ,Saudi Arabia,1789595574,1789595574,90.0314,23.3841,5113.02,False,178.93,239.6,8.78,,5341.62,4727,False,0
1789595575,800af4,IGO126  ,India,1789595216,1789595271,82.9606,23.2831,11582.4,False,226.65,231.54,0,,12298.68,1430,False,0
1789595575,70e085,SEJ905  ,Cambodia,1789595574,1789595574,80.3973,26.6482,10668,False,247.12,113.95,0,,11292.84,,False,0
1789595575,711486,RXI763  ,Saudi Arabia,1789595574,1789595575,70.6672,24.0803,11277.6,False,268.14,91.65,0,,12001.5,,False,0
1789595575,800bef,AIC2336 ,India,1789595547,1789595549,94.7929,18.5412,11277.6,False,230.61,125.92,0,,11993.88,0512,False,0
1789595575,0100a4,MSR511  ,Egypt,1789595574,1789595574,96.7615,15.2642,10744.2,False,244.46,290.19,4.23,,8862.06,,False,0
1789595596,80163c,IGO1477 ,India,1789595595,1789595595,70.7585,22.8131,9144,False,214.09,274.27,0,,9707.88,,False,0
1789595596,801625,AIC1ZH  ,India,1789595594,1789595594,77.8347,13.2058,1493.52,False,82.83,270.36,-3.58,,1470.66,,False,0
1789595596,8851ea,THA340  ,Thailand,1789595595,1789595595,93.9506,19.6668,10073.64,False,250.51,137.5,0,,,,False,0
1789595596,8851e1,THA344  ,Thailand,1789595595,1789595595,88.9202,18.9649,10066.02,False,242.57,108.93,0.33,,10683.24,0377,False,0
1789595596,8014af,IGO1486 ,India,1789595496,1789595549,75.4381,14.9295,11887.2,False,228,126.56,0,,12603.48,,False,0
1789595596,885282,THA911  ,Thailand,1789595596,1789595596,95.517,16.6905,11277.6,False,255.69,124.01,0,,11986.26,3461,False,0
1789595596,80174a,IGO245C ,India,1789595596,1789595596,77.2596,28.1035,2743.2,False,140.99,13.93,0,,2811.78,,False,0
1789595596,80174d,VTIWT   ,India,1789595546,1789595549,77.0858,28.5623,,True,9.26,284.06,,,,,False,0
1789595596,801772,IGO1339 ,India,1789595166,1789595330,82.2099,13.3279,10668,False,238.58,116.79,0,,11315.7,0343,False,0
1789595596,80177d,IGO706  ,India,1789595596,1789595596,77.2547,25.0599,10370.82,False,240.84,358.53,0,,11003.28,,False,0
1789595596,885307,THA330  ,Thailand,1789595595,1789595595,94.3121,15.0549,10668,False,239.82,103.65,0.33,,,,False,0
1789595596,05a0af,DQA341  ,Maldives,1789595591,1789595594,82.4586,16.3579,12192,False,244.99,213.96,0,,12915.9,1537,False,0
1789595596,88530a,THA338  ,Thailand,1789595596,1789595596,96.0103,13.5843,10675.62,False,239.81,75.84,0,,,,False,0
1789595596,885313,THA314  ,Thailand,1789595594,1789595594,92.4091,18.6287,10668,False,240.8,127.97,-0.33,,,0420,False,0
1789595596,3c4a08,DLH761  ,Germany,1789595594,1789595595,75.4574,28.6555,6080.76,False,214.86,317.72,3.58,,6377.94,,False,0
1789595596,80189d,AIC187  ,India,1789595595,1789595595,69.2927,22.8952,10355.58,False,251.38,272.93,0,,11018.52,,False,0
1789595596,70209f,BBC305  ,Bangladesh,1789595595,1789595595,87.5021,24.9719,10347.96,False,256.55,288.11,2.93,,10995.66,4773,False,0
1789595596,8017a0,IGO2369 ,India,1789595595,1789595595,77.274,28.3554,2247.9,False,108.09,9.87,-2.93,,2278.38,,False,0
1789595596,8016d7,IGO679P ,India,1789595595,1789595595,78.8528,14.2568,9624.06,False,231.74,305.88,4.88,,10203.18,0211,False,0
1789595596,89618a,UAE363  ,United Arab Emirates,1789595595,1789595595,69.7181,22.8932,12192,False,252.55,273.5,0,,12946.38,,False,0
1789595596,896175,UAE329  ,United Arab Emirates,1789595587,1789595589,73.46,23.0906,10363.2,False,255.46,267.23,0,,10988.04,,False,0
1789595596,80183b,IGO72P  ,India,1789595595,1789595595,75.2963,26.9912,10668,False,236.45,28.74,0,,11315.7,,False,0
1789595596,80183a,IGO721  ,India,1789595590,1789595590,74.6408,15.6473,11590.02,False,236.85,354.14,0.33,,12283.44,,False,0
1789595596,801819,IGO626E ,India,1789595441,1789595448,77.7811,14.7333,9182.1,False,227.04,2.21,5.85,,9738.36,2704,False,0
1789595596,8a0536,GIA089  ,Indonesia,1789595594,1789595594,85.7915,16.7407,10668,False,253.8,132.45,0,,11315.7,,False,0
1789595596,8018e1,IGO426L ,India,1789595595,1789595595,76.8278,26.5963,10165.08,False,242.54,177.45,3.25,,10759.44,,False,0
1789595596,8018dd,IGO012  ,India,1789595453,1789595460,72.4765,24.5059,11887.2,False,233.37,50.1,0,,12618.72,,False,0
1789595596,7020be,UBG382  ,Bangladesh,1789595346,1789595346,90.4044,23.8475,,True,0,53.44,,,,4522,False,0
1789595596,896408,ETD498  ,United Arab Emirates,1789595595,1789595595,79.4644,13.0056,10660.38,False,255.8,109.75,0,,11308.08,1740,False,0
1789595596,896357,ETD973  ,United Arab Emirates,1789595595,1789595595,85.1322,22.9023,12496.8,False,248.6,81.55,0,,13228.32,1764,False,0
1789595596,896327,ETD476  ,United Arab Emirates,1789595592,1789595592,77.4553,10.4812,10058.4,False,251.5,110.47,0,,10645.14,,False,0
1789595596,4bb0eb,THY45M  ,Turkey,1789595595,1789595595,95.6825,11.7962,11887.2,False,244.63,137.22,0,,12603.48,5116,False,0
1789595596,4bb0fa,THY208  ,Turkey,1789595596,1789595596,95.658,17.9353,12496.8,False,238.5,126.85,0,,13327.38,5117,False,0
1789595596,896303,UAE3KV  ,United Arab Emirates,1789595594,1789595595,68.4459,21.2686,10363.2,False,260.08,293.67,0,,11026.14,,False,0
1789595596,896306,UAE371  ,United Arab Emirates,1789595595,1789595595,92.3618,15.4943,10972.8,False,253.16,284.23,0,,11673.84,,False,0
1789595596,896312,UAE377  ,United Arab Emirates,1789595594,1789595595,85.6022,17.1732,10363.2,False,257.51,286.48,0,,10988.04,,False,0
1789595596,80073f,AIC302  ,India,1789595595,1789595595,81.9681,25.3412,10668,False,261.94,134.2,-0.33,,11308.08,,False,0
1789595596,780a57,CPA612  ,China,1789595595,1789595595,95.263,13.0545,12496.8,False,233.15,72.4,0,,,,False,0
1789595596,780a58,CPA624  ,China,1789595595,1789595595,87.9448,20.9867,11277.6,False,244.11,70.04,0,,11986.26,0640,False,0
1789595596,8963ec,UAE7Q   ,United Arab Emirates,1789595595,1789595595,79.0642,14.883,11582.4,False,262.28,296.82,0,,12260.58,2133,False,0
1789595596,8963e7,UAE374  ,United Arab Emirates,1789595591,1789595591,72.5747,23.9525,11887.2,False,259.5,94.32,0,,12626.34,,False,0
1789595596,896536,ETD473  ,United Arab Emirates,1789595405,1789595405,75.4144,9.9943,11574.78,False,265.14,300.3,-0.33,,12260.58,,False,0
1789595596,896535,ETD870  ,United Arab Emirates,1789595595,1789595595,87.7315,22.8332,12489.18,False,251.23,101.82,0.33,,13228.32,1714,False,0
1789595596,896539,ETD474  ,United Arab Emirates,1789595593,1789595593,77.1428,9.5179,11269.98,False,244.95,121.95,0,,11932.92,,False,0
1789595596,89647c,UAE75T  ,United Arab Emirates,1789595554,1789595554,75.5683,9.7846,12192,False,264.97,301.75,0,,12870.18,,False,0
1789595596,896496,ABY518  ,United Arab Emirates,1789595593,1789595595,78.1446,26.2986,11277.6,False,250.61,78.87,0,,11963.4,,False,0
1789595596,896473,UAE319  ,United Arab Emirates,1789595595,1789595596,71.9484,22.9808,12192,False,253.34,267.56,0,,12931.14,,False,0
1789595596,896488,ETD401  ,United Arab Emirates,1789595596,1789595596,88.9066,17.9327,10972.8,False,260.94,288.51,0.33,,11658.6,0711,False,0
1789595596,896451,UAE325  ,United Arab Emirates,1789595595,1789595595,73.4205,23.0728,10972.8,False,257.45,267.59,0,,11666.22,,False,0
1789595596,40688f,BAW35   ,United Kingdom,1789595595,1789595595,80.29,13.583,3345.18,False,175.96,169.22,-9.75,,3436.62,5715,False,0
1789595596,89642e,ABY422  ,United Arab Emirates,1789595595,1789595595,76.2779,10.1466,617.22,False,85.47,87.59,-4.55,,556.26,,False,0
1789595596,89642d,ABY410  ,United Arab Emirates,1789595550,1789595550,76.2859,11.1042,6225.54,False,225.89,96.8,-9.1,,9067.8,,False,0
1789595596,8963a2,UAE9785 ,United Arab Emirates,1789595595,1789595595,91.5085,22.2951,9753.6,False,252.43,277.02,0,,10355.58,5345,False,0
1789595596,8964fa,ETD410  ,United Arab Emirates,1789595595,1789595595,91.5075,14.7283,12496.8,False,249.91,134.92,0,,,,False,0
1789595596,8964bf,ETD898  ,United Arab Emirates,1789595596,1789595596,86.8938,22.9206,11887.2,False,254.99,99.41,-0.33,,12595.86,3423,False,0
1789595596,780c01,CES2052 ,China,1789595595,1789595595,90.122,22.5195,11277.6,False,243.6,92.66,0,,12001.5,4000,False,0
1789595596,896660,FDB570  ,United Arab Emirates,1789595596,1789595596,74.2617,14.94,10972.8,False,243.99,326.18,0,,11635.74,,False,0
1789595596,89664c,ETD218  ,United Arab Emirates,1789595594,1789595595,77.3265,28.4342,1310.64,False,113.55,18.76,-6.18,,1280.16,,False,0
1789595596,780ab6,CPA694  ,China,1789595595,1789595595,92.5516,23.5043,11887.2,False,257.68,93.43,0,,12603.48,0513,False,0
1789595596,885963,TVJ761  ,Thailand,1789595594,1789595594,88.4683,18.0807,9456.42,False,245.65,108.81,-0.33,,10043.16,0315,False,0
1789595596,8964b0,UAE399  ,United Arab Emirates,1789595526,1789595528,83.5409,12.6673,11582.4,False,265.04,296.27,-0.33,,12260.58,,False,0
1789595596,8964c3,ETD432  ,United Arab Emirates,1789595596,1789595596,83.6209,22.9986,11277.6,False,266.39,93.21,0,,11978.64,3407,False,0
1789595596,8964a8,UAE313  ,United Arab Emirates,1789595577,1789595595,85.3716,21.9869,10363.2,False,251.23,262.35,0,,11003.28,6354,False,0
1789595596,76cc75,SIA402  ,Singapore,1789595590,1789595595,86.0992,17.9526,10972.8,False,261.61,313.8,-0.33,,11650.98,,False,0
1789595596,484cba,KLM836  ,Kingdom of the Netherlands,1789595595,1789595595,75.5797,26.9287,9144,False,249.63,292.28,0,,9669.78,,False,0
1789595596,76cd43,SIA306  ,Singapore,1789595585,1789595586,77.0112,24.8477,10972.8,False,251.73,300.18,0,,11628.12,,False,0
1789595596,8a08b1,UBA8502 ,Indonesia,1789595512,1789595512,96.2719,17.1403,1325.88,False,111.62,197.43,-6.18,,,,False,0
1789595596,89669a,ETD6RM  ,United Arab Emirates,1789595595,1789595595,77.8027,13.1327,2613.66,False,139.05,98.94,-3.9,,2659.38,,False,0
1789595596,89668b,ABY471  ,United Arab Emirates,1789595594,1789595596,80.2034,13.0031,182.88,False,73.28,249.02,-3.9,,60.96,3433,False,0
1789595596,781fd6,CSS159  ,China,1789595595,1789595595,78.2786,28.3972,4572,False,179.69,295.98,-7.8,,4747.26,6002,False,0
1789595596,152036,AFL292  ,Russian Federation,1789595595,1789595595,81.8959,26.6182,11277.6,False,244.56,123.59,1.63,,11948.16,,False,0
1789595596,89408b,GFA152  ,Bahrain,1789595595,1789595595,68.4903,24.1239,11887.2,False,255.24,91.39,0,,12618.72,,False,0
1789595596,899087,EVA095  ,Taiwan,1789595596,1789595596,78.1818,29.4549,10965.18,False,232.38,309.61,-0.33,,11582.4,0432,False,0
1789595596,89907e,EVA065  ,Taiwan,1789595595,1789595595,78.7323,28.0306,10355.58,False,246.28,291.96,0,,10957.56,0427,False,0
1789595596,899097,EVA062  ,Taiwan,1789595594,1789595595,89.2849,20.8114,11887.2,False,263.02,125.93,-0.33,,12618.72,7112,False,0
1789595596,040143,ETH609  ,Ethiopia,1789595595,1789595596,80.4586,12.9602,9753.6,False,258.36,275.37,-0.33,,10325.1,0740,False,0
1789595596,706214,JZR406  ,Kuwait,1789595591,1789595591,75.4926,11.8362,8953.5,False,243.85,320.74,2.6,,9448.8,,False,0
1789595596,040156,ETH3290 ,Ethiopia,1789595595,1789595595,70.7782,22.9288,12496.8,False,240.84,85.96,0,,13243.56,,False,0
1789595596,040126,ETH687  ,Ethiopia,1789595594,1789595594,74.8656,28.5098,7955.28,False,194.14,272.58,4.88,,8366.76,,False,0
1789595596,899036,EVA087  ,Taiwan,1789595272,1789595285,73.9683,30.233,9753.6,False,241.9,311.9,-0.33,,10294.62,2643,False,0
1789595596,8881ff,VJC1806 ,Viet Nam,1789595595,1789595595,93.9442,16.2067,10058.4,False,240.42,110.41,0,,,0374,False,0
1789595596,899017,CAL5663 ,Taiwan,1789595595,1789595595,94.237,19.2915,10363.2,False,256.65,298.36,0,,11026.14,2630,False,0
1789595596,899013,CAL063  ,Taiwan,1789595594,1789595595,77.5587,29.889,11582.4,False,227.79,313.54,0,,12214.86,2663,False,0
1789595596,06a3b7,QTR8954 ,Qatar,1789595297,1789595297,72.6376,23.9283,11887.2,False,250.12,94.01,0,,12618.72,,False,0
1789595596,06a376,QTR842  ,Qatar,1789595596,1789595596,81.0517,13.5952,11887.2,False,238.5,110.58,0,,12573,2127,False,0
1789595596,89912f,SJX101  ,Taiwan,1789595320,1789595321,83.6539,22.9968,10972.8,False,247.84,273.21,-0.33,,11635.74,2644,False,0
1789595596,06a2e9,QTR982  ,Qatar,1789595596,1789595596,89.4541,22.5374,11879.58,False,254.92,96.84,0,,12611.1,0365,False,0
1789595596,06a2f9,QTR838  ,Qatar,1789595595,1789595595,95.0526,16.569,11879.58,False,248.54,115.24,0,,12306.3,5635,False,0
1789595596,4ba9c8,THY62Y  ,Turkey,1789595596,1789595596,81.8914,27.1454,11887.2,False,254.14,112.62,0,,12580.62,,False,0
1789595596,06a2c7,QTR8M   ,Qatar,1789595595,1789595595,79.1453,7.0047,10363.2,False,263.07,305.37,0,,10957.56,,False,0
1789595596,8990e6,EVA071  ,Taiwan,1789595595,1789595595,80.101,27.5091,9753.6,False,247.54,317.19,0.33,,10309.86,6247,False,0
1789595596,06a062,QTR807  ,Qatar,1789595595,1789595595,70.745,22.8139,10363.2,False,253.2,273.96,0,,11026.14,,False,0
1789595596,a7a9a0,N593MA  ,United States,1789595559,1789595561,82.806,33.1948,,True,0.06,171.56,,,,,False,0
1789595596,06a072,QTR898  ,Qatar,1789595586,1789595595,78.4021,15.2332,9448.8,False,261.59,116.51,0,,10005.06,2131,False,0
1789595596,39cf0f,AFR198  ,France,1789595595,1789595595,80.3268,25.9138,11887.2,False,260.72,129.15,0,,12573,,False,0
1789595596,7c8064,QFA5    ,Australia,1789595590,1789595591,79.6269,14.5067,11574.78,False,255.66,345.91,0,,12260.58,1456,False,0
1789595596,80139b,AIC7FM  ,India,1789595595,1789595596,81.112,26.3149,11277.6,False,241.28,114.43,0,,11940.54,,False,0
1789595596,406c39,VIR303  ,United Kingdom,1789595596,1789595596,72.3526,31.2777,10355.58,False,238.27,263.3,0.33,,10911.84,,False,0
1789595596,801403,AXB135  ,India,1789595539,1789595539,77.0979,28.5623,,True,7.46,104.06,,,,,False,0
1789595596,801406,AIC112  ,India,1789595527,1789595530,74.2366,26.2944,11879.58,False,252.08,39.7,0,,12611.1,,False,0
1789595596,801454,IGO6129 ,India,1789595595,1789595595,74.7439,15.4545,11887.2,False,229.29,158.96,0,,12611.1,,False,0
1789595596,801435,AXB920  ,India,1789595595,1789595595,77.4283,13.2085,4442.46,False,184.75,100.59,-5.53,,4617.72,,False,0
1789595596,06a10b,QTR830  ,Qatar,1789595593,1789595594,81.3861,18.27,12496.8,False,246.63,108.74,0.33,,13205.46,,False,0
1789595596,801530,FQA321  ,India,1789595595,1789595595,76.5878,27.9939,7277.1,False,210.45,204.25,6.5,,7650.48,,False,0
1789595596,06a12a,QTR859  ,Qatar,1789595595,1789595595,87.0214,23.073,10972.8,False,253.8,295.58,0,,11650.98,6302,False,0
1789595596,06a145,QTR837  ,Qatar,1789595596,1789595596,83.9194,17.6046,12192,False,255.54,286.61,0,,12915.9,,False,0
1789595596,801548,AKJ506  ,India,1789595595,1789595595,75.5918,12.3588,11277.6,False,225.43,143.44,0,,11948.16,,False,0
1789595596,80159f,AIC308  ,India,1789595595,1789595595,77.1552,28.0267,4168.14,False,186.17,117.84,5.2,,4320.54,,False,0
1789595596,80156e,BDA354  ,India,1789595596,1789595596,76.1513,28.0683,5082.54,False,182.76,21.29,-5.53,,5295.9,,False,0
1789595596,06a103,QTR955  ,Qatar,1789595595,1789595595,78.1987,8.3673,11582.4,False,263.18,300.68,0,,12237.72,,False,0
1789595596,885102,THA937  ,Thailand,1789595595,1789595595,84.5309,24.6487,12496.8,False,254.29,117.86,0,,13213.08,0142,False,0
1789595596,88511a,THA924  ,Thailand,1789595595,1789595595,73.9612,27.588,12192,False,238.3,300.77,0,,12885.42,,False,0
1789595596,88510a,THA941  ,Thailand,1789595595,1789595595,96.3385,16.1806,12496.8,False,247.14,133.06,0,,13220.7,0410,False,0
1789595596,88510b,THA925  ,Thailand,1789595595,1789595595,93.6109,19.659,12496.8,False,240.19,95.16,0,,13228.32,1735,False,0
1789595596,885116,THA955  ,Thailand,1789595595,1789595595,75.7414,31.1786,11887.2,False,285.67,108.7,0,,12512.04,,False,0
1789595596,885115,THA326  ,Thailand,1789595595,1789595595,92.7943,12.2537,11887.2,False,252.63,84.74,0,,,,False,0
1789595596,88516c,THA951  ,Thailand,1789595595,1789595595,95.1152,17.0334,10668,False,256.03,122.44,0,,11338.56,0715,False,0
1789595596,8013f8,IGO084  ,India,1789595456,1789595460,77.1072,28.5417,320.04,False,74.12,283.65,-3.25,,213.36,,False,0
1789595596,885156,THA350  ,Thailand,1789595594,1789595595,88.5958,22.5792,11277.6,False,259.79,125.33,0,,11971.02,7272,False,0
1789595596,885177,THA921  ,Thailand,1789595595,1789595595,88.168,21.3943,11887.2,False,248.94,115.98,0.33,,12611.1,7644,False,0
1789595596,885179,THA970  ,Thailand,1789595595,1789595595,76.0825,28.3862,10363.2,False,237.71,292.79,-0.33,,10965.18,,False,0
1789595596,885170,THA950  ,Thailand,1789595594,1789595594,75.0206,27.1131,9753.6,False,247.65,292.73,0,,10332.72,,False,0
1789595596,3c64f5,DLH759  ,Germany,1789595595,1789595595,80.0516,12.9909,586.74,False,124.19,291.89,3.9,,487.68,0621,False,0
1789595596,7103d7,SVA871  ,Saudi Arabia,1789595523,1789595535,87.4623,16.6639,10363.2,False,261.53,283.65,-0.33,,11010.9,,False,0
1789595596,4246b4,AHY057  ,United Kingdom,1789595595,1789595595,76.3264,28.344,4030.98,False,173.93,63.66,-3.9,,4175.76,,False,0
1789595596,a9aba2,ETD9682 ,United States,1789595595,1789595595,70.2274,22.912,11887.2,False,249.6,85.98,0,,12633.96,,False,0
1789595596,151db6,AFL284  ,Russian Federation,1789595595,1789595596,77.7865,29.2834,10668,False,264.68,146.09,0,,11269.98,,False,0
1789595596,7105ac,SVA857  ,Saudi Arabia,1789595595,1789595595,80.2964,13.1884,10355.58,False,260.9,296.46,0,,10988.04,2272,False,0
1789595596,77170d,EXV912  ,Sri Lanka,1789595595,1789595595,83.2441,17.3076,10972.8,False,240.22,226.91,0,,11643.36,4702,False,0
1789595596,70c10c,OMS705  ,Oman,1789595595,1789595595,75.4298,28.093,11285.22,False,251.19,95.52,-1.63,,11948.16,,False,0
1789595596,70c10d,OMS783  ,Oman,1789595590,1789595590,74.1144,15.81,11277.6,False,232.34,124.99,0,,11978.64,,False,0
1789595596,770453,ALK191  ,Sri Lanka,1789595595,1789595595,77.275,24.8742,11574.78,False,232.33,352.75,0.33,,12283.44,,False,0
1789595596,7609f0,FJL530  ,Pakistan,1789595418,1789595493,71.9534,29.6757,10965.18,False,220.92,228.78,0,,11590.02,,False,0
1789595596,70c0fe,OMA817  ,Oman,1789595591,1789595591,89.8301,17.6408,12496.8,False,239.47,108.67,-0.33,,13228.32,4760,False,0
1789595596,77058f,ALK153  ,Sri Lanka,1789595595,1789595595,80.1084,12.3923,11277.6,False,245.43,345.56,-0.33,,11955.78,7341,False,0
1789595596,88813a,HVN18   ,Viet Nam,1789595596,1789595596,95.6794,21.5643,13106.4,False,241.45,102.05,-0.33,,13845.54,7563,False,0
1789595596,706058,KAC283  ,Kuwait,1789595595,1789595595,88.7751,22.9436,10439.4,False,261.33,98.03,-7.48,,11087.1,0460,False,0
1789595596,706064,KAC364  ,Kuwait,1789595585,1789595585,78.6413,8.5591,8374.38,False,241.99,308.53,3.9,,8831.58,,False,0
1789595596,706072,KAC382  ,Kuwait,1789595595,1789595595,75.1204,28.5239,7269.48,False,209.98,271.68,2.6,,7635.24,,False,0
1789595596,7705c1,ALK402  ,Sri Lanka,1789595596,1789595596,94.5777,12.7595,11879.58,False,225.48,62.85,-0.33,,,,False,0
1789595596,706130,JZR531  ,Kuwait,1789595595,1789595595,90.3994,23.8497,,True,10.29,323.44,,,,1433,False,0
1789595596,70612c,JZR432  ,Kuwait,1789595450,1789595450,73.3096,15.533,10355.58,False,240.76,298.32,0.33,,10988.04,,False,0
1789595596,70612d,JZR407  ,Kuwait,1789595595,1789595595,69.5366,23.956,10668,False,243.65,101.57,0,,11346.18,,False,0
1789595596,8881ac,VJC896  ,Viet Nam,1789595596,1789595596,96.9871,17.143,11285.22,False,233.16,119.62,0,,,,False,0
1789595596,8880ad,HVN670  ,Viet Nam,1789595596,1789595596,94.7364,14.9446,10066.02,False,238.19,103.62,0,,,,False,0
1789595596,8880e0,HVN31   ,Viet Nam,1789595596,1789595596,74.3269,27.4669,11582.4,False,238.84,299.27,0.33,,12268.2,,False,0
1789595596,888217,VJC910  ,Viet Nam,1789595595,1789595595,92.4752,22.2139,10058.4,False,245.94,93.84,0,,10698.48,0340,False,0
1789595596,8940dc,GFA130  ,Bahrain,1789595595,1789595595,75.9931,28.2454,4267.2,False,181.8,75.41,0,,4434.84,,False,0
1789595596,7502cd,XAX605  ,Malaysia,1789595595,1789595595,85.7091,16.8131,11887.2,False,240.68,132.49,0,,12603.48,,False,0
1789595596,76cda3,SIA302  ,Singapore,1789595595,1789595595,83.9918,21.5783,11521.44,False,247.15,311.29,2.28,,12214.86,2230,False,0
1789595596,76cda8,SIA314  ,Singapore,1789595596,1789595596,87.3716,18.6873,10972.8,False,256.67,312.64,0,,11635.74,0174,False,0
1789595596,76cda5,SIA304  ,Singapore,1789595595,1789595595,70.7947,30.9532,12192,False,234.86,329.17,0,,12832.08,,False,0
1789595596,76cdb5,SIA309  ,Singapore,1789595596,1789595596,88.3989,17.7388,12496.8,False,247.73,135.42,0,,13205.46,4761,False,0
1789595596,76cdb2,SIA312  ,Singapore,1789595400,1789595401,70.5595,30.8936,10972.8,False,254.71,334.26,0,,11551.92,,False,0
1789595596,76cdad,SIA352  ,Singapore,1789595469,1789595469,72.693,30.6632,11582.4,False,243.46,309.34,0,,12199.62,,False,0
1789595596,8966ce,ETD402  ,United Arab Emirates,1789595596,1789595596,83.9209,19.533,11887.2,False,255.66,110.99,0,,12595.86,,False,0
1789595596,8966af,ABY496  ,United Arab Emirates,1789595595,1789595595,77.0204,13.8792,6964.68,False,208.37,122.4,-11.7,,7360.92,,False,0
1789595596,750447,MXD752  ,Malaysia,1789595595,1789595595,77.4451,29.3292,11887.2,False,252.29,129.21,0.33,,12542.52,,False,0
1789595596,75041f,MXD132  ,Malaysia,1789595586,1789595586,79.1591,26.0789,10058.4,False,245.61,151.61,0,,10652.76,,False,0
1789595596,750420,MXD181  ,Malaysia,1789595594,1789595594,96.3939,11.327,11277.6,False,234.31,136.07,-0.33,,11978.64,7777,False,0
1789595596,750423,MXD216  ,Malaysia,1789595596,1789595596,91.6665,15.6635,11887.2,False,237.44,103.92,0,,,,False,0
1789595596,48ae00,LOT71   ,Poland,1789595595,1789595595,77.2063,28.5204,815.34,False,93.21,283.73,-5.2,,746.76,,False,0
1789595596,507c4c,UZB553  ,Uzbekistan,1789595595,1789595595,78.9579,26.6087,12496.8,False,255.62,154.11,0,,13205.46,,False,0
1789595596,75059c,MAS119  ,Malaysia,1789595595,1789595595,93.0079,13.2566,11277.6,False,228.83,135.82,0,,,,False,0
1789595596,ab2d5c,N8191X  ,United States,1789595400,1789595400,82.8042,33.2046,,True,6.69,348.75,,,,,False,0
1789595596,86e3ec,JAL754  ,Japan,1789595595,1789595595,82.3926,17.0451,11887.2,False,250.1,49.92,0,,12603.48,,False,0
1789595596,800b62,AXB5976 ,India,1789595594,1789595595,77.366,28.0717,3680.46,False,147.61,22.54,-2.6,,3825.24,,False,0
1789595596,800b81,SEJ164  ,India,1789595359,1789595359,72.7404,19.2858,3200.4,False,160.72,357.06,6.18,,3032.76,,False,0
1789595596,4d20f9,VJT278R ,Malta,1789595593,1789595594,71.5092,18.6004,12192,False,252.92,295.16,0,,12931.14,,False,0
1789595596,800c42,AIC2284 ,India,1789595595,1789595595,69.5042,22.8836,10683.24,False,243.44,91.7,0,,11353.8,,False,0
1789595596,800c3a,LLR676  ,India,1789595594,1789595595,79.0663,27.8171,5486.4,False,128,306.5,0,,5753.1,,False,0
1789595596,800c4b,AIC2378 ,India,1789595591,1789595592,85.2079,20.7222,10675.62,False,238.51,129.84,-0.33,,11338.56,0526,False,0
1789595596,3c68cb,BCS694  ,Germany,1789595595,1789595595,93.0476,22.4582,12496.8,False,243.97,79.31,0,,13251.18,0451,False,0
1789595596,4cac10,KZR931  ,Ireland,1789595589,1789595595,75.328,31.3198,10058.4,False,264.25,92.9,-0.33,,10607.04,,False,0
1789595596,710055,SVA827  ,Saudi Arabia,1789595595,1789595595,75.9672,8.7952,10363.2,False,261.55,293.29,-0.33,,10965.18,,False,0
1789595596,710053,SVA810  ,Saudi Arabia,1789595595,1789595595,89.4793,23.2779,6758.94,False,235.94,53.78,-12.03,,7139.94,5272,False,0
1789595596,710057,SVA803  ,Saudi Arabia,1789595595,1789595595,89.9992,23.3664,5242.56,False,183.51,238.76,4.23,,5478.78,4727,False,0
1789595596,70e085,SEJ905  ,Cambodia,1789595595,1789595595,80.4442,26.6295,10668,False,247.12,113.95,0.33,,11300.46,,False,0
1789595596,711486,RXI763  ,Saudi Arabia,1789595595,1789595596,70.7242,24.0788,11269.98,False,267.62,91.65,0,,11993.88,,False,0
1789595596,800bef,AIC2336 ,India,1789595595,1789595595,94.8759,18.4793,11277.6,False,230.24,125.36,0,,11993.88,0512,False,0
1789595596,0100a4,MSR511  ,Egypt,1789595595,1789595595,96.7164,15.2802,10843.26,False,244.46,290.19,4.23,,8862.06,,False,0
1789595607,80163c,IGO1477 ,India,1789595606,1789595606,70.7348,22.8147,9144,False,214.56,274.12,0,,9707.88,,False,0
1789595607,801625,AIC1ZH  ,India,1789595605,1789595605,77.8264,13.2059,1447.8,False,79.23,270.74,-3.9,,1417.32,,False,0
1789595607,8851ea,THA340  ,Thailand,1789595606,1789595606,93.9686,19.6483,10073.64,False,249.78,137.5,0.33,,,,False,0
1789595607,8851e1,THA344  ,Thailand,1789595605,1789595606,88.9432,18.9573,10066.02,False,242.57,108.93,0.33,,10683.24,0377,False,0
1789595607,8014af,IGO1486 ,India,1789595496,1789595549,75.4381,14.9295,11887.2,False,228,126.56,0,,12603.48,,False,0
1789595607,885282,THA911  ,Thailand,1789595607,1789595607,95.5384,16.6765,11277.6,False,255.69,124.01,0,,11986.26,3461,False,0
1789595607,80174a,IGO245C ,India,1789595606,1789595606,77.2631,28.1161,2743.2,False,141.62,14.09,0,,2811.78,,False,0
1789595607,80174d,VTIWT   ,India,1789595606,1789595606,77.0832,28.5619,,True,5.4,151.88,,,,,False,0
1789595607,801772,IGO1339 ,India,1789595166,1789595330,82.2099,13.3279,10668,False,238.58,116.79,0,,11315.7,0343,False,0
1789595607,80177d,IGO706  ,India,1789595606,1789595606,77.254,25.0818,10370.82,False,240.85,358.41,0,,11003.28,,False,0
1789595607,885307,THA330  ,Thailand,1789595606,1789595606,94.3367,15.0491,10668,False,239.32,103.68,0,,,,False,0
1789595607,05a0af,DQA341  ,Maldives,1789595604,1789595604,82.442,16.3342,12192,False,244.7,213.86,0,,12915.9,1537,False,0
1789595607,88530a,THA338  ,Thailand,1789595607,1789595607,96.0337,13.5901,10675.62,False,239.81,75.84,0,,,,False,0
1789595607,885313,THA314  ,Thailand,1789595605,1789595606,92.4314,18.6122,10668,False,240.8,127.97,0.33,,,0420,False,0
1789595607,3c4a08,DLH761  ,Germany,1789595606,1789595606,75.4407,28.6726,6096,False,215.52,320.23,-0.33,,6393.18,,False,0
1789595607,80189d,AIC187  ,India,1789595606,1789595606,69.2678,22.8964,10355.58,False,251.38,272.93,-0.33,,11018.52,,False,0
1789595607,70209f,BBC305  ,Bangladesh,1789595606,1789595606,87.4754,24.9799,10370.82,False,256.06,288.14,-0.33,,11010.9,4773,False,0
1789595607,8017a0,IGO2369 ,India,1789595605,1789595605,77.2759,28.3658,2202.18,False,108,9.6,-4.55,,2232.66,,False,0
1789595607,8016d7,IGO679P ,India,1789595606,1789595606,78.8336,14.2703,9677.4,False,231.74,305.88,3.9,,10264.14,0211,False,0
1789595607,89618a,UAE363  ,United Arab Emirates,1789595606,1789595606,69.6913,22.8947,12192,False,252.55,273.5,0,,12946.38,,False,0
1789595607,896175,UAE329  ,United Arab Emirates,1789595587,1789595589,73.46,23.0906,10363.2,False,255.46,267.23,0,,10988.04,,False,0
1789595607,80183b,IGO72P  ,India,1789595606,1789595606,75.309,27.012,10668,False,236.45,28.74,0,,11315.7,,False,0
1789595607,80183a,IGO721  ,India,1789595600,1789595600,74.6386,15.6687,11590.02,False,236.85,354.14,0.33,,12283.44,,False,0
1789595607,801819,IGO626E ,India,1789595441,1789595448,77.7811,14.7333,9182.1,False,227.04,2.21,5.85,,9738.36,2704,False,0
1789595607,8a0536,GIA089  ,Indonesia,1789595594,1789595594,85.7915,16.7407,10668,False,253.8,132.45,0,,11315.7,,False,0
1789595607,8018e1,IGO426L ,India,1789595607,1789595607,76.829,26.572,10203.18,False,242.54,177.45,4.55,,10797.54,,False,0
1789595607,8018dd,IGO012  ,India,1789595453,1789595460,72.4765,24.5059,11887.2,False,233.37,50.1,0,,12618.72,,False,0
1789595607,7020be,UBG382  ,Bangladesh,1789595346,1789595346,90.4044,23.8475,,True,0,53.44,,,,4522,False,0
1789595607,896408,ETD498  ,United Arab Emirates,1789595607,1789595607,79.4908,12.9963,10660.38,False,255.8,109.75,0,,11308.08,1740,False,0
1789595607,896357,ETD973  ,United Arab Emirates,1789595606,1789595606,85.1574,22.908,12496.8,False,249.24,73.7,0,,13228.32,1764,False,0
1789595607,896327,ETD476  ,United Arab Emirates,1789595600,1789595602,77.473,10.4746,10058.4,False,251.68,110.58,0,,10645.14,,False,0
1789595607,4bb0eb,THY45M  ,Turkey,1789595606,1789595606,95.6996,11.7781,11887.2,False,245.36,137.21,0.33,,12603.48,5116,False,0
1789595607,4bb0fa,THY208  ,Turkey,1789595607,1789595607,95.6777,17.9211,12496.8,False,238.91,126.77,0,,13327.38,5117,False,0
1789595607,896303,UAE3KV  ,United Arab Emirates,1789595606,1789595606,68.4178,21.2801,10363.2,False,259.4,293.62,0,,11026.14,,False,0
1789595607,896306,UAE371  ,United Arab Emirates,1789595606,1789595606,92.3343,15.501,10972.8,False,253.16,284.23,0,,11673.84,,False,0
1789595607,896312,UAE377  ,United Arab Emirates,1789595607,1789595607,85.5732,17.1815,10363.2,False,257.51,286.48,0,,10988.04,,False,0
1789595607,80073f,AIC302  ,India,1789595606,1789595606,81.9889,25.3228,10660.38,False,261.57,134.28,0,,11300.46,,False,0
1789595607,780a57,CPA612  ,China,1789595606,1789595606,95.2856,13.0614,12496.8,False,233.64,72.44,0,,,,False,0
1789595607,780a58,CPA624  ,China,1789595606,1789595606,87.9685,20.9948,11277.6,False,244.11,70.04,0,,11986.26,0640,False,0
1789595607,8963ec,UAE7Q   ,United Arab Emirates,1789595606,1789595606,79.0401,14.8949,11582.4,False,262.28,296.82,0,,12260.58,2133,False,0
1789595607,8963e7,UAE374  ,United Arab Emirates,1789595591,1789595591,72.5747,23.9525,11887.2,False,259.5,94.32,0,,12626.34,,False,0
1789595607,896536,ETD473  ,United Arab Emirates,1789595405,1789595405,75.4144,9.9943,11574.78,False,265.14,300.3,-0.33,,12260.58,,False,0
1789595607,896535,ETD870  ,United Arab Emirates,1789595606,1789595606,87.7571,22.8282,12496.8,False,251.23,101.82,-0.33,,13235.94,1714,False,0
1789595607,896539,ETD474  ,United Arab Emirates,1789595605,1789595605,77.1651,9.5042,11277.6,False,244.95,121.95,0,,11940.54,,False,0
1789595607,89647c,UAE75T  ,United Arab Emirates,1789595554,1789595554,75.5683,9.7846,12192,False,264.97,301.75,0,,12870.18,,False,0
1789595607,896496,ABY518  ,United Arab Emirates,1789595606,1789595606,78.1765,26.3042,11277.6,False,250.61,78.87,0,,11971.02,,False,0
1789595607,896473,UAE319  ,United Arab Emirates,1789595607,1789595607,71.9212,22.9797,12192,False,253.34,267.56,0,,12931.14,,False,0
1789595607,896488,ETD401  ,United Arab Emirates,1789595607,1789595607,88.8804,17.941,10972.8,False,261.43,288.47,0.33,,11658.6,0711,False,0
1789595607,896451,UAE325  ,United Arab Emirates,1789595606,1789595606,73.395,23.0717,10972.8,False,257.45,267.59,0,,11666.22,,False,0
1789595607,40688f,BAW35   ,United Kingdom,1789595606,1789595606,80.2932,13.5665,3246.12,False,172.83,169.19,-8.78,,3329.94,5715,False,0
1789595607,89642e,ABY422  ,United Arab Emirates,1789595606,1789595606,76.2864,10.1469,571.5,False,84.43,87.9,-4.55,,502.92,,False,0
1789595607,89642d,ABY410  ,United Arab Emirates,1789595550,1789595550,76.2859,11.1042,6225.54,False,225.89,96.8,-9.1,,9067.8,,False,0
1789595607,8963a2,UAE9785 ,United Arab Emirates,1789595606,1789595606,91.4812,22.2982,9753.6,False,251.92,277.04,0,,10355.58,5345,False,0
1789595607,8964fa,ETD410  ,United Arab Emirates,1789595606,1789595606,91.5263,14.71,12496.8,False,249.91,134.92,-0.33,,,,False,0
1789595607,8964bf,ETD898  ,United Arab Emirates,1789595607,1789595607,86.9207,22.9165,11879.58,False,254.91,99.29,-0.33,,12595.86,3423,False,0
1789595607,780c01,CES2052 ,China,1789595605,1789595606,90.1481,22.5184,11277.6,False,244.13,92.78,0,,12001.5,4000,False,0
1789595607,896660,FDB570  ,United Arab Emirates,1789595607,1789595607,74.2479,14.9601,10972.8,False,243.99,326.18,0,,11635.74,,False,0
1789595607,89664c,ETD218  ,United Arab Emirates,1789595604,1789595604,77.3287,28.4441,1249.68,False,111.51,4.76,-5.85,,1226.82,,False,0
1789595607,780ab6,CPA694  ,China,1789595606,1789595606,92.5795,23.5028,11887.2,False,257.68,93.43,0,,12603.48,0513,False,0
1789595607,885963,TVJ761  ,Thailand,1789595606,1789595606,88.4952,18.072,9448.8,False,245,108.74,0,,10035.54,0315,False,0
1789595607,8964b0,UAE399  ,United Arab Emirates,1789595526,1789595528,83.5409,12.6673,11582.4,False,265.04,296.27,-0.33,,12260.58,,False,0
1789595607,8964c3,ETD432  ,United Arab Emirates,1789595605,1789595606,83.6445,22.9974,11277.6,False,266.39,93.21,-0.33,,11978.64,3407,False,0
1789595607,8964a8,UAE313  ,United Arab Emirates,1789595605,1789595606,85.3042,21.9783,10363.2,False,251.3,262.23,0,,11003.28,6354,False,0
1789595607,76cc75,SIA402  ,Singapore,1789595590,1789595595,86.0992,17.9526,10972.8,False,261.61,313.8,-0.33,,11650.98,,False,0
1789595607,484cba,KLM836  ,Kingdom of the Netherlands,1789595606,1789595606,75.5551,26.9377,9144,False,249.15,292.33,0,,9669.78,,False,0
1789595607,76cd43,SIA306  ,Singapore,1789595602,1789595605,76.9744,24.8672,10972.8,False,251.03,300.14,0,,11628.12,,False,0
1789595607,8a08b1,UBA8502 ,Indonesia,1789595512,1789595606,96.2719,17.1403,883.92,False,111.62,197.43,-6.18,,,,False,0
1789595607,89669a,ETD6RM  ,United Arab Emirates,1789595606,1789595606,77.8168,13.1305,2575.56,False,135.49,99.18,-3.58,,2621.28,,False,0
1789595607,89668b,ABY471  ,United Arab Emirates,1789595606,1789595606,80.1958,13.0003,137.16,False,72.8,248.88,-3.25,,15.24,3433,False,0
1789595607,781fd6,CSS159  ,China,1789595606,1789595606,78.2607,28.4048,4488.18,False,174.4,295.88,-7.48,,4663.44,6002,False,0
1789595607,152036,AFL292  ,Russian Federation,1789595606,1789595606,81.918,26.605,11277.6,False,244.27,123.49,1.95,,11948.16,,False,0
1789595607,89408b,GFA152  ,Bahrain,1789595606,1789595606,68.5196,24.1232,11887.2,False,255.75,91.38,0,,12618.72,,False,0
1789595607,899087,EVA095  ,Taiwan,1789595606,1789595607,78.1617,29.4695,10972.8,False,232.38,309.61,-0.33,,11590.02,0432,False,0
1789595607,89907e,EVA065  ,Taiwan,1789595606,1789595606,78.7063,28.0399,10355.58,False,246.28,291.96,-0.33,,10957.56,0427,False,0
1789595607,899097,EVA062  ,Taiwan,1789595606,1789595606,89.3092,20.7948,11887.2,False,263.44,125.86,0.33,,12611.1,7112,False,0
1789595607,040143,ETH609  ,Ethiopia,1789595606,1789595606,80.4325,12.9626,9745.98,False,258.36,275.37,0,,10317.48,0740,False,0
1789595607,706214,JZR406  ,Kuwait,1789595606,1789595606,75.4713,11.8606,8991.6,False,245.46,319.16,2.6,,9502.14,,False,0
1789595607,040156,ETH3290 ,Ethiopia,1789595606,1789595606,70.8045,22.9305,12496.8,False,240.84,85.96,0,,13243.56,,False,0
1789595607,040126,ETH687  ,Ethiopia,1789595606,1789595606,74.8429,28.5106,8008.62,False,193.65,272.74,7.48,,8420.1,,False,0
1789595607,8881ff,VJC1806 ,Viet Nam,1789595606,1789595606,93.9678,16.1982,10066.02,False,240.6,110.53,0,,,0374,False,0
1789595607,899017,CAL5663 ,Taiwan,1789595606,1789595606,94.2133,19.3037,10363.2,False,256.65,298.36,0,,11026.14,2630,False,0
1789595607,899013,CAL063  ,Taiwan,1789595606,1789595606,77.5386,29.9057,11582.4,False,228.15,313.63,0,,12214.86,2663,False,0
1789595607,06a3b7,QTR8954 ,Qatar,1789595297,1789595297,72.6376,23.9283,11887.2,False,250.12,94.01,0,,12618.72,,False,0
1789595607,06a376,QTR842  ,Qatar,1789595607,1789595607,81.0748,13.5867,11887.2,False,238.01,110.63,0,,12573,2127,False,0
1789595607,89912f,SJX101  ,Taiwan,1789595320,1789595321,83.6539,22.9968,10972.8,False,247.84,273.21,-0.33,,11635.74,2644,False,0
1789595607,06a2e9,QTR982  ,Qatar,1789595606,1789595606,89.4796,22.5345,11879.58,False,254.41,96.85,0,,12611.1,0365,False,0
1789595607,06a2f9,QTR838  ,Qatar,1789595606,1789595606,95.0759,16.5583,11879.58,False,248.76,115.35,-0.33,,12618.72,5635,False,0
1789595607,4ba9c8,THY62Y  ,Turkey,1789595607,1789595607,81.9168,27.136,11887.2,False,254.14,112.62,0,,12580.62,,False,0
1789595607,06a2c7,QTR8M   ,Qatar,1789595606,1789595606,79.1238,7.0199,10363.2,False,262.36,305.34,0,,10949.94,,False,0
1789595607,8990e6,EVA071  ,Taiwan,1789595605,1789595605,80.0838,27.5257,9753.6,False,247.19,317.28,0,,10309.86,6247,False,0
1789595607,06a062,QTR807  ,Qatar,1789595606,1789595606,70.7178,22.8157,10363.2,False,253.16,273.85,0,,11026.14,,False,0
1789595607,a7a9a0,N593MA  ,United States,1789595559,1789595561,82.806,33.1948,,True,0.06,171.56,,,,,False,0
1789595607,06a072,QTR898  ,Qatar,1789595605,1789595605,78.4414,15.2141,9448.8,False,261.59,116.51,0,,10005.06,2131,False,0
1789595607,39cf0f,AFR198  ,France,1789595607,1789595607,80.3493,25.8972,11887.2,False,260.72,129.15,0,,12573,,False,0
1789595607,7c8064,QFA5    ,Australia,1789595590,1789595591,79.6269,14.5067,11574.78,False,255.66,345.91,0,,12260.58,1456,False,0
1789595607,80139b,AIC7FM  ,India,1789595607,1789595607,81.1374,26.3044,11277.6,False,241.28,114.43,0,,11940.54,,False,0
1789595607,406c39,VIR303  ,United Kingdom,1789595607,1789595607,72.3246,31.2749,10355.58,False,237.76,263.29,0,,10911.84,,False,0
1789595607,801403,AXB135  ,India,1789595539,1789595539,77.0979,28.5623,,True,7.46,104.06,,,,,False,0
1789595607,801406,AIC112  ,India,1789595527,1789595530,74.2366,26.2944,11879.58,False,252.08,39.7,0,,12611.1,,False,0
1789595607,801454,IGO6129 ,India,1789595606,1789595606,74.752,15.4339,11879.58,False,229.77,159.01,-0.33,,12595.86,,False,0
1789595607,801435,AXB920  ,India,1789595605,1789595606,77.4464,13.2052,4389.12,False,183.73,100.65,-5.2,,4556.76,,False,0
1789595607,06a10b,QTR830  ,Qatar,1789595602,1789595606,81.4055,18.2637,12496.8,False,246.63,108.74,0,,13205.46,,False,0
1789595607,801530,FQA321  ,India,1789595606,1789595606,76.578,27.9745,7368.54,False,211.6,204.26,8.78,,7741.92,,False,0
1789595607,06a12a,QTR859  ,Qatar,1789595606,1789595606,86.9969,23.0835,10972.8,False,253.67,294.69,0,,11643.36,6302,False,0
1789595607,06a145,QTR837  ,Qatar,1789595607,1789595607,83.8943,17.6117,12192,False,255.54,286.61,0,,12915.9,,False,0
1789595607,801548,AKJ506  ,India,1789595606,1789595606,75.6049,12.3415,11277.6,False,225.43,143.44,0.33,,11948.16,,False,0
1789595607,80159f,AIC308  ,India,1789595606,1789595606,77.1738,28.0179,4229.1,False,189.86,117.95,5.53,,4381.5,,False,0
1789595607,80156e,BDA354  ,India,1789595606,1789595607,76.1581,28.0836,5021.58,False,179.51,21.34,-5.53,,5234.94,,False,0
1789595607,06a103,QTR955  ,Qatar,1789595606,1789595606,78.1771,8.3801,11582.4,False,263.18,300.68,0,,12237.72,,False,0
1789595607,885102,THA937  ,Thailand,1789595605,1789595606,84.5554,24.6369,12496.8,False,254.29,117.86,0,,13213.08,0142,False,0
1789595607,88511a,THA924  ,Thailand,1789595606,1789595607,73.9378,27.6004,12192,False,238.56,300.88,0,,12885.42,,False,0
1789595607,88510a,THA941  ,Thailand,1789595606,1789595606,96.3571,16.1639,12496.8,False,247.14,133.06,0,,13220.7,0410,False,0
1789595607,88510b,THA925  ,Thailand,1789595606,1789595606,93.6361,19.6568,12496.8,False,240.19,95.16,-0.33,,13228.32,1735,False,0
1789595607,885116,THA955  ,Thailand,1789595606,1789595606,75.773,31.1694,11887.2,False,286.16,108.66,0,,12512.04,,False,0
1789595607,885115,THA326  ,Thailand,1789595605,1789595605,92.8183,12.2559,11887.2,False,252.63,84.74,0,,,,False,0
1789595607,88516c,THA951  ,Thailand,1789595606,1789595606,95.1377,17.0197,10668,False,256.03,122.44,0,,11330.94,0715,False,0
1789595607,8013f8,IGO084  ,India,1789595456,1789595460,77.1072,28.5417,320.04,False,74.12,283.65,-3.25,,213.36,,False,0
1789595607,885156,THA350  ,Thailand,1789595605,1789595606,88.6184,22.5643,11277.6,False,259.37,125.39,0,,11971.02,7272,False,0
1789595607,885177,THA921  ,Thailand,1789595606,1789595606,88.1922,21.3833,11887.2,False,249.41,115.93,0,,12611.1,7644,False,0
1789595607,885179,THA970  ,Thailand,1789595606,1789595606,76.0589,28.3949,10363.2,False,237.99,292.63,0,,10965.18,,False,0
1789595607,885170,THA950  ,Thailand,1789595605,1789595605,74.996,27.1224,9753.6,False,247.85,292.84,0,,10340.34,,False,0
1789595607,3c64f5,DLH759  ,Germany,1789595606,1789595606,80.0398,12.9956,632.46,False,127.91,291.72,5.2,,541.02,0621,False,0
1789595607,7103d7,SVA871  ,Saudi Arabia,1789595523,1789595535,87.4623,16.6639,10363.2,False,261.53,283.65,-0.33,,11010.9,,False,0
1789595607,4246b4,AHY057  ,United Kingdom,1789595606,1789595606,76.3432,28.3514,3992.88,False,173.47,63.59,-3.9,,4137.66,,False,0
1789595607,a9aba2,ETD9682 ,United States,1789595606,1789595606,70.2537,22.9137,11887.2,False,249.09,85.97,0,,12633.96,,False,0
1789595607,151db6,AFL284  ,Russian Federation,1789595606,1789595607,77.8032,29.2617,10668,False,264.25,146.03,-0.33,,11269.98,,False,0
1789595607,7105ac,SVA857  ,Saudi Arabia,1789595606,1789595606,80.2723,13.2002,10363.2,False,260.67,296.36,0,,10995.66,2272,False,0
1789595607,77170d,EXV912  ,Sri Lanka,1789595606,1789595606,83.2259,17.2913,10972.8,False,239.84,226.83,0,,11643.36,4702,False,0
1789595607,70c10c,OMS705  ,Oman,1789595606,1789595606,75.4572,28.0906,11277.6,False,248.11,95.59,0,,11940.54,,False,0
1789595607,70c10d,OMS783  ,Oman,1789595605,1789595605,74.1417,15.7915,11277.6,False,232.34,124.99,-0.33,,11963.4,,False,0
1789595607,770453,ALK191  ,Sri Lanka,1789595597,1789595598,77.2744,24.8786,11574.78,False,232.33,352.75,0,,12283.44,,False,0
1789595607,7609f0,FJL530  ,Pakistan,1789595418,1789595493,71.9534,29.6757,10965.18,False,220.92,228.78,0,,11590.02,,False,0
1789595607,70c0fe,OMA817  ,Oman,1789595591,1789595591,89.8301,17.6408,12496.8,False,239.47,108.67,-0.33,,13228.32,4760,False,0
1789595607,77058f,ALK153  ,Sri Lanka,1789595607,1789595607,80.102,12.4164,11277.6,False,246.06,345.47,0,,11955.78,7341,False,0
1789595607,88813a,HVN18   ,Viet Nam,1789595607,1789595607,95.7047,21.5592,13106.4,False,241.56,102.17,0,,13845.54,7563,False,0
1789595607,706058,KAC283  ,Kuwait,1789595606,1789595606,88.8039,22.9399,10355.58,False,261.84,98.02,-6.83,,11003.28,0460,False,0
1789595607,706064,KAC364  ,Kuwait,1789595585,1789595585,78.6413,8.5591,8374.38,False,241.99,308.53,3.9,,8831.58,,False,0
1789595607,706072,KAC382  ,Kuwait,1789595606,1789595606,75.0975,28.5245,7307.58,False,211.03,271.82,4.55,,7680.96,,False,0
1789595607,7705c1,ALK402  ,Sri Lanka,1789595607,1789595607,94.5983,12.7699,11879.58,False,225.95,62.62,0,,,,False,0
1789595607,706130,JZR531  ,Kuwait,1789595606,1789595606,90.3989,23.8504,,True,7.46,323.44,,,,1433,False,0
1789595607,70612c,JZR432  ,Kuwait,1789595450,1789595450,73.3096,15.533,10355.58,False,240.76,298.32,0.33,,10988.04,,False,0
1789595607,70612d,JZR407  ,Kuwait,1789595606,1789595606,69.5625,23.9511,10668,False,243.65,101.57,-0.33,,11346.18,,False,0
1789595607,8880ad,HVN670  ,Viet Nam,1789595607,1789595607,94.7598,14.9391,10058.4,False,238.19,103.62,0,,,,False,0
1789595607,8880e0,HVN31   ,Viet Nam,1789595607,1789595607,74.3038,27.4784,11582.4,False,238.59,299.16,-0.65,,12260.58,,False,0
1789595607,888217,VJC910  ,Viet Nam,1789595606,1789595606,92.5014,22.2122,10058.4,False,245.94,93.84,0,,10690.86,0340,False,0
1789595607,8940dc,GFA130  ,Bahrain,1789595607,1789595607,76.0127,28.25,4267.2,False,180.8,75.33,0,,4434.84,,False,0
1789595607,7502cd,XAX605  ,Malaysia,1789595606,1789595606,85.7284,16.7961,11887.2,False,240.68,132.49,0,,12603.48,,False,0
1789595607,76cda3,SIA302  ,Singapore,1789595599,1789595600,83.984,21.5847,11529.06,False,247.15,311.29,2.28,,12222.48,2230,False,0
1789595607,76cda8,SIA314  ,Singapore,1789595606,1789595606,87.3524,18.704,10972.8,False,256.67,312.64,0,,11635.74,0174,False,0
1789595607,76cda5,SIA304  ,Singapore,1789595606,1789595606,70.7808,30.9732,12192,False,233.27,329.08,0,,12832.08,,False,0
1789595607,76cdb5,SIA309  ,Singapore,1789595605,1789595605,88.4147,17.7235,12496.8,False,247.73,135.42,0,,13205.46,4761,False,0
1789595607,76cdb2,SIA312  ,Singapore,1789595400,1789595401,70.5595,30.8936,10972.8,False,254.71,334.26,0,,11551.92,,False,0
1789595607,76cdad,SIA352  ,Singapore,1789595469,1789595469,72.693,30.6632,11582.4,False,243.46,309.34,0,,12199.62,,False,0
1789595607,8966ce,ETD402  ,United Arab Emirates,1789595607,1789595607,83.945,19.5243,11887.2,False,255.18,111.03,0.33,,12603.48,,False,0
1789595607,8966af,ABY496  ,United Arab Emirates,1789595606,1789595606,77.0382,13.8681,6835.14,False,207.22,122.43,-10.4,,7223.76,,False,0
1789595607,750447,MXD752  ,Malaysia,1789595606,1789595606,77.4678,29.313,11887.2,False,252.61,129.3,0,,12542.52,,False,0
1789595607,75041f,MXD132  ,Malaysia,1789595600,1789595602,79.1759,26.0506,10058.4,False,245.61,151.61,-0.33,,10652.76,,False,0
1789595607,750420,MXD181  ,Malaysia,1789595603,1789595603,96.4073,11.3135,11277.6,False,234.64,135.62,0,,11978.64,7777,False,0
1789595607,750423,MXD216  ,Malaysia,1789595607,1789595607,91.69,15.6578,11887.2,False,237.44,103.92,0.33,,,,False,0
1789595607,48ae00,LOT71   ,Poland,1789595605,1789595606,77.1967,28.5225,762,False,90.09,283.88,-5.2,,693.42,,False,0
1789595607,507c4c,UZB553  ,Uzbekistan,1789595605,1789595606,78.9695,26.5871,12489.18,False,255.62,154.11,-0.33,,13197.84,,False,0
1789595607,75059c,MAS119  ,Malaysia,1789595605,1789595605,93.0228,13.2416,11277.6,False,228.46,135.73,0,,,,False,0
1789595607,ab2d5c,N8191X  ,United States,1789595400,1789595400,82.8042,33.2046,,True,6.69,348.75,,,,,False,0
1789595607,86e3ec,JAL754  ,Japan,1789595606,1789595606,82.412,17.0608,11879.58,False,250.5,50,0,,12595.86,,False,0
1789595607,800b62,AXB5976 ,India,1789595606,1789595606,77.3727,28.0859,3649.98,False,148.08,22.47,-2.93,,3802.38,,False,0
1789595607,800b81,SEJ164  ,India,1789595359,1789595359,72.7404,19.2858,3200.4,False,160.72,357.06,6.18,,3032.76,,False,0
1789595607,4d20f9,VJT278R ,Malta,1789595600,1789595601,71.4938,18.6073,12192,False,253.6,295.21,0,,12931.14,,False,0
1789595607,800c42,AIC2284 ,India,1789595606,1789595606,69.5306,22.8828,10683.24,False,243.99,91.93,0,,11346.18,,False,0
1789595607,800c3a,LLR676  ,India,1789595606,1789595606,79.0539,27.8253,5486.4,False,128,306.5,0,,5753.1,,False,0
1789595607,800c4b,AIC2378 ,India,1789595606,1789595606,85.2337,20.7018,10668,False,238.11,129.92,-0.33,,11330.94,0526,False,0
1789595607,3c68cb,BCS694  ,Germany,1789595606,1789595606,93.0737,22.4628,12496.8,False,243.97,79.31,0,,13251.18,0451,False,0
1789595607,4cac10,KZR931  ,Ireland,1789595589,1789595605,75.328,31.3198,10058.4,False,264.25,92.9,-0.33,,10607.04,,False,0
1789595607,710055,SVA827  ,Saudi Arabia,1789595606,1789595606,75.9438,8.8071,10378.44,False,262.19,298.48,3.25,,10957.56,,False,0
1789595607,710053,SVA810  ,Saudi Arabia,1789595606,1789595606,89.4974,23.2944,6637.02,False,234.38,41.35,-9.43,,7002.78,5272,False,0
1789595607,710057,SVA803  ,Saudi Arabia,1789595606,1789595606,89.9823,23.357,5295.9,False,186.69,238.98,4.55,,5539.74,4727,False,0
1789595607,70e085,SEJ905  ,Cambodia,1789595606,1789595606,80.47,26.6191,10668,False,247.59,113.9,0,,11292.84,,False,0
1789595607,711486,RXI763  ,Saudi Arabia,1789595606,1789595607,70.7518,24.0781,11269.98,False,267.62,91.65,0,,11986.26,,False,0
1789595607,800bef,AIC2336 ,India,1789595607,1789595607,94.8969,18.4652,11277.6,False,230.79,125.11,0,,11993.88,0512,False,0
1789595607,0100a4,MSR511  ,Egypt,1789595607,1789595607,96.6927,15.2887,10888.98,False,244.29,290.08,4.88,,11597.64,,False,0
1789595624,80163c,IGO1477 ,India,1789595623,1789595623,70.6996,22.817,9144,False,214.49,273.85,0,,9707.88,,False,0
1789595624,801625,AIC1ZH  ,India,1789595622,1789595622,77.8145,13.2061,1386.84,False,72.54,270.41,-4.88,,1356.36,,False,0
1789595624,8851ea,THA340  ,Thailand,1789595623,1789595623,93.9955,19.6204,10073.64,False,249.44,137.59,0,,,,False,0
1789595624,8851e1,THA344  ,Thailand,1789595622,1789595623,88.9793,18.9455,10066.02,False,242.57,108.93,0,,10683.24,0377,False,0
1789595624,8014af,IGO1486 ,India,1789595496,1789595612,75.4381,14.9295,11887.2,False,228.31,126.66,0,,12603.48,,False,0
1789595624,885282,THA911  ,Thailand,1789595623,1789595624,95.5718,16.6549,11277.6,False,256.12,123.95,0,,11986.26,3461,False,0
1789595624,80174a,IGO245C ,India,1789595623,1789595624,77.2691,28.1371,2720.34,False,142.74,14.19,-4.88,,2788.92,,False,0
1789595624,80174d,VTIWT   ,India,1789595622,1789595622,77.0837,28.5612,,True,3.34,149.06,,,,,False,0
1789595624,801772,IGO1339 ,India,1789595166,1789595330,82.2099,13.3279,10668,False,238.58,116.79,0,,11315.7,0343,False,0
1789595624,80177d,IGO706  ,India,1789595623,1789595624,77.2531,25.1178,10370.82,False,240.29,358.9,0,,11003.28,,False,0
1789595624,885307,THA330  ,Thailand,1789595623,1789595623,94.3732,15.0405,10668,False,236.69,103.7,0.33,,,,False,0
1789595624,05a0af,DQA341  ,Maldives,1789595622,1789595622,82.4191,16.3012,12192,False,245.41,213.89,0,,12915.9,1537,False,0
1789595624,88530a,THA338  ,Thailand,1789595623,1789595624,96.0694,13.5988,10675.62,False,239.69,75.96,0.33,,,,False,0
1789595624,885313,THA314  ,Thailand,1789595623,1789595623,92.4627,18.5889,10668,False,241.21,127.9,-0.33,,,0420,False,0
1789595624,80052d,,India,1789595623,1789595623,76.8796,8.5345,480.06,False,110.24,357.06,3.58,,365.76,,False,0
1789595624,3c4a08,DLH761  ,Germany,1789595623,1789595623,75.4176,28.6979,6088.38,False,214.92,321.51,-0.65,,6385.56,,False,0
1789595624,80189d,AIC187  ,India,1789595623,1789595623,69.225,22.8984,10355.58,False,251.38,272.93,-0.33,,11018.52,,False,0
1789595624,70209f,BBC305  ,Bangladesh,1789595623,1789595624,87.4345,24.992,10355.58,False,255.42,288.07,-0.65,,10995.66,4773,False,0
1789595624,8017a0,IGO2369 ,India,1789595623,1789595623,77.2792,28.3823,2095.5,False,108.09,9.87,-7.48,,2118.36,,False,0
1789595624,8016d7,IGO679P ,India,1789595623,1789595623,78.8045,14.2909,9745.98,False,232.04,305.98,2.93,,10332.72,0211,False,0
1789595624,89618a,UAE363  ,United Arab Emirates,1789595623,1789595623,69.6499,22.8972,12192,False,252.68,273.97,0,,12946.38,,False,0
1789595624,896175,UAE329  ,United Arab Emirates,1789595587,1789595589,73.46,23.0906,10363.2,False,255.46,267.23,0,,10988.04,,False,0
1789595624,80183b,IGO72P  ,India,1789595621,1789595621,75.3264,27.0403,10668,False,236.7,28.85,0,,11315.7,,False,0
1789595624,80183a,IGO721  ,India,1789595620,1789595620,74.6341,15.7125,11597.64,False,235.21,354.35,0,,12306.3,,False,0
1789595624,801819,IGO626E ,India,1789595441,1789595448,77.7811,14.7333,9182.1,False,227.04,2.21,5.85,,9738.36,2704,False,0
1789595624,8a0536,GIA089  ,Indonesia,1789595622,1789595622,85.8426,16.6955,10668,False,252.69,132.52,0,,11315.7,,False,0
1789595624,8018e1,IGO426L ,India,1789595623,1789595624,76.8308,26.5357,10271.76,False,242.52,177.57,4.88,,10873.74,,False,0
1789595624,8018dd,IGO012  ,India,1789595453,1789595460,72.4765,24.5059,11887.2,False,233.37,50.1,0,,12618.72,,False,0
1789595624,7020be,UBG382  ,Bangladesh,1789595346,1789595346,90.4044,23.8475,,True,0,53.44,,,,4522,False,0
1789595624,896408,ETD498  ,United Arab Emirates,1789595624,1789595624,79.5278,12.9833,10668,False,255.32,109.79,-0.33,,11308.08,1740,False,0
1789595624,896357,ETD973  ,United Arab Emirates,1789595623,1789595623,85.196,22.9214,12496.8,False,248.8,69.17,0,,13228.32,1764,False,0
1789595624,896327,ETD476  ,United Arab Emirates,1789595623,1789595624,77.5233,10.4558,10058.4,False,252.35,110.65,0,,10645.14,,False,0
1789595624,4bb0eb,THY45M  ,Turkey,1789595622,1789595622,95.7243,11.7518,11887.2,False,246.09,137.2,0,,12603.48,5116,False,0
1789595624,4bb0fa,THY208  ,Turkey,1789595624,1789595624,95.7086,17.899,12496.8,False,238.5,126.85,0.33,,13327.38,5117,False,0
1789595624,896303,UAE3KV  ,United Arab Emirates,1789595623,1789595623,68.3796,21.2958,10363.2,False,259.4,293.62,0,,11026.14,,False,0
1789595624,896306,UAE371  ,United Arab Emirates,1789595622,1789595622,92.2983,15.5099,10972.8,False,253.16,284.23,0,,11673.84,,False,0
1789595624,896312,UAE377  ,United Arab Emirates,1789595624,1789595624,85.5333,17.1928,10363.2,False,257.51,286.48,0,,10988.04,,False,0
1789595624,80073f,AIC302  ,India,1789595623,1789595623,82.0199,25.2954,10668,False,260.84,134.28,0,,11308.08,,False,0
1789595624,780a57,CPA612  ,China,1789595624,1789595624,95.3201,13.0722,12496.8,False,234.28,72.36,0,,,,False,0
1789595624,780a58,CPA624  ,China,1789595623,1789595623,88.0062,21.0076,11277.6,False,244.59,70.08,0,,11986.26,0640,False,0
1789595624,8963ec,UAE7Q   ,United Arab Emirates,1789595623,1789595623,79.0036,14.9128,11582.4,False,262.74,296.77,0,,12260.58,2133,False,0
1789595624,8963e7,UAE374  ,United Arab Emirates,1789595591,1789595614,72.5747,23.9525,11887.2,False,258.99,94.33,0,,12626.34,,False,0
1789595624,896536,ETD473  ,United Arab Emirates,1789595616,1789595616,74.974,10.248,11574.78,False,264.88,300.2,0,,12260.58,,False,0
1789595624,896535,ETD870  ,United Arab Emirates,1789595622,1789595623,87.7964,22.8205,12496.8,False,250.72,101.84,-0.33,,13228.32,1714,False,0
1789595624,896539,ETD474  ,United Arab Emirates,1789595623,1789595623,77.1983,9.4836,11277.6,False,244.95,121.95,0,,11940.54,,False,0
1789595624,89647c,UAE75T  ,United Arab Emirates,1789595554,1789595554,75.5683,9.7846,12192,False,264.97,301.75,0,,12870.18,,False,0
1789595624,896496,ABY518  ,United Arab Emirates,1789595620,1789595621,78.2122,26.3105,11277.6,False,251.12,78.9,0,,11971.02,,False,0
1789595624,896473,UAE319  ,United Arab Emirates,1789595624,1789595624,71.8787,22.978,12192,False,253.34,267.56,0,,12931.14,,False,0
1789595624,896488,ETD401  ,United Arab Emirates,1789595621,1789595621,88.8474,17.9516,10972.8,False,261.76,288.68,-0.33,,11650.98,0711,False,0
1789595624,896451,UAE325  ,United Arab Emirates,1789595617,1789595617,73.3656,23.0706,10972.8,False,257.45,267.59,0,,11666.22,,False,0
1789595624,40688f,BAW35   ,United Kingdom,1789595623,1789595623,80.2982,13.541,3116.58,False,168.79,168.93,-8.78,,3192.78,5715,False,0
1789595624,89642e,ABY422  ,United Arab Emirates,1789595623,1789595623,76.2993,10.1473,510.54,False,80.83,87.81,-2.93,,426.72,,False,0
1789595624,89642d,ABY410  ,United Arab Emirates,1789595550,1789595550,76.2859,11.1042,6225.54,False,225.89,96.8,-9.1,,9067.8,,False,0
1789595624,8963a2,UAE9785 ,United Arab Emirates,1789595624,1789595624,91.4391,22.303,9753.6,False,251.86,276.92,0,,10355.58,5345,False,0
1789595624,8964fa,ETD410  ,United Arab Emirates,1789595622,1789595622,91.5525,14.6846,12496.8,False,249.54,135,-0.33,,,,False,0
1789595624,8964bf,ETD898  ,United Arab Emirates,1789595624,1789595624,86.9628,22.9101,11887.2,False,254.99,99.41,-0.33,,12603.48,3423,False,0
1789595624,780c01,CES2052 ,China,1789595623,1789595623,90.1891,22.5166,11277.6,False,244.6,92.53,0,,12001.5,4000,False,0
1789595624,896660,FDB570  ,United Arab Emirates,1789595624,1789595624,74.2264,14.9912,10972.8,False,244.27,326.08,0,,11635.74,,False,0
1789595624,89664c,ETD218  ,United Arab Emirates,1789595623,1789595623,77.3223,28.4608,1173.48,False,104.9,324.98,-2.93,,1135.38,,False,0
1789595624,780ab6,CPA694  ,China,1789595623,1789595623,92.6218,23.5004,11887.2,False,258.2,93.43,0,,12603.48,0513,False,0
1789595624,885963,TVJ761  ,Thailand,1789595623,1789595623,88.5316,18.0601,9448.8,False,244.68,108.89,0,,10035.54,0315,False,0
1789595624,8964b0,UAE399  ,United Arab Emirates,1789595526,1789595528,83.5409,12.6673,11582.4,False,265.04,296.27,-0.33,,12260.58,,False,0
1789595624,8964c3,ETD432  ,United Arab Emirates,1789595624,1789595624,83.6934,22.9949,11269.98,False,266.39,93.21,0,,11971.02,3407,False,0
1789595624,8964a8,UAE313  ,United Arab Emirates,1789595620,1789595623,85.268,21.9738,10363.2,False,250.79,262.22,0,,11003.28,6354,False,0
1789595624,76cc75,SIA402  ,Singapore,1789595619,1789595620,86.0481,17.9993,10972.8,False,260.89,313.64,0,,11650.98,,False,0
1789595624,484cba,KLM836  ,Kingdom of the Netherlands,1789595622,1789595622,75.5173,26.9515,9144,False,248.66,291.74,0,,9669.78,,False,0
1789595624,8965f8,ABY552  ,United Arab Emirates,1789595622,1789595623,74.1945,31.2927,7216.14,False,196.6,29.99,-6.83,,7543.8,,False,0
1789595624,76cd43,SIA306  ,Singapore,1789595624,1789595624,76.9282,24.8917,10972.8,False,250.33,300.1,0,,11628.12,,False,0
1789595624,8a08b1,UBA8502 ,Indonesia,1789595512,1789595616,96.2719,17.1403,853.44,False,111.62,197.43,-6.18,,,,False,0
1789595624,89669a,ETD6RM  ,United Arab Emirates,1789595623,1789595623,77.8362,13.1275,2506.98,False,128.64,98.97,-4.88,,2545.08,,False,0
1789595624,89668b,ABY471  ,United Arab Emirates,1789595613,1789595613,80.1915,12.9986,114.3,False,72.32,248.73,-3.58,,15.24,3433,False,0
1789595624,781fd6,CSS159  ,China,1789595623,1789595623,78.2342,28.416,4366.26,False,170.28,295.4,-7.48,,4526.28,6002,False,0
1789595624,152036,AFL292  ,Russian Federation,1789595623,1789595623,81.9526,26.5844,11277.6,False,243.84,123.56,-0.65,,11948.16,,False,0
1789595624,89408b,GFA152  ,Bahrain,1789595624,1789595624,68.563,24.1222,11887.2,False,255.75,91.38,-0.33,,12618.72,,False,0
1789595624,899087,EVA095  ,Taiwan,1789595624,1789595624,78.1302,29.4922,10965.18,False,232.06,309.51,0,,11582.4,0432,False,0
1789595624,89907e,EVA065  ,Taiwan,1789595623,1789595623,78.6671,28.054,10355.58,False,246.47,292.07,0,,10957.56,0427,False,0
1789595624,899097,EVA062  ,Taiwan,1789595623,1789595623,89.3438,20.7712,11887.2,False,263.44,125.86,-0.65,,12618.72,7112,False,0
1789595624,040143,ETH609  ,Ethiopia,1789595623,1789595623,80.3927,12.9662,9753.6,False,258.82,275.25,0,,10325.1,0740,False,0
1789595624,706214,JZR406  ,Kuwait,1789595623,1789595623,75.4459,11.8896,9044.94,False,246.19,319.15,2.93,,9555.48,,False,0
1789595624,040156,ETH3290 ,Ethiopia,1789595622,1789595623,70.8433,22.933,12496.8,False,240.84,85.96,0,,13243.56,,False,0
1789595624,040126,ETH687  ,Ethiopia,1789595622,1789595622,74.8108,28.5121,8107.68,False,193.19,273.05,2.93,,8526.78,,False,0
1789595624,8881ff,VJC1806 ,Viet Nam,1789595623,1789595623,94.0033,16.1854,10058.4,False,241.09,110.48,0,,,0374,False,0
1789595624,899017,CAL5663 ,Taiwan,1789595623,1789595623,94.177,19.3223,10363.2,False,256.65,298.36,0,,11026.14,2630,False,0
1789595624,899013,CAL063  ,Taiwan,1789595623,1789595623,77.5104,29.9291,11582.4,False,229.2,314.09,0,,12214.86,2663,False,0
1789595624,06a376,QTR842  ,Qatar,1789595623,1789595624,81.1087,13.5743,11887.2,False,238.01,110.63,0,,12573,2127,False,0
1789595624,89912f,SJX101  ,Taiwan,1789595320,1789595321,83.6539,22.9968,10972.8,False,247.84,273.21,-0.33,,11635.74,2644,False,0
1789595624,06a2e9,QTR982  ,Qatar,1789595624,1789595624,89.5218,22.5298,11887.2,False,254.53,97.08,-0.33,,12618.72,0365,False,0
1789595624,06a2f9,QTR838  ,Qatar,1789595623,1789595623,95.1114,16.5421,11887.2,False,249.22,115.3,0,,12626.34,5635,False,0
1789595624,4ba9c8,THY62Y  ,Turkey,1789595624,1789595624,81.9568,27.121,11887.2,False,253.66,112.66,-0.33,,12573,,False,0
1789595624,06a2c7,QTR8M   ,Qatar,1789595624,1789595624,79.0904,7.0435,10363.2,False,262.06,305.25,0,,10957.56,,False,0
1789595624,8990e6,EVA071  ,Taiwan,1789595623,1789595623,80.0536,27.5548,9753.6,False,247.54,317.19,0,,10309.86,6247,False,0
1789595624,06a062,QTR807  ,Qatar,1789595623,1789595623,70.6768,22.8182,10363.2,False,252.68,273.97,0,,11026.14,,False,0
1789595624,a7a9a0,N593MA  ,United States,1789595559,1789595561,82.806,33.1948,,True,0.06,171.56,,,,,False,0
1789595624,06a072,QTR898  ,Qatar,1789595621,1789595622,78.4786,15.1962,9448.8,False,261.36,116.41,0,,10005.06,2131,False,0
1789595624,39cf0f,AFR198  ,France,1789595624,1789595624,80.3833,25.8722,11887.2,False,260.32,129.23,-0.33,,12573,,False,0
1789595624,7c8064,QFA5    ,Australia,1789595590,1789595591,79.6269,14.5067,11574.78,False,255.66,345.91,0,,12260.58,1456,False,0
1789595624,80139b,AIC7FM  ,India,1789595623,1789595624,81.174,26.2895,11277.6,False,241.74,114.38,0,,11940.54,,False,0
1789595624,406c39,VIR303  ,United Kingdom,1789595623,1789595624,72.2838,31.2708,10355.58,False,237.64,263.54,0.33,,10911.84,,False,0
1789595624,801403,AXB135  ,India,1789595539,1789595539,77.0979,28.5623,,True,7.46,104.06,,,,,False,0
1789595624,801406,AIC112  ,India,1789595621,1789595621,74.3886,26.4588,11879.58,False,252.08,39.7,0.33,,12603.48,,False,0
1789595624,801454,IGO6129 ,India,1789595622,1789595623,74.7647,15.4018,11879.58,False,229.77,159.01,0,,12595.86,,False,0
1789595624,801435,AXB920  ,India,1789595623,1789595623,77.4751,13.1999,4297.68,False,183.23,100.68,-5.2,,4465.32,,False,0
1789595624,06a10b,QTR830  ,Qatar,1789595620,1789595620,81.4432,18.2515,12496.8,False,246.14,108.78,0,,13205.46,,False,0
1789595624,801530,FQA321  ,India,1789595623,1789595623,76.5626,27.9443,7505.7,False,213.43,204.34,10.08,,7886.7,,False,0
1789595624,06a12a,QTR859  ,Qatar,1789595623,1789595623,86.9585,23.0997,10972.8,False,253.45,294.59,0,,11643.36,6302,False,0
1789595624,06a145,QTR837  ,Qatar,1789595624,1789595624,83.8559,17.6227,12192,False,256.18,286.69,0,,12915.9,,False,0
1789595624,801548,AKJ506  ,India,1789595617,1789595617,75.6185,12.3234,11277.6,False,225.13,143.55,0,,11955.78,,False,0
1789595624,80159f,AIC308  ,India,1789595623,1789595623,77.2041,28.0042,4320.54,False,196.02,116.16,5.2,,4465.32,,False,0
1789595624,80156e,BDA354  ,India,1789595624,1789595624,76.1698,28.1101,4930.14,False,175.78,21.46,-5.2,,5143.5,,False,0
1789595624,06a103,QTR955  ,Qatar,1789595623,1789595623,78.1414,8.4011,11582.4,False,262.48,300.64,0,,12237.72,,False,0
1789595624,885102,THA937  ,Thailand,1789595623,1789595623,84.5942,24.6181,12496.8,False,254.29,117.86,0,,13213.08,0142,False,0
1789595624,88511a,THA924  ,Thailand,1789595623,1789595623,73.9035,27.6187,12192,False,238.56,300.88,0,,12877.8,,False,0
1789595624,88510a,THA941  ,Thailand,1789595623,1789595623,96.3855,16.1382,12496.8,False,246.41,133.05,0,,13220.7,0410,False,0
1789595624,88510b,THA925  ,Thailand,1789595623,1789595623,93.6754,19.6535,12496.8,False,240.8,95.39,0,,13228.32,1735,False,0
1789595624,885116,THA955  ,Thailand,1789595623,1789595623,75.8203,31.1525,11879.58,False,282.56,117.54,0.33,,12504.42,,False,0
1789595624,885115,THA326  ,Thailand,1789595622,1789595622,92.8582,12.2595,11887.2,False,252.63,84.74,0,,,,False,0
1789595624,88516c,THA951  ,Thailand,1789595623,1789595623,95.1718,16.9988,10668,False,255.32,122.41,0,,11330.94,0715,False,0
1789595624,8013f8,IGO084  ,India,1789595456,1789595460,77.1072,28.5417,320.04,False,74.12,283.65,-3.25,,213.36,,False,0
1789595624,885156,THA350  ,Thailand,1789595623,1789595623,88.6542,22.5407,11277.6,False,259.37,125.39,0,,11971.02,7272,False,0
1789595624,885177,THA921  ,Thailand,1789595623,1789595623,88.228,21.3669,11887.2,False,249.41,115.93,0.33,,12611.1,7644,False,0
1789595624,885179,THA970  ,Thailand,1789595623,1789595623,76.0208,28.409,10363.2,False,238.46,292.58,0,,10965.18,,False,0
1789595624,885170,THA950  ,Thailand,1789595623,1789595623,74.9557,27.1375,9753.6,False,248.32,292.79,0,,10332.72,,False,0
1789595624,3c64f5,DLH759  ,Germany,1789595623,1789595623,80.0208,13.0029,731.52,False,132.89,291.1,5.85,,640.08,0621,False,0
1789595624,7103d7,SVA871  ,Saudi Arabia,1789595523,1789595535,87.4623,16.6639,10363.2,False,261.53,283.65,-0.33,,11010.9,,False,0
1789595624,4246b4,AHY057  ,United Kingdom,1789595623,1789595623,76.3705,28.3634,3916.68,False,172.32,63.59,-4.23,,4061.46,,False,0
1789595624,a9aba2,ETD9682 ,United States,1789595622,1789595622,70.2929,22.9162,11887.2,False,248.58,85.97,0,,12633.96,,False,0
1789595624,151db6,AFL284  ,Russian Federation,1789595624,1789595624,77.8294,29.2276,10668,False,264.25,146.03,0,,11269.98,,False,0
1789595624,7105ac,SVA857  ,Saudi Arabia,1789595623,1789595623,80.2355,13.2181,10363.2,False,261.13,296.57,-0.33,,10995.66,2272,False,0
1789595624,77170d,EXV912  ,Sri Lanka,1789595623,1789595623,83.1979,17.266,10972.8,False,239.84,226.83,0,,11643.36,4702,False,0
1789595624,70c10c,OMS705  ,Oman,1789595623,1789595623,75.4994,28.087,11277.6,False,246.02,95.52,0,,11940.54,,False,0
1789595624,70c10d,OMS783  ,Oman,1789595622,1789595624,74.1724,15.7706,11277.6,False,231.92,125.06,-0.33,,11963.4,,False,0
1789595624,770453,ALK191  ,Sri Lanka,1789595623,1789595623,77.2669,24.9324,11582.4,False,232.84,352.77,0.65,,12291.06,,False,0
1789595624,7609f0,FJL530  ,Pakistan,1789595418,1789595493,71.9534,29.6757,10965.18,False,220.92,228.78,0,,11590.02,,False,0
1789595624,70c0fe,OMA817  ,Oman,1789595621,1789595621,89.8972,17.619,12489.18,False,238.98,108.71,0.33,,13228.32,4760,False,0
1789595624,77058f,ALK153  ,Sri Lanka,1789595623,1789595623,80.0928,12.4515,11277.6,False,246.06,345.47,0,,11955.78,7341,False,0
1789595624,88813a,HVN18   ,Viet Nam,1789595624,1789595624,95.7436,21.5515,13114.02,False,241.45,102.05,-0.33,,13837.92,7563,False,0
1789595624,706058,KAC283  ,Kuwait,1789595623,1789595623,88.8457,22.936,10256.52,False,262.59,92.36,-5.85,,10888.98,0460,False,0
1789595624,706064,KAC364  ,Kuwait,1789595623,1789595623,78.5764,8.6106,8519.16,False,243.76,308.66,3.58,,8976.36,,False,0
1789595624,706072,KAC382  ,Kuwait,1789595623,1789595623,75.0603,28.5256,7406.64,False,211.53,271.67,5.53,,7780.02,,False,0
1789595624,7705c1,ALK402  ,Sri Lanka,1789595624,1789595624,94.6288,12.7854,11879.58,False,226.41,62.68,0,,,,False,0
1789595624,706130,JZR531  ,Kuwait,1789595623,1789595623,90.3987,23.8511,,True,4.89,19.69,,,,1433,False,0
1789595624,70612c,JZR432  ,Kuwait,1789595450,1789595450,73.3096,15.533,10355.58,False,240.76,298.32,0.33,,10988.04,,False,0
1789595624,70612d,JZR407  ,Kuwait,1789595623,1789595623,69.6023,23.9436,10668,False,243.76,101.69,0.33,,11346.18,,False,0
1789595624,8880ad,HVN670  ,Viet Nam,1789595623,1789595624,94.7958,14.9307,10058.4,False,238.19,103.62,0,,,,False,0
1789595624,8880e0,HVN31   ,Viet Nam,1789595624,1789595624,74.2679,27.4964,11574.78,False,238.14,299.22,0,,12252.96,,False,0
1789595624,888217,VJC910  ,Viet Nam,1789595623,1789595623,92.5419,22.2098,10058.4,False,245.91,93.72,0,,10690.86,0340,False,0
1789595624,8940dc,GFA130  ,Bahrain,1789595623,1789595623,76.0424,28.2569,4259.58,False,180.44,75.13,0,,4419.6,,False,0
1789595624,7502cd,XAX605  ,Malaysia,1789595623,1789595623,85.7564,16.7713,11887.2,False,240.3,132.57,0,,12603.48,,False,0
1789595624,76cda3,SIA302  ,Singapore,1789595599,1789595623,83.984,21.5847,11529.06,False,247.15,311.29,2.28,,12222.48,2230,False,0
1789595624,76cda8,SIA314  ,Singapore,1789595624,1789595624,87.3217,18.731,10972.8,False,256.67,312.64,0,,11635.74,0174,False,0
1789595624,76cda5,SIA304  ,Singapore,1789595623,1789595623,70.7601,31.0031,12192,False,232.57,329.12,0,,12832.08,,False,0
1789595624,76cdb5,SIA309  ,Singapore,1789595623,1789595624,88.4431,17.6959,12496.8,False,247,135.42,0,,13205.46,4761,False,0
1789595624,76cdb2,SIA312  ,Singapore,1789595400,1789595401,70.5595,30.8936,10972.8,False,254.71,334.26,0,,11551.92,,False,0
1789595624,76cdad,SIA352  ,Singapore,1789595620,1789595622,72.3966,30.8719,11582.4,False,243.93,309.09,0,,12199.62,,False,0
1789595624,8966ce,ETD402  ,United Arab Emirates,1789595624,1789595624,83.984,19.5101,11887.2,False,255.18,111.03,0,,12595.86,,False,0
1789595624,8966af,ABY496  ,United Arab Emirates,1789595621,1789595621,77.062,13.8533,6675.12,False,205.09,122.29,-11.05,,7040.88,,False,0
1789595624,750447,MXD752  ,Malaysia,1789595623,1789595623,77.5014,29.2889,11887.2,False,253.01,129.22,0,,12542.52,,False,0
1789595624,75041f,MXD132  ,Malaysia,1789595624,1789595624,79.2031,26.0051,10058.4,False,245.61,151.61,0.33,,10652.76,,False,0
1789595624,750420,MXD181  ,Malaysia,1789595623,1789595623,96.4361,11.2846,11277.6,False,234.64,135.44,0.33,,11978.64,7777,False,0
1789595624,750423,MXD216  ,Malaysia,1789595623,1789595624,91.7254,15.6493,11887.2,False,237.44,103.92,0,,,,False,0
1789595624,48ae00,LOT71   ,Poland,1789595623,1789595623,77.1816,28.5258,678.18,False,83.1,283.61,-4.23,,601.98,,False,0
1789595624,507c4c,UZB553  ,Uzbekistan,1789595623,1789595623,78.9893,26.5504,12489.18,False,256.08,154.16,0,,13205.46,,False,0
1789595624,75059c,MAS119  ,Malaysia,1789595622,1789595622,93.0479,13.2164,11277.6,False,228.46,135.73,0,,,,False,0
1789595624,ab2d5c,N8191X  ,United States,1789595400,1789595400,82.8042,33.2046,,True,6.69,348.75,,,,,False,0
1789595624,86e3ec,JAL754  ,Japan,1789595623,1789595623,82.4428,17.0857,11887.2,False,250.83,49.91,-0.33,,12603.48,,False,0
1789595624,800b62,AXB5976 ,India,1789595623,1789595623,77.3823,28.1065,3604.26,False,147.89,22.28,-2.6,,3756.66,,False,0
1789595624,800b81,SEJ164  ,India,1789595359,1789595359,72.7404,19.2858,3200.4,False,160.72,357.06,6.18,,3032.76,,False,0
1789595624,4d20f9,VJT278R ,Malta,1789595617,1789595617,71.4561,18.6242,12192,False,253.6,295.21,0,,12931.14,,False,0
1789595624,800c42,AIC2284 ,India,1789595623,1789595623,69.571,22.8816,10683.24,False,243.97,91.81,0,,11346.18,,False,0
1789595624,800c3a,LLR676  ,India,1789595623,1789595623,79.0362,27.8369,5486.4,False,128,306.5,0,,5753.1,,False,0
1789595624,800c4b,AIC2378 ,India,1789595623,1789595623,85.2635,20.6784,10660.38,False,238.11,129.92,-0.33,,11323.32,0526,False,0
1789595624,3c68cb,BCS694  ,Germany,1789595623,1789595623,93.1127,22.4696,12496.8,False,243.46,79.28,0,,13251.18,0451,False,0
1789595624,4cac10,KZR931  ,Ireland,1789595622,1789595622,75.4171,31.3011,10058.4,False,260.2,113.17,0,,10607.04,,False,0
1789595624,710055,SVA827  ,Saudi Arabia,1789595623,1789595623,75.9102,8.8281,10355.58,False,264.26,304.37,-1.63,,10965.18,,False,0
1789595624,710053,SVA810  ,Saudi Arabia,1789595623,1789595623,89.5199,23.3232,6507.48,False,230.03,34.61,-7.48,,6858,5272,False,0
1789595624,710057,SVA803  ,Saudi Arabia,1789595623,1789595623,89.955,23.3419,5372.1,False,191.27,239.09,4.55,,5623.56,4727,False,0
1789595624,70e085,SEJ905  ,Cambodia,1789595622,1789595623,80.5067,26.6045,10668,False,248.06,113.85,0,,11292.84,,False,0
1789595624,711486,RXI763  ,Saudi Arabia,1789595623,1789595624,70.7975,24.0769,11277.6,False,267.62,91.65,0,,12001.5,,False,0
1789595624,800bef,AIC2336 ,India,1789595623,1789595623,94.9265,18.4507,11277.6,False,232.27,125.63,0,,11993.88,0512,False,0
1789595624,0100a4,MSR511  ,Egypt,1789595623,1789595623,96.6572,15.3013,11003.28,False,242.35,290.24,8.45,,11673.84,,False,0
1789595647,80163c,IGO1477 ,India,1789595646,1789595646,70.6523,22.8199,9144,False,214.49,273.85,0,,9707.88,,False,0
1789595647,801625,AIC1ZH  ,India,1789595645,1789595646,77.8,13.2062,1303.02,False,66.37,270.44,-3.25,,1264.92,,False,0
1789595647,8851ea,THA340  ,Thailand,1789595646,1789595646,94.0323,19.5824,10066.02,False,248.71,137.6,-0.33,,,,False,0
1789595647,8851e1,THA344  ,Thailand,1789595645,1789595646,89.0308,18.9287,10066.02,False,242.08,108.97,0,,10683.24,0377,False,0
1789595647,8014af,IGO1486 ,India,1789595496,1789595646,75.4381,14.9295,11887.2,False,228.31,126.66,0,,12603.48,,False,0
1789595647,885282,THA911  ,Thailand,1789595647,1789595647,95.6183,16.6244,11277.6,False,256.29,124.62,0,,11986.26,3461,False,0
1789595647,80174a,IGO245C ,India,1789595647,1789595647,77.2775,28.1665,2606.04,False,141.12,14.14,-5.85,,2667,,False,0
1789595647,80174d,VTIWT   ,India,1789595630,1789595630,77.0838,28.5611,,True,2.57,149.06,,,,,False,0
1789595647,80177d,IGO706  ,India,1789595645,1789595647,77.2523,25.1675,10370.82,False,239.75,359.26,0.33,,11003.28,,False,0
1789595647,885307,THA330  ,Thailand,1789595646,1789595646,94.4217,15.0291,10668,False,235.07,103.67,-0.33,,,,False,0
1789595647,05a0af,DQA341  ,Maldives,1789595633,1789595633,82.4051,16.2811,12192,False,245.41,213.89,0,,12915.9,1537,False,0
1789595647,88530a,THA338  ,Thailand,1789595647,1789595647,96.1195,13.6112,10675.62,False,239.69,75.96,0,,,,False,0
1789595647,885313,THA314  ,Thailand,1789595646,1789595646,92.5037,18.5583,10668,False,241.44,128.16,0,,,0420,False,0
1789595647,80052d,,India,1789595645,1789595645,76.881,8.5586,617.22,False,120.78,4.64,10.08,,525.78,,False,0
1789595647,3c4a08,DLH761  ,Germany,1789595646,1789595646,75.3865,28.7325,6096,False,216.36,321.47,1.3,,6393.18,,False,0
1789595647,80189d,AIC187  ,India,1789595646,1789595646,69.1687,22.901,10355.58,False,251.87,272.81,0,,11018.52,,False,0
1789595647,70209f,BBC305  ,Bangladesh,1789595646,1789595646,87.38,25.0082,10355.58,False,254.61,287.89,0,,10995.66,4773,False,0
1789595647,8017a0,IGO2369 ,India,1789595646,1789595646,77.2835,28.4044,1927.86,False,109.52,9.46,-7.15,,1943.1,,False,0
1789595647,8016d7,IGO679P ,India,1789595645,1789595646,78.7647,14.3191,9799.32,False,234.61,305.99,3.25,,10393.68,0211,False,0
1789595647,89618a,UAE363  ,United Arab Emirates,1789595646,1789595646,69.593,22.901,12192,False,252.76,274.2,0,,12946.38,,False,0
1789595647,896175,UAE329  ,United Arab Emirates,1789595626,1789595626,73.3634,23.0862,10363.2,False,255.46,267.23,0,,10988.04,,False,0
1789595647,80183b,IGO72P  ,India,1789595646,1789595646,75.3549,27.0866,10607.04,False,237.85,28.84,-4.88,,11254.74,,False,0
1789595647,80183a,IGO721  ,India,1789595634,1789595635,74.6311,15.7415,11597.64,False,234.65,354.46,0,,12298.68,,False,0
1789595647,801819,IGO626E ,India,1789595441,1789595448,77.7811,14.7333,9182.1,False,227.04,2.21,5.85,,9738.36,2704,False,0
1789595647,8a0536,GIA089  ,Indonesia,1789595646,1789595646,85.8831,16.6597,10668,False,252.69,132.52,-0.33,,11315.7,,False,0
1789595647,8018e1,IGO426L ,India,1789595647,1789595647,76.8331,26.4846,10401.3,False,239.93,177.67,4.55,,11010.9,,False,0
1789595647,8018dd,IGO012  ,India,1789595453,1789595460,72.4765,24.5059,11887.2,False,233.37,50.1,0,,12618.72,,False,0
1789595647,7020be,UBG382  ,Bangladesh,1789595346,1789595346,90.4044,23.8475,,True,0,53.44,,,,4522,False,0
1789595647,a27c9e,,United States,1789595637,1789595637,82.804,33.2023,,True,3.6,354.38,,,,,False,0
1789595647,896408,ETD498  ,United Arab Emirates,1789595647,1789595647,79.5789,12.9651,10668,False,255.01,109.93,0,,11308.08,1740,False,0
1789595647,896357,ETD973  ,United Arab Emirates,1789595646,1789595646,85.2486,22.9367,12496.8,False,248.81,74.04,0,,13228.32,1764,False,0
1789595647,896327,ETD476  ,United Arab Emirates,1789595647,1789595647,77.5727,10.4375,10058.4,False,252.35,110.65,0,,10645.14,,False,0
1789595647,4bb0eb,THY45M  ,Turkey,1789595646,1789595646,95.7604,11.7134,11887.2,False,246.82,137.2,0,,12603.48,5116,False,0
1789595647,4bb0fa,THY208  ,Turkey,1789595646,1789595647,95.7494,17.8698,12496.8,False,239.32,126.7,0,,13327.38,5117,False,0
1789595647,896303,UAE3KV  ,United Arab Emirates,1789595646,1789595646,68.3272,21.3172,10363.2,False,259.4,293.62,0,,11026.14,,False,0
1789595647,896306,UAE371  ,United Arab Emirates,1789595646,1789595646,92.2449,15.5231,10972.8,False,253.16,284.23,0,,11673.84,,False,0
1789595647,896312,UAE377  ,United Arab Emirates,1789595646,1789595647,85.4811,17.2077,10363.2,False,257.51,286.48,0.33,,10988.04,,False,0
1789595647,80073f,AIC302  ,India,1789595646,1789595646,82.0608,25.2591,10668,False,260.84,134.28,0,,11308.08,,False,0
1789595647,780a57,CPA612  ,China,1789595646,1789595646,95.3677,13.087,12496.8,False,234.77,72.4,0.33,,,,False,0
1789595647,780a58,CPA624  ,China,1789595645,1789595646,88.0548,21.0241,11277.6,False,245.08,70.12,0,,11986.26,0640,False,0
1789595647,8963ec,UAE7Q   ,United Arab Emirates,1789595645,1789595645,78.955,14.9366,11582.4,False,262.74,296.77,0,,12260.58,2133,False,0
1789595647,8963e7,UAE374  ,United Arab Emirates,1789595591,1789595646,72.5747,23.9525,11887.2,False,259.5,94.32,0,,12626.34,,False,0
1789595647,896536,ETD473  ,United Arab Emirates,1789595616,1789595616,74.974,10.248,11574.78,False,264.88,300.2,0,,12260.58,,False,0
1789595647,896535,ETD870  ,United Arab Emirates,1789595646,1789595646,87.8527,22.8096,12496.8,False,250.83,101.96,-0.33,,13235.94,1714,False,0
1789595647,896539,ETD474  ,United Arab Emirates,1789595646,1789595646,77.2419,9.4565,11277.6,False,244.95,121.95,-0.33,,11940.54,,False,0
1789595647,89647c,UAE75T  ,United Arab Emirates,1789595554,1789595554,75.5683,9.7846,12192,False,264.97,301.75,0,,12870.18,,False,0
1789595647,896496,ABY518  ,United Arab Emirates,1789595646,1789595646,78.2767,26.3219,11277.6,False,251.12,78.9,0,,11963.4,,False,0
1789595647,896473,UAE319  ,United Arab Emirates,1789595646,1789595647,71.8244,22.9759,12192,False,253.85,267.56,0,,12931.14,,False,0
1789595647,896488,ETD401  ,United Arab Emirates,1789595632,1789595638,88.821,17.9603,10965.18,False,262.26,289,-0.33,,11643.36,0711,False,0
1789595647,896451,UAE325  ,United Arab Emirates,1789595646,1789595646,73.2934,23.0675,10972.8,False,257.49,267.37,0,,11666.22,,False,0
1789595647,40688f,BAW35   ,United Kingdom,1789595646,1789595646,80.305,13.5066,2933.7,False,162.34,169.22,-8.13,,2994.66,5715,False,0
1789595647,89642e,ABY422  ,United Arab Emirates,1789595646,1789595646,76.3157,10.148,419.1,False,77.23,87.71,-3.9,,335.28,,False,0
1789595647,89642d,ABY410  ,United Arab Emirates,1789595631,1789595631,76.4424,11.0898,5074.92,False,208.19,95.25,-13.98,,5326.38,,False,0
1789595647,8963a2,UAE9785 ,United Arab Emirates,1789595646,1789595647,91.3848,22.3091,9753.6,False,251.34,276.94,0,,10355.58,5345,False,0
1789595647,8964fa,ETD410  ,United Arab Emirates,1789595646,1789595646,91.5911,14.647,12496.8,False,249.18,134.92,0,,,,False,0
1789595647,8964bf,ETD898  ,United Arab Emirates,1789595646,1789595646,87.0163,22.9019,11879.58,False,254.48,99.42,0.33,,12595.86,3423,False,0
1789595647,780c01,CES2052 ,China,1789595646,1789595646,90.2438,22.5142,11277.6,False,245.67,92.76,0,,11993.88,4000,False,0
1789595647,896660,FDB570  ,United Arab Emirates,1789595647,1789595647,74.1975,15.033,10972.8,False,243.85,326.01,0,,11635.74,,False,0
1789595647,89664c,ETD218  ,United Arab Emirates,1789595645,1789595646,77.3072,28.4774,1120.14,False,102.69,320.49,-2.6,,1074.42,,False,0
1789595647,780ab6,CPA694  ,China,1789595646,1789595646,92.6805,23.4971,11887.2,False,258.23,93.54,0,,12603.48,0513,False,0
1789595647,885963,TVJ761  ,Thailand,1789595643,1789595644,88.5766,18.0454,9448.8,False,244.68,108.89,-0.33,,10035.54,0315,False,0
1789595647,8964b0,UAE399  ,United Arab Emirates,1789595526,1789595528,83.5409,12.6673,11582.4,False,265.04,296.27,-0.33,,12260.58,,False,0
1789595647,8964c3,ETD432  ,United Arab Emirates,1789595647,1789595647,83.7535,22.9917,11277.6,False,266.9,93.2,0,,11978.64,3407,False,0
1789595647,8964a8,UAE313  ,United Arab Emirates,1789595645,1789595645,85.2082,21.9661,10363.2,False,250.86,262.1,0,,11003.28,6354,False,0
1789595647,76cc75,SIA402  ,Singapore,1789595646,1789595646,85.9999,18.0431,10972.8,False,261.27,313.56,-0.33,,11658.6,,False,0
1789595647,484cba,KLM836  ,Kingdom of the Netherlands,1789595646,1789595646,75.4617,26.971,9144,False,248.58,291.36,0,,9669.78,,False,0
1789595647,8965f8,ABY552  ,United Arab Emirates,1789595639,1789595639,74.2081,31.3196,7109.46,False,192.97,21.91,-7.48,,7429.5,,False,0
1789595647,76cd43,SIA306  ,Singapore,1789595646,1789595646,76.8793,24.9175,10972.8,False,249.18,300.11,0.33,,11628.12,,False,0
1789595647,8a08b1,UBA8502 ,Indonesia,1789595512,1789595646,96.2719,17.1403,792.48,False,111.62,197.43,-6.18,,,,False,0
1789595647,89669a,ETD6RM  ,United Arab Emirates,1789595646,1789595646,77.8625,13.1235,2407.92,False,118.67,98.73,-3.25,,2453.64,,False,0
1789595647,89668b,ABY471  ,United Arab Emirates,1789595613,1789595613,80.1915,12.9986,114.3,False,72.32,248.73,-3.58,,15.24,3433,False,0
1789595647,781fd6,CSS159  ,China,1789595646,1789595646,78.1978,28.4315,4191,False,169.1,296.18,-7.8,,4358.64,6002,False,0
1789595647,152036,AFL292  ,Russian Federation,1789595646,1789595646,81.9994,26.5564,11277.6,False,243.84,123.56,-0.33,,11948.16,,False,0
1789595647,89408b,GFA152  ,Bahrain,1789595645,1789595647,68.6165,24.1209,11879.58,False,255.77,91.5,-0.33,,12611.1,,False,0
1789595647,899087,EVA095  ,Taiwan,1789595647,1789595647,78.0879,29.5229,10965.18,False,230.54,309.66,-0.65,,11582.4,0432,False,0
1789595647,89907e,EVA065  ,Taiwan,1789595646,1789595646,78.6136,28.0732,10355.58,False,246.28,291.96,0,,10957.56,0427,False,0
1789595647,899097,EVA062  ,Taiwan,1789595646,1789595646,89.391,20.7391,11879.58,False,263.02,125.93,0,,12611.1,7112,False,0
1789595647,040143,ETH609  ,Ethiopia,1789595646,1789595646,80.338,12.9711,9753.6,False,259.85,275.23,0,,10325.1,0740,False,0
1789595647,706214,JZR406  ,Kuwait,1789595646,1789595646,75.4125,11.9276,9105.9,False,246.91,319.14,3.25,,9624.06,,False,0
1789595647,040156,ETH3290 ,Ethiopia,1789595646,1789595646,70.8973,22.9366,12496.8,False,240.84,85.96,0,,13243.56,,False,0
1789595647,040126,ETH687  ,Ethiopia,1789595646,1789595646,74.7637,28.5141,8161.02,False,196.25,272.85,5.85,,8587.74,,False,0
1789595647,8881ff,VJC1806 ,Viet Nam,1789595646,1789595646,94.0516,16.168,10058.4,False,241.09,110.48,0,,,0374,False,0
1789595647,899017,CAL5663 ,Taiwan,1789595646,1789595646,94.1278,19.3475,10363.2,False,255.95,298.32,-0.33,,11026.14,2630,False,0
1789595647,899013,CAL063  ,Taiwan,1789595646,1789595646,77.4723,29.9646,11582.4,False,232.46,319.58,0,,12214.86,2663,False,0
1789595647,06a376,QTR842  ,Qatar,1789595647,1789595647,81.1567,13.5566,11887.2,False,238.01,110.63,0,,12573,2127,False,0
1789595647,06a2e9,QTR982  ,Qatar,1789595647,1789595647,89.5786,22.5233,11887.2,False,254.41,96.85,-0.33,,12618.72,0365,False,0
1789595647,06a2f9,QTR838  ,Qatar,1789595646,1789595646,95.1595,16.5202,11887.2,False,249.69,115.25,0,,12626.34,5635,False,0
1789595647,4ba9c8,THY62Y  ,Turkey,1789595646,1789595646,82.0109,27.1008,11887.2,False,253.66,112.66,0,,12580.62,,False,0
1789595647,06a2c7,QTR8M   ,Qatar,1789595646,1789595647,79.047,7.0743,10363.2,False,261.22,305.38,0,,10957.56,,False,0
1789595647,8990e6,EVA071  ,Taiwan,1789595646,1789595646,80.0155,27.5914,9753.6,False,247.54,317.19,0,,10309.86,6247,False,0
1789595647,06a062,QTR807  ,Qatar,1789595646,1789595646,70.62,22.8219,10363.2,False,252.68,273.97,0,,11026.14,,False,0
1789595647,a7a9a0,N593MA  ,United States,1789595559,1789595561,82.806,33.1948,,True,0.06,171.56,,,,,False,0
1789595647,06a072,QTR898  ,Qatar,1789595643,1789595645,78.5258,15.1734,9448.8,False,261.36,116.41,0,,10005.06,2131,False,0
1789595647,39cf0f,AFR198  ,France,1789595647,1789595647,80.4304,25.8374,11887.2,False,259.6,129.21,0,,12573,,False,0
1789595647,7c8064,QFA5    ,Australia,1789595590,1789595591,79.6269,14.5067,11574.78,False,255.66,345.91,0,,12260.58,1456,False,0
1789595647,80139b,AIC7FM  ,India,1789595647,1789595647,81.2239,26.2691,11277.6,False,241.74,114.38,0,,11940.54,,False,0
1789595647,406c39,VIR303  ,United Kingdom,1789595647,1789595647,72.2262,31.2651,10363.2,False,237.13,263.52,-0.33,,10927.08,,False,0
1789595647,801403,AXB135  ,India,1789595539,1789595539,77.0979,28.5623,,True,7.46,104.06,,,,,False,0
1789595647,801406,AIC112  ,India,1789595646,1789595646,74.4284,26.5018,11887.2,False,253.13,39.81,-0.33,,12611.1,,False,0
1789595647,801454,IGO6129 ,India,1789595646,1789595646,74.7828,15.3561,11887.2,False,230.25,159.05,0,,12595.86,,False,0
1789595647,801435,AXB920  ,India,1789595646,1789595646,77.5134,13.1928,4175.76,False,183.73,100.65,-4.88,,4328.16,,False,0
1789595647,06a10b,QTR830  ,Qatar,1789595620,1789595620,81.4432,18.2515,12496.8,False,246.14,108.78,0,,13205.46,,False,0
1789595647,801530,FQA321  ,India,1789595646,1789595646,76.542,27.9037,7711.44,False,214.37,204.23,7.8,,8107.68,,False,0
1789595647,06a12a,QTR859  ,Qatar,1789595646,1789595646,86.9076,23.1213,10972.8,False,253.2,294.74,0,,11650.98,6302,False,0
1789595647,06a145,QTR837  ,Qatar,1789595647,1789595647,83.8024,17.6381,12192,False,256.67,286.66,0,,12915.9,,False,0
1789595647,801548,AKJ506  ,India,1789595646,1789595646,75.654,12.2762,11277.6,False,224.71,143.47,0,,11948.16,,False,0
1789595647,80159f,AIC308  ,India,1789595646,1789595646,77.2466,27.987,4434.84,False,203.87,113.65,5.2,,4594.86,,False,0
1789595647,80156e,BDA354  ,India,1789595646,1789595647,76.1843,28.1429,4808.22,False,172.34,21.36,-5.53,,5006.34,,False,0
1789595647,06a103,QTR955  ,Qatar,1789595646,1789595646,78.0947,8.4287,11582.4,False,262.74,300.73,0,,12237.72,,False,0
1789595647,885102,THA937  ,Thailand,1789595645,1789595646,84.6439,24.5941,12496.8,False,254.98,117.91,0,,13213.08,0142,False,0
1789595647,88511a,THA924  ,Thailand,1789595642,1789595643,73.8631,27.6401,12192,False,238.56,300.88,0,,12885.42,,False,0
1789595647,88510a,THA941  ,Thailand,1789595646,1789595646,96.4241,16.1034,12496.8,False,246.06,132.97,0,,13220.7,0410,False,0
1789595647,88510b,THA925  ,Thailand,1789595646,1789595646,93.7275,19.6459,12496.8,False,240.95,102.08,0,,13228.32,1735,False,0
1789595647,885116,THA955  ,Thailand,1789595646,1789595646,75.8752,31.119,11887.2,False,275.39,131.97,0,,12512.04,,False,0
1789595647,885115,THA326  ,Thailand,1789595646,1789595646,92.9114,12.2643,11887.2,False,252.11,84.73,0,,,,False,0
1789595647,88516c,THA951  ,Thailand,1789595646,1789595646,95.2176,16.9708,10668,False,255.6,122.51,0,,11330.94,0715,False,0
1789595647,8013f8,IGO084  ,India,1789595456,1789595460,77.1072,28.5417,320.04,False,74.12,283.65,-3.25,,213.36,,False,0
1789595647,885156,THA350  ,Thailand,1789595646,1789595646,88.7017,22.5093,11277.6,False,259.37,125.39,0,,11971.02,7272,False,0
1789595647,885177,THA921  ,Thailand,1789595646,1789595647,88.2785,21.3439,11887.2,False,249.63,116.04,-0.33,,12611.1,7644,False,0
1789595647,885179,THA970  ,Thailand,1789595646,1789595646,75.9692,28.4281,10363.2,False,238.19,292.74,0,,10965.18,,False,0
1789595647,885170,THA950  ,Thailand,1789595645,1789595646,74.9036,27.1572,9753.6,False,248.32,292.79,0,,10332.72,,False,0
1789595647,3c64f5,DLH759  ,Germany,1789595646,1789595646,79.9931,13.0128,830.58,False,142.51,288.96,6.5,,746.76,0621,False,0
1789595647,7103d7,SVA871  ,Saudi Arabia,1789595523,1789595535,87.4623,16.6639,10363.2,False,261.53,283.65,-0.33,,11010.9,,False,0
1789595647,4246b4,AHY057  ,United Kingdom,1789595646,1789595646,76.4063,28.3792,3825.24,False,171.86,63.51,-3.9,,3954.78,,False,0
1789595647,a9aba2,ETD9682 ,United States,1789595646,1789595646,70.35,22.9199,11887.2,False,248.54,86.08,0,,12633.96,,False,0
1789595647,151db6,AFL284  ,Russian Federation,1789595647,1789595647,77.8641,29.1824,10668,False,264.25,146.03,0,,11269.98,,False,0
1789595647,7105ac,SVA857  ,Saudi Arabia,1789595646,1789595646,80.1863,13.2421,10363.2,False,262.05,296.46,-0.33,,10995.66,2272,False,0
1789595647,77170d,EXV912  ,Sri Lanka,1789595646,1789595646,83.1602,17.232,10972.8,False,240.22,226.91,0,,11643.36,4702,False,0
1789595647,70c10c,OMS705  ,Oman,1789595646,1789595646,75.5572,28.0819,11277.6,False,245.04,95.66,0,,11940.54,,False,0
1789595647,70c10d,OMS783  ,Oman,1789595646,1789595646,74.2148,15.7419,11269.98,False,232.05,124.89,0,,11955.78,,False,0
1789595647,770453,ALK191  ,Sri Lanka,1789595637,1789595639,77.2629,24.9613,11582.4,False,233.35,352.78,0,,12291.06,,False,0
1789595647,7609f0,FJL530  ,Pakistan,1789595418,1789595493,71.9534,29.6757,10965.18,False,220.92,228.78,0,,11590.02,,False,0
1789595647,70c0fe,OMA817  ,Oman,1789595645,1789595645,89.9481,17.6026,12496.8,False,239.3,108.55,0,,13228.32,4760,False,0
1789595647,77058f,ALK153  ,Sri Lanka,1789595646,1789595647,80.0796,12.5016,11277.6,False,246.06,345.47,0,,11955.78,7341,False,0
1789595647,88813a,HVN18   ,Viet Nam,1789595647,1789595647,95.796,21.5412,13106.4,False,241.13,101.69,0,,13837.92,7563,False,0
1789595647,706058,KAC283  ,Kuwait,1789595645,1789595646,88.9034,22.9425,10119.36,False,261.05,76.79,-6.18,,10751.82,0460,False,0
1789595647,706064,KAC364  ,Kuwait,1789595645,1789595646,78.5381,8.6411,8595.36,False,244.48,308.68,3.58,,9067.8,,False,0
1789595647,706072,KAC382  ,Kuwait,1789595646,1789595646,75.0106,28.5269,7543.8,False,211.03,271.82,6.5,,7924.8,,False,0
1789595647,7705c1,ALK402  ,Sri Lanka,1789595647,1789595647,94.6719,12.8073,11879.58,False,227.79,62.57,0.33,,,,False,0
1789595647,706130,JZR531  ,Kuwait,1789595646,1789595646,90.3997,23.8518,,True,4.37,56.25,,,,1433,False,0
1789595647,70612c,JZR432  ,Kuwait,1789595450,1789595450,73.3096,15.533,10355.58,False,240.76,298.32,0.33,,10988.04,,False,0
1789595647,70612d,JZR407  ,Kuwait,1789595646,1789595646,69.6562,23.9334,10668,False,243.86,101.81,0.33,,11346.18,,False,0
1789595647,8880ad,HVN670  ,Viet Nam,1789595646,1789595646,94.8454,14.919,10058.4,False,237.69,103.65,0,,,,False,0
1789595647,a0a9c7,,United States,1789595646,1789595646,82.8042,33.1998,,True,5.4,5.62,,,,,False,0
1789595647,8880e0,HVN31   ,Viet Nam,1789595646,1789595646,74.2214,27.5196,11574.78,False,237.7,299.28,0,,12252.96,,False,0
1789595647,888217,VJC910  ,Viet Nam,1789595646,1789595646,92.596,22.2065,10058.4,False,246.45,93.83,0,,10690.86,0340,False,0
1789595647,8940dc,GFA130  ,Bahrain,1789595646,1789595646,76.0834,28.2665,4267.2,False,181.8,75.41,0,,4434.84,,False,0
1789595647,7502cd,XAX605  ,Malaysia,1789595645,1789595646,85.793,16.7391,11887.2,False,240.3,132.57,-0.33,,12603.48,,False,0
1789595647,76cda3,SIA302  ,Singapore,1789595628,1789595641,83.9316,21.6278,11574.78,False,247.88,311.3,0.33,,12268.2,2230,False,0
1789595647,76cda8,SIA314  ,Singapore,1789595647,1789595647,87.2803,18.7672,10972.8,False,257.78,312.57,-0.33,,11635.74,0174,False,0
1789595647,76cda5,SIA304  ,Singapore,1789595646,1789595646,70.7311,31.0446,12192,False,232.39,328.95,0,,12832.08,,False,0
1789595647,76cdb5,SIA309  ,Singapore,1789595644,1789595646,88.4769,17.663,12496.8,False,247,135.42,0,,13205.46,4761,False,0
1789595647,76cdb2,SIA312  ,Singapore,1789595400,1789595401,70.5595,30.8936,10972.8,False,254.71,334.26,0,,11551.92,,False,0
1789595647,76cdad,SIA352  ,Singapore,1789595646,1789595646,72.3453,30.9078,11582.4,False,244.25,309.19,0,,12199.62,,False,0
1789595647,8966ce,ETD402  ,United Arab Emirates,1789595647,1789595647,84.0347,19.4916,11887.2,False,254.04,111,0,,12595.86,,False,0
1789595647,8966af,ABY496  ,United Arab Emirates,1789595646,1789595646,77.1014,13.8289,6362.7,False,203.08,122.48,-19.83,,6758.94,,False,0
1789595647,750447,MXD752  ,Malaysia,1789595646,1789595646,77.5483,29.2553,11887.2,False,253.41,129.15,0,,12542.52,,False,0
1789595647,75041f,MXD132  ,Malaysia,1789595647,1789595647,79.2302,25.9597,10058.4,False,245.61,151.61,0,,10652.76,,False,0
1789595647,750420,MXD181  ,Malaysia,1789595640,1789595640,96.4629,11.2577,11277.6,False,234.64,135.44,0,,11978.64,7777,False,0
1789595647,750423,MXD216  ,Malaysia,1789595647,1789595647,91.7757,15.6373,11887.2,False,237.44,103.92,-0.33,,,,False,0
1789595647,48ae00,LOT71   ,Poland,1789595645,1789595646,77.1644,28.5295,601.98,False,74.12,283.65,-4.55,,518.16,,False,0
1789595647,507c4c,UZB553  ,Uzbekistan,1789595641,1789595641,79.0087,26.5142,12489.18,False,255.86,154.26,0,,13197.84,,False,0
1789595647,75059c,MAS119  ,Malaysia,1789595646,1789595646,93.0826,13.1815,11277.6,False,228.11,135.82,0,,,,False,0
1789595647,ab2d5c,N8191X  ,United States,1789595400,1789595400,82.8042,33.2046,,True,6.69,348.75,,,,,False,0
1789595647,86e3ec,JAL754  ,Japan,1789595646,1789595646,82.4835,17.1187,11887.2,False,250.5,50,-0.33,,12603.48,,False,0
1789595647,800b62,AXB5976 ,India,1789595646,1789595646,77.3955,28.135,3543.3,False,144.64,22.37,-2.6,,3680.46,,False,0
1789595647,800b81,SEJ164  ,India,1789595359,1789595359,72.7404,19.2858,3200.4,False,160.72,357.06,6.18,,3032.76,,False,0
1789595647,4d20f9,VJT278R ,Malta,1789595617,1789595617,71.4561,18.6242,12192,False,253.6,295.21,0,,12931.14,,False,0
1789595647,800c42,AIC2284 ,India,1789595646,1789595646,69.6256,22.8801,10675.62,False,243.95,91.69,0,,11338.56,,False,0
1789595647,800c3a,LLR676  ,India,1789595646,1789595646,79.0121,27.8527,5486.4,False,128,306.5,0,,5753.1,,False,0
1789595647,800c4b,AIC2378 ,India,1789595646,1789595646,85.3036,20.6468,10652.76,False,237.72,130,-0.33,,11323.32,0526,False,0
1789595647,3c68cb,BCS694  ,Germany,1789595646,1789595646,93.1662,22.479,12496.8,False,243.46,79.28,0,,13251.18,0451,False,0
1789595647,4cac10,KZR931  ,Ireland,1789595646,1789595646,75.4713,31.2732,10058.4,False,257.23,127.44,0,,10607.04,,False,0
1789595647,710055,SVA827  ,Saudi Arabia,1789595645,1789595646,75.8674,8.8594,10363.2,False,259.18,307.26,0.33,,10965.18,,False,0
1789595647,710053,SVA810  ,Saudi Arabia,1789595646,1789595646,89.5494,23.3619,6263.64,False,227.73,35.81,-13.33,,6598.92,5272,False,0
1789595647,710057,SVA803  ,Saudi Arabia,1789595646,1789595646,89.9173,23.321,5471.16,False,197.27,239.09,4.55,,5730.24,4727,False,0
1789595647,70e085,SEJ905  ,Cambodia,1789595642,1789595642,80.5522,26.5865,10675.62,False,248.27,113.96,0,,11300.46,,False,0
1789595647,711486,RXI763  ,Saudi Arabia,1789595646,1789595646,70.8585,24.0753,11277.6,False,268.14,91.65,-0.33,,12001.5,,False,0
1789595647,800bef,AIC2336 ,India,1789595647,1789595647,94.9678,18.4176,11277.6,False,230.24,125.36,0,,11993.88,0512,False,0
1789595647,0100a4,MSR511  ,Egypt,1789595646,1789595646,96.609,15.3185,11178.54,False,238.92,290.15,5.53,,11772.9,,False,0
1789595657,80163c,IGO1477 ,India,1789595656,1789595656,70.631,22.8212,9144,False,214.49,273.85,0,,9707.88,,False,0
1789595657,801625,AIC1ZH  ,India,1789595651,1789595652,77.7968,13.2062,1287.78,False,66.88,270.44,-3.25,,1249.68,,False,0
1789595657,8851ea,THA340  ,Thailand,1789595656,1789595656,94.0478,19.5662,10066.02,False,248.71,137.6,-0.33,,,,False,0
1789595657,8851e1,THA344  ,Thailand,1789595654,1789595655,89.0486,18.9229,10066.02,False,242.08,108.97,-0.33,,10683.24,0377,False,0
1789595657,8014af,IGO1486 ,India,1789595652,1789595655,75.7047,14.7364,11887.2,False,228.31,126.66,0,,12603.48,,False,0
1789595657,885282,THA911  ,Thailand,1789595657,1789595657,95.6374,16.6113,11277.6,False,255.84,125.67,0,,11986.26,3461,False,0
1789595657,80174a,IGO245C ,India,1789595656,1789595656,77.2808,28.1783,2545.08,False,140.49,13.99,-5.85,,2606.04,,False,0
1789595657,80174d,VTIWT   ,India,1789595630,1789595630,77.0838,28.5611,,True,2.57,149.06,,,,,False,0
1789595657,80177d,IGO706  ,India,1789595657,1789595657,77.252,25.192,10378.44,False,239.74,359.39,0,,11010.9,,False,0
1789595657,885307,THA330  ,Thailand,1789595656,1789595656,94.4432,15.024,10668,False,234.95,103.55,0,,,,False,0
1789595657,05a0af,DQA341  ,Maldives,1789595633,1789595633,82.4051,16.2811,12192,False,245.41,213.89,0,,12915.9,1537,False,0
1789595657,88530a,THA338  ,Thailand,1789595656,1789595656,96.1401,13.6162,10675.62,False,239.69,75.96,0,,,,False,0
1789595657,885313,THA314  ,Thailand,1789595656,1789595656,92.5212,18.5452,10668,False,241.44,128.16,0,,,0420,False,0
1789595657,80052d,AIC8HJ  ,India,1789595657,1789595657,76.8819,8.5709,739.14,False,122.27,4.34,12.03,,640.08,,False,0
1789595657,3c4a08,DLH761  ,Germany,1789595655,1789595656,75.3731,28.7474,6134.1,False,217.89,321.61,8.13,,6431.28,,False,0
1789595657,80189d,AIC187  ,India,1789595656,1789595656,69.1435,22.9022,10355.58,False,251.87,272.81,-0.33,,11018.52,,False,0
1789595657,70209f,BBC305  ,Bangladesh,1789595656,1789595656,87.3565,25.0151,10355.58,False,254.12,287.92,-0.33,,10988.04,4773,False,0
1789595657,8017a0,IGO2369 ,India,1789595655,1789595655,77.2853,28.414,1859.28,False,109.44,9.2,-7.15,,1874.52,,False,0
1789595657,8016d7,IGO679P ,India,1789595656,1789595656,78.7463,14.3322,9837.42,False,235.33,306.02,4.55,,10431.78,0211,False,0
1789595657,89618a,UAE363  ,United Arab Emirates,1789595656,1789595656,69.5693,22.9026,12192,False,252.76,274.2,0,,12946.38,,False,0
1789595657,896175,UAE329  ,United Arab Emirates,1789595653,1789595654,73.296,23.0831,10363.2,False,255.46,267.23,0,,10988.04,,False,0
1789595657,80183b,IGO72P  ,India,1789595656,1789595656,75.3664,27.1053,10546.08,False,238.09,28.95,-7.48,,11193.78,,False,0
1789595657,80183a,IGO721  ,India,1789595634,1789595635,74.6311,15.7415,11597.64,False,234.65,354.46,0,,12298.68,,False,0
1789595657,801819,IGO626E ,India,1789595441,1789595448,77.7811,14.7333,9182.1,False,227.04,2.21,5.85,,9738.36,2704,False,0
1789595657,8a0536,GIA089  ,Indonesia,1789595656,1789595656,85.9007,16.6441,10668,False,253.04,132.61,0,,11315.7,,False,0
1789595657,8018e1,IGO426L ,India,1789595657,1789595657,76.8341,26.4627,10447.02,False,239.93,177.67,3.58,,11056.62,,False,0
1789595657,8018dd,IGO012  ,India,1789595453,1789595460,72.4765,24.5059,11887.2,False,233.37,50.1,0,,12618.72,,False,0
1789595657,7020be,UBG382  ,Bangladesh,1789595346,1789595346,90.4044,23.8475,,True,0,53.44,,,,4522,False,0
1789595657,a27c9e,,United States,1789595654,1789595654,82.8042,33.203,,True,5.4,25.31,,,,,False,0
1789595657,896408,ETD498  ,United Arab Emirates,1789595657,1789595657,79.6005,12.9575,10668,False,255.18,110.04,-0.33,,11315.7,1740,False,0
1789595657,896357,ETD973  ,United Arab Emirates,1789595656,1789595656,85.2727,22.9429,12496.8,False,248.39,74.38,0,,13228.32,1764,False,0
1789595657,896327,ETD476  ,United Arab Emirates,1789595656,1789595656,77.5934,10.4298,10058.4,False,252.35,110.65,0,,10645.14,,False,0
1789595657,4bb0eb,THY45M  ,Turkey,1789595656,1789595656,95.7765,11.6962,11887.2,False,246.82,137.2,-0.33,,12603.48,5116,False,0
1789595657,4bb0fa,THY208  ,Turkey,1789595657,1789595657,95.7681,17.8565,12496.8,False,240.04,126.72,0,,13220.7,5117,False,0
1789595657,896303,UAE3KV  ,United Arab Emirates,1789595656,1789595656,68.304,21.3267,10363.2,False,259.87,293.57,0,,11026.14,,False,0
1789595657,896306,UAE371  ,United Arab Emirates,1789595656,1789595656,92.222,15.5287,10972.8,False,253.16,284.23,0,,11673.84,,False,0
1789595657,896312,UAE377  ,United Arab Emirates,1789595656,1789595656,85.4596,17.2138,10363.2,False,257.51,286.48,0,,10988.04,,False,0
1789595657,80073f,AIC302  ,India,1789595656,1789595656,82.0806,25.2416,10668,False,260.84,134.28,0,,11308.08,,False,0
1789595657,780a57,CPA612  ,China,1789595656,1789595656,95.3876,13.0932,12496.8,False,234.77,72.4,0,,,,False,0
1789595657,780a58,CPA624  ,China,1789595656,1789595656,88.0796,21.0325,11277.6,False,245.08,70.12,0,,11986.26,0640,False,0
1789595657,8963ec,UAE7Q   ,United Arab Emirates,1789595652,1789595652,78.9397,14.9441,11582.4,False,262.74,296.77,0,,12260.58,2133,False,0
1789595657,8963e7,UAE374  ,United Arab Emirates,1789595647,1789595647,72.7164,23.9427,11887.2,False,259.5,94.32,0,,12626.34,,False,0
1789595657,896536,ETD473  ,United Arab Emirates,1789595616,1789595616,74.974,10.248,11574.78,False,264.88,300.2,0,,12260.58,,False,0
1789595657,896535,ETD870  ,United Arab Emirates,1789595656,1789595656,87.8773,22.8048,12496.8,False,251.23,101.82,-0.33,,13235.94,1714,False,0
1789595657,896539,ETD474  ,United Arab Emirates,1789595656,1789595656,77.261,9.4447,11269.98,False,244.95,121.95,-0.33,,11932.92,,False,0
1789595657,89647c,UAE75T  ,United Arab Emirates,1789595554,1789595554,75.5683,9.7846,12192,False,264.97,301.75,0,,12870.18,,False,0
1789595657,896496,ABY518  ,United Arab Emirates,1789595655,1789595655,78.2989,26.3258,11277.6,False,251.12,78.9,0,,11963.4,,False,0
1789595657,896473,UAE319  ,United Arab Emirates,1789595657,1789595657,71.7975,22.9748,12192,False,253.85,267.56,0,,12931.14,,False,0
1789595657,896488,ETD401  ,United Arab Emirates,1789595632,1789595638,88.821,17.9603,10965.18,False,262.26,289,-0.33,,11643.36,0711,False,0
1789595657,896451,UAE325  ,United Arab Emirates,1789595650,1789595650,73.2835,23.0671,10972.8,False,257.49,267.37,0,,11666.22,,False,0
1789595657,40688f,BAW35   ,United Kingdom,1789595656,1789595656,80.3077,13.4925,2865.12,False,159.72,169.23,-8.13,,2918.46,5715,False,0
1789595657,89642e,ABY422  ,United Arab Emirates,1789595656,1789595656,76.3226,10.1482,388.62,False,75.69,87.66,-2.93,,297.18,,False,0
1789595657,89642d,ABY410  ,United Arab Emirates,1789595631,1789595631,76.4424,11.0898,5074.92,False,208.19,95.25,-13.98,,5326.38,,False,0
1789595657,8963a2,UAE9785 ,United Arab Emirates,1789595657,1789595657,91.3591,22.312,9753.6,False,251.34,276.94,0,,10355.58,5345,False,0
1789595657,8964fa,ETD410  ,United Arab Emirates,1789595656,1789595656,91.6078,14.6308,12496.8,False,249.54,135,-0.33,,,,False,0
1789595657,8964bf,ETD898  ,United Arab Emirates,1789595656,1789595656,87.0425,22.8979,11887.2,False,254.48,99.42,0.33,,12603.48,3423,False,0
1789595657,780c01,CES2052 ,China,1789595655,1789595656,90.2668,22.5132,11277.6,False,245.67,92.76,0,,12001.5,4000,False,0
1789595657,896660,FDB570  ,United Arab Emirates,1789595656,1789595657,74.185,15.051,10972.8,False,243.85,326.01,0,,11635.74,,False,0
1789595657,89664c,ETD218  ,United Arab Emirates,1789595656,1789595656,77.3001,28.4849,1089.66,False,102.62,320.08,-2.6,,1043.94,,False,0
1789595657,780ab6,CPA694  ,China,1789595656,1789595656,92.7062,23.4957,11887.2,False,258.23,93.54,0,,12603.48,0513,False,0
1789595657,885963,TVJ761  ,Thailand,1789595643,1789595644,88.5766,18.0454,9448.8,False,244.68,108.89,-0.33,,10035.54,0315,False,0
1789595657,8964b0,UAE399  ,United Arab Emirates,1789595526,1789595528,83.5409,12.6673,11582.4,False,265.04,296.27,-0.33,,12260.58,,False,0
1789595657,8964c3,ETD432  ,United Arab Emirates,1789595656,1789595656,83.7771,22.9905,11277.6,False,266.93,93.31,-0.33,,11978.64,3407,False,0
1789595657,8964a8,UAE313  ,United Arab Emirates,1789595656,1789595656,85.1823,21.9628,10363.2,False,250.86,262.1,0,,11003.28,6354,False,0
1789595657,76cc75,SIA402  ,Singapore,1789595653,1789595653,85.9869,18.0549,10972.8,False,261.62,313.65,-0.33,,11658.6,,False,0
1789595657,484cba,KLM836  ,Kingdom of the Netherlands,1789595656,1789595656,75.4386,26.9791,9144,False,248.76,291.47,0,,9669.78,,False,0
1789595657,8965f8,ABY552  ,United Arab Emirates,1789595639,1789595639,74.2081,31.3196,7109.46,False,192.97,21.91,-7.48,,7429.5,,False,0
1789595657,76cd43,SIA306  ,Singapore,1789595657,1789595657,76.8577,24.9289,10972.8,False,249.18,300.11,0,,11635.74,,False,0
1789595657,8a08b1,UBA8502 ,Indonesia,1789595512,1789595648,96.2719,17.1403,792.48,False,111.62,197.43,-6.18,,,,False,0
1789595657,89669a,ETD6RM  ,United Arab Emirates,1789595656,1789595656,77.8728,13.1219,2377.44,False,115.11,99,-3.9,,2407.92,,False,0
1789595657,89668b,ABY471  ,United Arab Emirates,1789595613,1789595613,80.1915,12.9986,114.3,False,72.32,248.73,-3.58,,15.24,3433,False,0
1789595657,781fd6,CSS159  ,China,1789595656,1789595656,78.183,28.438,4114.8,False,168.64,296.25,-7.48,,4259.58,6002,False,0
1789595657,152036,AFL292  ,Russian Federation,1789595656,1789595656,82.0203,26.5439,11277.6,False,243.84,123.56,-0.65,,11948.16,,False,0
1789595657,89408b,GFA152  ,Bahrain,1789595656,1789595657,68.6443,24.1203,11887.2,False,255.25,91.5,-0.33,,12611.1,,False,0
1789595657,899087,EVA095  ,Taiwan,1789595657,1789595657,78.0696,29.5361,10965.18,False,229.49,309.54,-0.33,,11574.78,0432,False,0
1789595657,89907e,EVA065  ,Taiwan,1789595656,1789595656,78.5913,28.0811,10355.58,False,246.28,291.96,-0.33,,10957.56,0427,False,0
1789595657,899097,EVA062  ,Taiwan,1789595656,1789595656,89.4114,20.7251,11879.58,False,262.6,125.99,0.33,,12611.1,7112,False,0
1789595657,040143,ETH609  ,Ethiopia,1789595656,1789595656,80.3137,12.9733,9753.6,False,259.85,275.23,-0.33,,10325.1,0740,False,0
1789595657,706214,JZR406  ,Kuwait,1789595656,1789595656,75.3974,11.9447,9136.38,False,247.25,319.05,1.3,,9654.54,,False,0
1789595657,040156,ETH3290 ,Ethiopia,1789595655,1789595656,70.9202,22.938,12496.8,False,240.81,86.08,0,,13243.56,,False,0
1789595657,040126,ETH687  ,Ethiopia,1789595655,1789595655,74.7449,28.515,8214.36,False,196.25,272.85,6.83,,8641.08,,False,0
1789595657,8881ff,VJC1806 ,Viet Nam,1789595656,1789595656,94.073,16.1602,10058.4,False,241.09,110.48,0,,,0374,False,0
1789595657,899017,CAL5663 ,Taiwan,1789595656,1789595656,94.1064,19.3585,10363.2,False,255.5,298.37,0,,11026.14,2630,False,0
1789595657,899013,CAL063  ,Taiwan,1789595656,1789595656,77.4577,29.9802,11582.4,False,232.68,321.91,0,,12214.86,2663,False,0
1789595657,06a376,QTR842  ,Qatar,1789595656,1789595657,81.1764,13.5493,11887.2,False,237.53,110.67,0,,12573,2127,False,0
1789595657,06a2e9,QTR982  ,Qatar,1789595656,1789595656,89.6029,22.5206,11887.2,False,254.41,96.85,-0.33,,12618.72,0365,False,0
1789595657,06a2f9,QTR838  ,Qatar,1789595656,1789595656,95.1808,16.5105,11887.2,False,249.69,115.25,-0.33,,12626.34,5635,False,0
1789595657,4ba9c8,THY62Y  ,Turkey,1789595657,1789595657,82.0353,27.0916,11887.2,False,253.86,112.77,0,,12580.62,,False,0
1789595657,06a2c7,QTR8M   ,Qatar,1789595656,1789595657,79.0285,7.0873,10363.2,False,261.22,305.38,0,,10957.56,,False,0
1789595657,8990e6,EVA071  ,Taiwan,1789595656,1789595656,79.9973,27.6089,9753.6,False,247.17,317.11,0,,10309.86,6247,False,0
1789595657,06a062,QTR807  ,Qatar,1789595656,1789595656,70.5962,22.8234,10363.2,False,252.17,273.98,0,,11026.14,,False,0
1789595657,a7a9a0,N593MA  ,United States,1789595559,1789595561,82.806,33.1948,,True,0.06,171.56,,,,,False,0
1789595657,06a072,QTR898  ,Qatar,1789595651,1789595654,78.5436,15.1648,9448.8,False,260.9,116.46,0,,10005.06,2131,False,0
1789595657,39cf0f,AFR198  ,France,1789595652,1789595653,80.4412,25.8295,11887.2,False,259.2,129.28,0,,12573,,False,0
1789595657,7c8064,QFA5    ,Australia,1789595590,1789595591,79.6269,14.5067,11574.78,False,255.66,345.91,0,,12260.58,1456,False,0
1789595657,80139b,AIC7FM  ,India,1789595657,1789595657,81.247,26.2597,11277.6,False,241.74,114.38,-0.33,,11940.54,,False,0
1789595657,406c39,VIR303  ,United Kingdom,1789595656,1789595656,72.2025,31.2629,10363.2,False,236.62,263.51,-0.65,,10919.46,,False,0
1789595657,801403,AXB135  ,India,1789595539,1789595539,77.0979,28.5623,,True,7.46,104.06,,,,,False,0
1789595657,801406,AIC112  ,India,1789595646,1789595646,74.4284,26.5018,11887.2,False,253.13,39.81,-0.33,,12611.1,,False,0
1789595657,801454,IGO6129 ,India,1789595656,1789595656,74.7904,15.3367,11887.2,False,230.25,159.05,0,,12603.48,,False,0
1789595657,801435,AXB920  ,India,1789595656,1789595656,77.5299,13.1898,4122.42,False,183.73,100.65,-5.2,,4274.82,,False,0
1789595657,06a10b,QTR830  ,Qatar,1789595620,1789595620,81.4432,18.2515,12496.8,False,246.14,108.78,0,,13205.46,,False,0
1789595657,801530,FQA321  ,India,1789595656,1789595656,76.5332,27.8863,7795.26,False,214.84,204.17,9.1,,8206.74,,False,0
1789595657,06a12a,QTR859  ,Qatar,1789595656,1789595656,86.8846,23.1308,10972.8,False,252.79,292.49,0,,11650.98,6302,False,0
1789595657,06a145,QTR837  ,Qatar,1789595656,1789595657,83.7802,17.6444,12192,False,256.53,286.55,0,,12915.9,,False,0
1789595657,801548,AKJ506  ,India,1789595656,1789595656,75.6668,12.2592,11277.6,False,224.71,143.47,0.65,,11948.16,,False,0
1789595657,80159f,AIC308  ,India,1789595656,1789595656,77.2658,27.9795,4488.18,False,207.32,113.7,6.5,,4655.82,,False,0
1789595657,80156e,BDA354  ,India,1789595657,1789595657,76.1911,28.1582,4754.88,False,171.2,21.32,-4.88,,4953,,False,0
1789595657,06a103,QTR955  ,Qatar,1789595656,1789595656,78.0737,8.4411,11582.4,False,262.48,300.64,0,,12237.72,,False,0
1789595657,885102,THA937  ,Thailand,1789595656,1789595656,84.667,24.5829,12496.8,False,254.98,117.91,0,,13205.46,0142,False,0
1789595657,88511a,THA924  ,Thailand,1789595656,1789595656,73.8346,27.6553,12192,False,238.56,300.88,0,,12877.8,,False,0
1789595657,88510a,THA941  ,Thailand,1789595656,1789595656,96.4406,16.0885,12496.8,False,245.71,132.88,0,,13220.7,0410,False,0
1789595657,88510b,THA925  ,Thailand,1789595656,1789595656,93.7507,19.6415,12496.8,False,240.7,99.1,0.98,,13228.32,1735,False,0
1789595657,885116,THA955  ,Thailand,1789595655,1789595656,75.893,31.1036,11887.2,False,272.94,136.68,-0.65,,12512.04,,False,0
1789595657,885115,THA326  ,Thailand,1789595655,1789595655,92.9335,12.2663,11887.2,False,252.11,84.73,0,,,,False,0
1789595657,88516c,THA951  ,Thailand,1789595656,1789595656,95.2378,16.9584,10668,False,256.03,122.44,0,,11330.94,0715,False,0
1789595657,8013f8,IGO084  ,India,1789595456,1789595460,77.1072,28.5417,320.04,False,74.12,283.65,-3.25,,213.36,,False,0
1789595657,885156,THA350  ,Thailand,1789595656,1789595656,88.7225,22.4956,11277.6,False,259.37,125.39,0,,11971.02,7272,False,0
1789595657,885177,THA921  ,Thailand,1789595656,1789595656,88.3001,21.3341,11887.2,False,249.41,115.93,0,,12611.1,7644,False,0
1789595657,885179,THA970  ,Thailand,1789595656,1789595656,75.946,28.4366,10363.2,False,237.51,292.68,0,,10965.18,,False,0
1789595657,885170,THA950  ,Thailand,1789595655,1789595655,74.8799,27.1661,9753.6,False,248.32,292.79,0,,10332.72,,False,0
1789595657,3c64f5,DLH759  ,Germany,1789595656,1789595656,79.9813,13.0167,906.78,False,144.62,288.24,9.1,,830.58,0621,False,0
1789595657,7103d7,SVA871  ,Saudi Arabia,1789595523,1789595535,87.4623,16.6639,10363.2,False,261.53,283.65,-0.33,,11010.9,,False,0
1789595657,4246b4,AHY057  ,United Kingdom,1789595656,1789595656,76.422,28.3861,3787.14,False,171.86,63.51,-3.25,,3924.3,,False,0
1789595657,a9aba2,ETD9682 ,United States,1789595656,1789595656,70.3737,22.9215,11887.2,False,248.58,85.97,0,,12633.96,,False,0
1789595657,151db6,AFL284  ,Russian Federation,1789595656,1789595656,77.8793,29.1626,10668,False,264.25,146.03,0,,11269.98,,False,0
1789595657,7105ac,SVA857  ,Saudi Arabia,1789595656,1789595656,80.1636,13.2531,10363.2,False,262.51,296.41,-0.33,,10995.66,2272,False,0
1789595657,77170d,EXV912  ,Sri Lanka,1789595656,1789595656,83.1443,17.2176,10972.8,False,240.57,226.82,0,,11643.36,4702,False,0
1789595657,70c10c,OMS705  ,Oman,1789595656,1789595656,75.5813,28.0798,11277.6,False,245.5,95.53,0,,11940.54,,False,0
1789595657,70c10d,OMS783  ,Oman,1789595657,1789595657,74.2332,15.7295,11269.98,False,232.05,124.89,0,,11955.78,,False,0
1789595657,770453,ALK191  ,Sri Lanka,1789595655,1789595655,77.2582,24.9995,11590.02,False,233.91,355.08,0,,12298.68,,False,0
1789595657,7609f0,FJL530  ,Pakistan,1789595418,1789595493,71.9534,29.6757,10965.18,False,220.92,228.78,0,,11590.02,,False,0
1789595657,70c0fe,OMA817  ,Oman,1789595651,1789595651,89.9609,17.5984,12496.8,False,239.47,108.67,0,,13228.32,4760,False,0
1789595657,77058f,ALK153  ,Sri Lanka,1789595656,1789595657,80.0739,12.5232,11277.6,False,246.06,345.47,0,,11955.78,7341,False,0
1789595657,88813a,HVN18   ,Viet Nam,1789595656,1789595656,95.8179,21.5369,13106.4,False,241.24,101.81,0,,13845.54,7563,False,0
1789595657,706058,KAC283  ,Kuwait,1789595655,1789595656,88.927,22.9496,10066.02,False,260.55,70.03,-6.18,,10690.86,0460,False,0
1789595657,706064,KAC364  ,Kuwait,1789595651,1789595651,78.5276,8.6494,8618.22,False,244.48,308.68,3.58,,9098.28,,False,0
1789595657,706072,KAC382  ,Kuwait,1789595656,1789595656,74.9893,28.5274,7597.14,False,211.01,271.68,4.23,,7985.76,,False,0
1789595657,7705c1,ALK402  ,Sri Lanka,1789595656,1789595656,94.6884,12.8157,11879.58,False,228.49,62.51,0.33,,,,False,0
1789595657,706130,JZR531  ,Kuwait,1789595656,1789595656,90.4001,23.8518,,True,3.86,106.88,,,,1433,False,0
1789595657,70612c,JZR432  ,Kuwait,1789595450,1789595450,73.3096,15.533,10355.58,False,240.76,298.32,0.33,,10988.04,,False,0
1789595657,70612d,JZR407  ,Kuwait,1789595656,1789595656,69.6797,23.9289,10668,False,244.37,101.78,0,,11346.18,,False,0
1789595657,8880ad,HVN670  ,Viet Nam,1789595657,1789595657,94.8676,14.9137,10058.4,False,237.69,103.65,0,,,,False,0
1789595657,a0a9c7,,United States,1789595654,1789595654,82.8043,33.2002,,True,5.4,8.44,,,,,False,0
1789595657,8880e0,HVN31   ,Viet Nam,1789595657,1789595657,74.199,27.5307,11574.78,False,237.44,299.18,0,,12252.96,,False,0
1789595657,888217,VJC910  ,Viet Nam,1789595656,1789595656,92.6209,22.205,10058.4,False,246.45,93.83,0,,10690.86,0340,False,0
1789595657,8940dc,GFA130  ,Bahrain,1789595656,1789595657,76.1006,28.2705,4259.58,False,181.93,75.26,-0.98,,4427.22,,False,0
1789595657,7502cd,XAX605  ,Malaysia,1789595653,1789595656,85.8064,16.7273,11887.2,False,239.95,132.48,0,,12603.48,,False,0
1789595657,76cda3,SIA302  ,Singapore,1789595628,1789595641,83.9316,21.6278,11574.78,False,247.88,311.3,0.33,,12268.2,2230,False,0
1789595657,76cda8,SIA314  ,Singapore,1789595656,1789595657,87.2627,18.7827,10972.8,False,257.78,312.57,0,,11635.74,0174,False,0
1789595657,76cda5,SIA304  ,Singapore,1789595654,1789595656,70.7215,31.0583,12192,False,232.57,329.12,0.33,,12832.08,,False,0
1789595657,76cdb5,SIA309  ,Singapore,1789595649,1789595654,88.4862,17.6539,12496.8,False,247,135.42,0,,13205.46,4761,False,0
1789595657,76cdb2,SIA312  ,Singapore,1789595400,1789595401,70.5595,30.8936,10972.8,False,254.71,334.26,0,,11551.92,,False,0
1789595657,76cdad,SIA352  ,Singapore,1789595657,1789595657,72.3241,30.9227,11582.4,False,244.25,309.19,0,,12199.62,,False,0
1789595657,8966ce,ETD402  ,United Arab Emirates,1789595656,1789595656,84.0562,19.4838,11887.2,False,254.04,111,0,,12595.86,,False,0
1789595657,8966af,ABY496  ,United Arab Emirates,1789595656,1789595656,77.1173,13.8191,6172.2,False,204.93,122.49,-18.53,,6560.82,,False,0
1789595657,750447,MXD752  ,Malaysia,1789595656,1789595656,77.5685,29.2409,11887.2,False,253.74,129.24,-0.33,,12542.52,,False,0
1789595657,75041f,MXD132  ,Malaysia,1789595656,1789595656,79.2407,25.9422,10058.4,False,245.61,151.61,0,,10652.76,,False,0
1789595657,750420,MXD181  ,Malaysia,1789595655,1789595655,96.4865,11.234,11277.6,False,234.64,135.44,0,,11978.64,7777,False,0
1789595657,750423,MXD216  ,Malaysia,1789595657,1789595657,91.7975,15.632,11887.2,False,237.44,103.92,0,,,,False,0
1789595657,48ae00,LOT71   ,Poland,1789595656,1789595656,77.1568,28.5311,563.88,False,74.12,283.65,-4.23,,472.44,,False,0
1789595657,507c4c,UZB553  ,Uzbekistan,1789595653,1789595653,79.0228,26.4879,12496.8,False,256.55,154.21,-0.33,,13197.84,,False,0
1789595657,75059c,MAS119  ,Malaysia,1789595655,1789595655,93.0959,13.168,11277.6,False,228.11,135.82,0,,,,False,0
1789595657,ab2d5c,N8191X  ,United States,1789595400,1789595400,82.8042,33.2046,,True,6.69,348.75,,,,,False,0
1789595657,86e3ec,JAL754  ,Japan,1789595656,1789595656,82.5021,17.1336,11879.58,False,249.77,50.01,-0.33,,12595.86,,False,0
1789595657,800b62,AXB5976 ,India,1789595656,1789595656,77.4007,28.1464,3520.44,False,142.34,22.3,-2.28,,3657.6,,False,0
1789595657,800b81,SEJ164  ,India,1789595359,1789595359,72.7404,19.2858,3200.4,False,160.72,357.06,6.18,,3032.76,,False,0
1789595657,4d20f9,VJT278R ,Malta,1789595617,1789595617,71.4561,18.6242,12192,False,253.6,295.21,0,,12931.14,,False,0
1789595657,800c42,AIC2284 ,India,1789595656,1789595656,69.6493,22.8794,10683.24,False,243.45,91.82,0,,11346.18,,False,0
1789595657,800c3a,LLR676  ,India,1789595655,1789595655,79.0027,27.8589,5486.4,False,128,306.5,0,,5753.1,,False,0
1789595657,800c4b,AIC2378 ,India,1789595655,1789595656,85.3196,20.6342,10652.76,False,237.72,130,0,,11315.7,0526,False,0
1789595657,3c68cb,BCS694  ,Germany,1789595656,1789595656,93.1889,22.483,12496.8,False,243.46,79.28,0,,13251.18,0451,False,0
1789595657,4cac10,KZR931  ,Ireland,1789595656,1789595656,75.4914,31.2584,10058.4,False,256.08,131.99,0.33,,10607.04,,False,0
1789595657,710055,SVA827  ,Saudi Arabia,1789595655,1789595656,75.8485,8.8734,10363.2,False,258.41,305.68,-0.33,,10965.18,,False,0
1789595657,710053,SVA810  ,Saudi Arabia,1789595656,1789595656,89.5622,23.3778,6149.34,False,228.21,36.84,-10.73,,6469.38,5272,False,0
1789595657,710057,SVA803  ,Saudi Arabia,1789595656,1789595656,89.9014,23.3123,5516.88,False,200.01,239.21,4.55,,5775.96,4727,False,0
1789595657,70e085,SEJ905  ,Cambodia,1789595655,1789595656,80.5823,26.5745,10675.62,False,248.27,113.96,0,,11308.08,,False,0
1789595657,711486,RXI763  ,Saudi Arabia,1789595656,1789595656,70.8845,24.0745,11277.6,False,268.14,91.65,-0.33,,11993.88,,False,0
1789595657,800bef,AIC2336 ,India,1789595649,1789595651,94.9716,18.415,11277.6,False,230.24,125.36,0,,11993.88,0512,False,0
1789595657,0100a4,MSR511  ,Egypt,1789595656,1789595656,96.5877,15.3261,11231.88,False,238.44,290.19,4.23,,11772.9,,False,0
1789595674,80163c,IGO1477 ,India,1789595673,1789595673,70.5958,22.8234,9144,False,214.43,273.58,0,,9707.88,,False,0
1789595674,801625,AIC1ZH  ,India,1789595651,1789595652,77.7968,13.2062,1287.78,False,66.88,270.44,-3.25,,1249.68,,False,0
1789595674,8851ea,THA340  ,Thailand,1789595673,1789595673,94.0758,19.5373,10058.4,False,249.06,137.51,-0.33,,,,False,0
1789595674,8851e1,THA344  ,Thailand,1789595672,1789595673,89.0885,18.9098,10058.4,False,241.59,109.01,-0.33,,10675.62,0377,False,0
1789595674,8014af,IGO1486 ,India,1789595652,1789595655,75.7047,14.7364,11887.2,False,228.31,126.66,0,,12603.48,,False,0
1789595674,885282,THA911  ,Thailand,1789595674,1789595674,95.67,16.5885,11277.6,False,255.61,125.99,0,,11986.26,3461,False,0
1789595674,80174a,IGO245C ,India,1789595674,1789595674,77.2867,28.1995,2438.4,False,139.99,14.04,-6.18,,2491.74,,False,0
1789595674,80174d,VTIWT   ,India,1789595663,1789595663,77.0842,28.5611,,True,1.54,70.31,,,,,False,0
1789595674,80177d,IGO706  ,India,1789595674,1789595674,77.2516,25.2286,10378.44,False,239.24,359.26,0,,11018.52,,False,0
1789595674,885307,THA330  ,Thailand,1789595672,1789595673,94.4785,15.0157,10668,False,235.57,103.64,0,,,,False,0
1789595674,05a0af,DQA341  ,Maldives,1789595633,1789595633,82.4051,16.2811,12192,False,245.41,213.89,0,,12915.9,1537,False,0
1789595674,88530a,THA338  ,Thailand,1789595673,1789595673,96.1767,13.6251,10675.62,False,239.56,76.08,0,,,,False,0
1789595674,885313,THA314  ,Thailand,1789595673,1789595673,92.5519,18.5223,10660.38,False,241.93,127.92,0,,,0420,False,0
1789595674,80052d,AIC8HJ  ,India,1789595674,1789595674,76.8833,8.5899,944.88,False,123.26,4.07,12.03,,861.06,,False,0
1789595674,3c4a08,DLH761  ,Germany,1789595672,1789595672,75.3495,28.7737,6278.88,False,217.98,321.8,7.15,,6591.3,,False,0
1789595674,80189d,AIC187  ,India,1789595673,1789595673,69.1027,22.9041,10363.2,False,251.38,272.93,0,,11018.52,,False,0
1789595674,70209f,BBC305  ,Bangladesh,1789595673,1789595673,87.315,25.0274,10355.58,False,253.63,287.96,0,,10995.66,4773,False,0
1789595674,8017a0,IGO2369 ,India,1789595673,1789595673,77.2883,28.4307,1760.22,False,108.34,9.02,-5.2,,1767.84,,False,0
1789595674,8016d7,IGO679P ,India,1789595673,1789595673,78.7167,14.3531,9928.86,False,234.73,305.82,6.83,,10523.22,0211,False,0
1789595674,89618a,UAE363  ,United Arab Emirates,1789595673,1789595673,69.5275,22.9053,12192,False,252.72,274.09,0,,12946.38,,False,0
1789595674,896175,UAE329  ,United Arab Emirates,1789595673,1789595673,73.2458,23.0808,10363.2,False,254.95,267.22,0,,10988.04,,False,0
1789595674,80183b,IGO72P  ,India,1789595673,1789595673,75.3863,27.1375,10378.44,False,239,28.83,-11.05,,11018.52,,False,0
1789595674,80183a,IGO721  ,India,1789595672,1789595672,74.62,15.8203,11590.02,False,233.77,348.32,-0.33,,12291.06,,False,0
1789595674,801819,IGO626E ,India,1789595441,1789595448,77.7811,14.7333,9182.1,False,227.04,2.21,5.85,,9738.36,2704,False,0
1789595674,8a0536,GIA089  ,Indonesia,1789595663,1789595668,85.9131,16.6331,10668,False,253.04,132.61,0,,11315.7,,False,0
1789595674,8018e1,IGO426L ,India,1789595674,1789595674,76.8357,26.4265,10500.36,False,239.93,177.67,3.25,,11117.58,,False,0
1789595674,8018dd,IGO012  ,India,1789595453,1789595460,72.4765,24.5059,11887.2,False,233.37,50.1,0,,12618.72,,False,0
1789595674,a27c9e,,United States,1789595670,1789595670,82.8045,33.2037,,True,4.63,345.94,,,,,False,0
1789595674,896408,ETD498  ,United Arab Emirates,1789595673,1789595674,79.6373,12.9443,10668,False,255.67,110,0,,11315.7,1740,False,0
1789595674,896357,ETD973  ,United Arab Emirates,1789595673,1789595673,85.3117,22.9529,12496.8,False,248.75,74.53,0,,13228.32,1764,False,0
1789595674,896327,ETD476  ,United Arab Emirates,1789595670,1789595673,77.6235,10.4185,10058.4,False,252.53,110.76,0,,10645.14,,False,0
1789595674,4bb0eb,THY45M  ,Turkey,1789595672,1789595672,95.8012,11.6699,11887.2,False,247.54,137.19,0,,12603.48,5116,False,0
1789595674,4bb0fa,THY208  ,Turkey,1789595673,1789595674,95.7983,17.8349,12504.42,False,240.04,126.72,0,,13220.7,5117,False,0
1789595674,896303,UAE3KV  ,United Arab Emirates,1789595673,1789595673,68.2644,21.3429,10363.2,False,259.87,293.57,0,,11026.14,,False,0
1789595674,896306,UAE371  ,United Arab Emirates,1789595673,1789595673,92.1821,15.5385,10972.8,False,253.16,284.23,0,,11673.84,,False,0
1789595674,896312,UAE377  ,United Arab Emirates,1789595674,1789595674,85.4177,17.2256,10363.2,False,258.01,286.45,0,,10988.04,,False,0
1789595674,80073f,AIC302  ,India,1789595673,1789595673,82.1121,25.2136,10668,False,260.84,134.28,-0.33,,11315.7,,False,0
1789595674,780a57,CPA612  ,China,1789595674,1789595674,95.4236,13.1044,12496.8,False,234.77,72.4,0,,,,False,0
1789595674,780a58,CPA624  ,China,1789595673,1789595673,88.1162,21.045,11277.6,False,245.08,70.12,0.33,,11978.64,0640,False,0
1789595674,8963ec,UAE7Q   ,United Arab Emirates,1789595652,1789595652,78.9397,14.9441,11582.4,False,262.74,296.77,0,,12260.58,2133,False,0
1789595674,8963e7,UAE374  ,United Arab Emirates,1789595647,1789595647,72.7164,23.9427,11887.2,False,259.5,94.32,0,,12626.34,,False,0
1789595674,896536,ETD473  ,United Arab Emirates,1789595616,1789595616,74.974,10.248,11574.78,False,264.88,300.2,0,,12260.58,,False,0
1789595674,896535,ETD870  ,United Arab Emirates,1789595673,1789595673,87.9162,22.7972,12489.18,False,251.23,101.82,-0.33,,13228.32,1714,False,0
1789595674,896539,ETD474  ,United Arab Emirates,1789595673,1789595673,77.2923,9.4253,11269.98,False,244.24,121.92,-0.33,,11925.3,,False,0
1789595674,89647c,UAE75T  ,United Arab Emirates,1789595554,1789595554,75.5683,9.7846,12192,False,264.97,301.75,0,,12870.18,,False,0
1789595674,896496,ABY518  ,United Arab Emirates,1789595672,1789595672,78.3384,26.3329,11277.6,False,250.61,78.87,0,,11963.4,,False,0
1789595674,896473,UAE319  ,United Arab Emirates,1789595673,1789595673,71.7573,22.9732,12192,False,253.85,267.56,0,,12931.14,,False,0
1789595674,896488,ETD401  ,United Arab Emirates,1789595632,1789595669,88.821,17.9603,10363.2,False,261.6,288.93,-0.33,,11041.38,0711,False,0
1789595674,896451,UAE325  ,United Arab Emirates,1789595672,1789595672,73.2274,23.0648,10972.8,False,256.96,267.48,0,,11666.22,,False,0
1789595674,40688f,BAW35   ,United Kingdom,1789595673,1789595673,80.3125,13.4681,2735.58,False,157.6,169.28,-8.78,,2788.92,5715,False,0
1789595674,89642e,ABY422  ,United Arab Emirates,1789595673,1789595673,76.3343,10.1487,320.04,False,74.12,88.01,-4.23,,228.6,,False,0
1789595674,89642d,ABY410  ,United Arab Emirates,1789595663,1789595663,76.5032,11.0843,4655.82,False,207.17,95.27,-10.4,,5288.28,,False,0
1789595674,8963a2,UAE9785 ,United Arab Emirates,1789595674,1789595674,91.3181,22.3169,9753.6,False,250.65,277.55,0.33,,10355.58,5345,False,0
1789595674,8964fa,ETD410  ,United Arab Emirates,1789595672,1789595672,91.6341,14.6053,12489.18,False,249.18,134.92,0,,,,False,0
1789595674,8964bf,ETD898  ,United Arab Emirates,1789595674,1789595674,87.085,22.8913,11887.2,False,254.48,99.42,0,,12603.48,3423,False,0
1789595674,780c01,CES2052 ,China,1789595673,1789595673,90.3076,22.5114,11277.6,False,245.67,92.76,0,,12001.5,4000,False,0
1789595674,896660,FDB570  ,United Arab Emirates,1789595674,1789595674,74.163,15.0827,10972.8,False,243.13,326.04,0,,11635.74,,False,0
1789595674,89664c,ETD218  ,United Arab Emirates,1789595673,1789595673,77.2888,28.4967,1043.94,False,103.62,319.43,-2.6,,998.22,,False,0
1789595674,780ab6,CPA694  ,China,1789595673,1789595673,92.7479,23.4933,11887.2,False,257.68,93.43,0,,12603.48,0513,False,0
1789595674,885963,TVJ761  ,Thailand,1789595662,1789595662,88.6187,18.0317,9441.18,False,245.17,108.85,0,,10027.92,0315,False,0
1789595674,8964b0,UAE399  ,United Arab Emirates,1789595526,1789595528,83.5409,12.6673,11582.4,False,265.04,296.27,-0.33,,12260.58,,False,0
1789595674,8964c3,ETD432  ,United Arab Emirates,1789595673,1789595674,83.8217,22.9881,11277.6,False,266.93,93.31,-0.33,,11971.02,3407,False,0
1789595674,8964a8,UAE313  ,United Arab Emirates,1789595673,1789595673,85.1416,21.9575,10363.2,False,250.79,262.22,0,,11003.28,6354,False,0
1789595674,76cc75,SIA402  ,Singapore,1789595673,1789595673,85.952,18.0867,10965.18,False,261.27,313.56,-0.33,,11643.36,,False,0
1789595674,484cba,KLM836  ,Kingdom of the Netherlands,1789595673,1789595673,75.3992,26.993,9144,False,248.68,291.1,0,,9669.78,,False,0
1789595674,8965f8,ABY552  ,United Arab Emirates,1789595673,1789595673,74.2334,31.3737,6873.24,False,188.77,22.09,-5.53,,7414.26,,False,0
1789595674,76cd43,SIA306  ,Singapore,1789595674,1789595674,76.8213,24.9481,10972.8,False,248.92,300.01,0,,11635.74,,False,0
1789595674,8a08b1,UBA8502 ,Indonesia,1789595512,1789595673,96.2719,17.1403,792.48,False,111.62,197.43,-6.18,,,,False,0
1789595674,89669a,ETD6RM  ,United Arab Emirates,1789595673,1789595673,77.8901,13.1192,2316.48,False,108.34,99.02,-4.23,,2346.96,,False,0
1789595674,89668b,ABY471  ,United Arab Emirates,1789595613,1789595613,80.1915,12.9986,114.3,False,72.32,248.73,-3.58,,15.24,3433,False,0
1789595674,781fd6,CSS159  ,China,1789595673,1789595673,78.1566,28.4494,3992.88,False,167.5,295.86,-7.48,,4130.04,6002,False,0
1789595674,152036,AFL292  ,Russian Federation,1789595673,1789595673,82.0539,26.5239,11277.6,False,243.84,123.56,-0.98,,11955.78,,False,0
1789595674,89408b,GFA152  ,Bahrain,1789595674,1789595674,68.6876,24.1192,11879.58,False,255.25,91.5,-0.33,,12611.1,,False,0
1789595674,899087,EVA095  ,Taiwan,1789595674,1789595674,78.0393,29.558,10965.18,False,228.37,309.61,0.33,,11574.78,0432,False,0
1789595674,89907e,EVA065  ,Taiwan,1789595673,1789595673,78.5506,28.0957,10363.2,False,246.47,292.07,-0.33,,10965.18,0427,False,0
1789595674,899097,EVA062  ,Taiwan,1789595673,1789595673,89.4456,20.7018,11879.58,False,262.6,125.99,0.33,,12611.1,7112,False,0
1789595674,040143,ETH609  ,Ethiopia,1789595673,1789595673,80.2754,12.9768,9745.98,False,259.85,275.23,-0.33,,10317.48,0740,False,0
1789595674,706214,JZR406  ,Kuwait,1789595673,1789595673,75.3724,11.9731,9144,False,245.8,319.07,0,,9669.78,,False,0
1789595674,040156,ETH3290 ,Ethiopia,1789595673,1789595673,70.9613,22.9406,12496.8,False,240.81,86.08,0,,13235.94,,False,0
1789595674,040126,ETH687  ,Ethiopia,1789595672,1789595672,74.7112,28.5164,8382,False,192.62,272.76,12.35,,8816.34,,False,0
1789595674,8881ff,VJC1806 ,Viet Nam,1789595673,1789595673,94.1086,16.1474,10058.4,False,241.09,110.48,0,,,0374,False,0
1789595674,899017,CAL5663 ,Taiwan,1789595673,1789595673,94.0697,19.3772,10363.2,False,255.26,298.27,0,,11026.14,2630,False,0
1789595674,899013,CAL063  ,Taiwan,1789595673,1789595673,77.4336,30.0088,11582.4,False,233.74,325.4,0,,12214.86,2663,False,0
1789595674,06a376,QTR842  ,Qatar,1789595669,1789595673,81.2018,13.54,11887.2,False,237.35,110.56,0,,12573,2127,False,0
1789595674,06a2e9,QTR982  ,Qatar,1789595674,1789595674,89.6446,22.5158,11887.2,False,253.45,97,-0.33,,12618.72,0365,False,0
1789595674,06a2f9,QTR838  ,Qatar,1789595673,1789595673,95.216,16.4944,11887.2,False,249.22,115.3,0,,12618.72,5635,False,0
1789595674,4ba9c8,THY62Y  ,Turkey,1789595674,1789595674,82.075,27.0768,11887.2,False,253.86,112.77,0,,12580.62,,False,0
1789595674,06a2c7,QTR8M   ,Qatar,1789595673,1789595673,78.9951,7.111,10363.2,False,260.08,305.42,0,,10957.56,,False,0
1789595674,8990e6,EVA071  ,Taiwan,1789595672,1789595672,79.9696,27.6355,9753.6,False,247.17,317.11,0,,10309.86,6247,False,0
1789595674,06a062,QTR807  ,Qatar,1789595673,1789595673,70.5541,22.8261,10363.2,False,252.14,273.86,0,,11026.14,,False,0
1789595674,a7a9a0,N593MA  ,United States,1789595559,1789595561,82.806,33.1948,,True,0.06,171.56,,,,,False,0
1789595674,06a072,QTR898  ,Qatar,1789595673,1789595673,78.5893,15.1427,9448.8,False,260.44,116.51,0,,10005.06,2131,False,0
1789595674,39cf0f,AFR198  ,France,1789595674,1789595674,80.4836,25.7981,11887.2,False,258.48,129.27,0.33,,12573,,False,0
1789595674,7c8064,QFA5    ,Australia,1789595590,1789595670,79.6269,14.5067,11574.78,False,256.03,346.05,0.33,,12260.58,1456,False,0
1789595674,80139b,AIC7FM  ,India,1789595674,1789595674,81.2845,26.2444,11269.98,False,241.96,114.49,0,,11932.92,,False,0
1789595674,406c39,VIR303  ,United Kingdom,1789595673,1789595673,72.1614,31.2589,10355.58,False,235.99,263.74,-0.33,,10911.84,,False,0
1789595674,801403,AXB135  ,India,1789595539,1789595539,77.0979,28.5623,,True,7.46,104.06,,,,,False,0
1789595674,801406,AIC112  ,India,1789595671,1789595671,74.4698,26.5463,11887.2,False,253.79,39.98,-0.33,,12611.1,,False,0
1789595674,801454,IGO6129 ,India,1789595673,1789595673,74.8039,15.3025,11887.2,False,230.92,158.98,0,,12603.48,,False,0
1789595674,801435,AXB920  ,India,1789595673,1789595673,77.558,13.1846,4038.6,False,178.58,100.79,-5.53,,4183.38,,False,0
1789595674,06a10b,QTR830  ,Qatar,1789595620,1789595620,81.4432,18.2515,12496.8,False,246.14,108.78,0,,13205.46,,False,0
1789595674,801530,FQA321  ,India,1789595673,1789595673,76.5182,27.8567,7940.04,False,215.05,204.3,8.78,,8359.14,,False,0
1789595674,06a12a,QTR859  ,Qatar,1789595673,1789595673,86.8447,23.1416,10972.8,False,253.4,280.06,0.33,,11650.98,6302,False,0
1789595674,06a145,QTR837  ,Qatar,1789595674,1789595674,83.7397,17.656,12192,False,256.67,286.66,0,,12915.9,,False,0
1789595674,801548,AKJ506  ,India,1789595673,1789595673,75.6875,12.2317,11277.6,False,225.13,143.55,0,,11948.16,,False,0
1789595674,80159f,AIC308  ,India,1789595673,1789595673,77.2985,27.9668,4632.96,False,210.09,113.68,9.43,,4808.22,,False,0
1789595674,80156e,BDA354  ,India,1789595674,1789595674,76.2019,28.1825,4693.92,False,169.95,21.67,-2.6,,4884.42,,False,0
1789595674,06a103,QTR955  ,Qatar,1789595673,1789595673,78.0384,8.4619,11582.4,False,262.48,300.64,0,,12237.72,,False,0
1789595674,885102,THA937  ,Thailand,1789595673,1789595673,84.7044,24.5647,12496.8,False,254.98,117.91,0,,13213.08,0142,False,0
1789595674,88511a,THA924  ,Thailand,1789595672,1789595674,73.8007,27.6733,12192,False,237.86,300.84,0,,12885.42,,False,0
1789595674,88510a,THA941  ,Thailand,1789595673,1789595673,96.4699,16.0633,12496.8,False,245.69,130.16,0,,13220.7,0410,False,0
1789595674,88510b,THA925  ,Thailand,1789595673,1789595673,93.7882,19.6396,12504.42,False,240.47,87.55,0,,13228.32,1735,False,0
1789595674,885116,THA955  ,Thailand,1789595673,1789595673,75.9271,31.0719,11887.2,False,273.37,137.06,0.33,,12512.04,,False,0
1789595674,885115,THA326  ,Thailand,1789595672,1789595672,92.9732,12.2699,11887.2,False,252.11,84.73,0,,,,False,0
1789595674,88516c,THA951  ,Thailand,1789595673,1789595673,95.2725,16.9372,10668,False,256.03,122.44,0,,11330.94,0715,False,0
1789595674,8013f8,IGO084  ,India,1789595456,1789595460,77.1072,28.5417,320.04,False,74.12,283.65,-3.25,,213.36,,False,0
1789595674,885156,THA350  ,Thailand,1789595672,1789595673,88.7556,22.4737,11277.6,False,259.37,125.39,0,,11971.02,7272,False,0
1789595674,885177,THA921  ,Thailand,1789595673,1789595673,88.3362,21.3176,11887.2,False,249.17,116.09,0,,12611.1,7644,False,0
1789595674,885179,THA970  ,Thailand,1789595673,1789595673,75.9081,28.4507,10363.2,False,237.04,292.73,0,,10965.18,,False,0
1789595674,885170,THA950  ,Thailand,1789595673,1789595673,74.8399,27.1811,9753.6,False,248.99,292.86,0,,10332.72,,False,0
1789595674,3c64f5,DLH759  ,Germany,1789595672,1789595673,79.9595,13.0236,1036.32,False,148.37,288.18,7.15,,967.74,0621,False,0
1789595674,7103d7,SVA871  ,Saudi Arabia,1789595523,1789595535,87.4623,16.6639,10363.2,False,261.53,283.65,-0.33,,11010.9,,False,0
1789595674,4246b4,AHY057  ,United Kingdom,1789595673,1789595673,76.4491,28.3981,3718.56,False,171.86,63.51,-4.55,,3855.72,,False,0
1789595674,a9aba2,ETD9682 ,United States,1789595672,1789595672,70.4143,22.9241,11887.2,False,248.54,86.08,0,,12633.96,,False,0
1789595674,151db6,AFL284  ,Russian Federation,1789595674,1789595674,77.9054,29.1287,10668,False,264.25,146.03,0.33,,11277.6,,False,0
1789595674,7105ac,SVA857  ,Saudi Arabia,1789595673,1789595673,80.1272,13.2708,10363.2,False,262.51,296.41,-0.33,,10995.66,2272,False,0
1789595674,70c13d,,Oman,1789595672,1789595672,83.6012,23.0068,10668,False,245.39,89.76,0,,11323.32,4725,False,0
1789595674,77170d,EXV912  ,Sri Lanka,1789595673,1789595673,83.1155,17.1916,10972.8,False,240.57,226.82,0,,11643.36,4702,False,0
1789595674,70c10c,OMS705  ,Oman,1789595673,1789595673,75.6232,28.0762,11277.6,False,246.58,95.63,0,,11940.54,,False,0
1789595674,70c10d,OMS783  ,Oman,1789595674,1789595674,74.2636,15.7089,11269.98,False,231.63,124.96,0,,11955.78,,False,0
1789595674,770453,ALK191  ,Sri Lanka,1789595673,1789595673,77.2562,25.0371,11590.02,False,234.2,358.11,0.65,,12298.68,,False,0
1789595674,7609f0,FJL530  ,Pakistan,1789595418,1789595493,71.9534,29.6757,10965.18,False,220.92,228.78,0,,11590.02,,False,0
1789595674,70c0fe,OMA817  ,Oman,1789595660,1789595660,89.9762,17.5935,12496.8,False,239.47,108.67,-0.33,,13228.32,4760,False,0
1789595674,77058f,ALK153  ,Sri Lanka,1789595674,1789595674,80.064,12.5606,11277.6,False,246.06,345.47,0,,11955.78,7341,False,0
1789595674,a3969c,,United States,1789595669,1789595669,82.8042,33.1998,,True,3.86,8.44,,,,,False,0
1789595674,88813a,HVN18   ,Viet Nam,1789595674,1789595674,95.8568,21.5293,13106.4,False,241.24,101.81,0,,13837.92,7563,False,0
1789595674,706058,KAC283  ,Kuwait,1789595671,1789595673,88.9627,22.9662,9966.96,False,259.75,58.61,-6.5,,10576.56,0460,False,0
1789595674,706064,KAC364  ,Kuwait,1789595672,1789595672,78.4917,8.6779,8694.42,False,244.88,308.6,3.25,,9151.62,,False,0
1789595674,706072,KAC382  ,Kuwait,1789595673,1789595673,74.9527,28.5283,7658.1,False,212.54,271.53,3.25,,8046.72,,False,0
1789595674,7705c1,ALK402  ,Sri Lanka,1789595674,1789595674,94.7224,12.8331,11887.2,False,228.71,62.69,0.33,,,,False,0
1789595674,706130,JZR531  ,Kuwait,1789595673,1789595673,90.4005,23.8512,,True,4.37,143.44,,,,1433,False,0
1789595674,70612c,JZR432  ,Kuwait,1789595450,1789595450,73.3096,15.533,10355.58,False,240.76,298.32,0.33,,10988.04,,False,0
1789595674,70612d,JZR407  ,Kuwait,1789595673,1789595673,69.7198,23.9213,10668,False,245.27,101.62,0,,11346.18,,False,0
1789595674,8880ad,HVN670  ,Viet Nam,1789595674,1789595674,94.9036,14.9052,10058.4,False,237.19,103.67,0,,,,False,0
1789595674,a0a9c7,,United States,1789595654,1789595654,82.8043,33.2002,,True,5.4,8.44,,,,,False,0
1789595674,8880e0,HVN31   ,Viet Nam,1789595673,1789595673,74.1638,27.5482,11582.4,False,237.44,299.18,0.33,,12260.58,,False,0
1789595674,888217,VJC910  ,Viet Nam,1789595673,1789595673,92.6613,22.2025,10058.4,False,246.97,93.82,0,,10690.86,0340,False,0
1789595674,8940dc,GFA130  ,Bahrain,1789595673,1789595673,76.132,28.2774,4198.62,False,181.16,80.19,-6.5,,4366.26,,False,0
1789595674,7502cd,XAX605  ,Malaysia,1789595672,1789595673,85.8379,16.6994,11887.2,False,239.58,132.56,0,,12603.48,,False,0
1789595674,76cda3,SIA302  ,Singapore,1789595673,1789595673,83.852,21.6931,11582.4,False,247.88,311.3,0,,12275.82,2230,False,0
1789595674,76cda8,SIA314  ,Singapore,1789595674,1789595674,87.2319,18.8095,10972.8,False,258.16,312.5,0,,11635.74,0174,False,0
1789595674,76cda5,SIA304  ,Singapore,1789595672,1789595673,70.6987,31.0912,12192,False,233.54,328.97,0,,12832.08,,False,0
1789595674,76cdb5,SIA309  ,Singapore,1789595670,1789595671,88.5199,17.6211,12496.8,False,247.37,135.51,0,,13213.08,4761,False,0
1789595674,76cdb2,SIA312  ,Singapore,1789595400,1789595401,70.5595,30.8936,10972.8,False,254.71,334.26,0,,11551.92,,False,0
1789595674,76cdad,SIA352  ,Singapore,1789595674,1789595674,72.2908,30.9461,11582.4,False,243.93,309.09,0,,12199.62,,False,0
1789595674,8966ce,ETD402  ,United Arab Emirates,1789595673,1789595673,84.0956,19.4694,11887.2,False,253.56,111.05,0,,12595.86,,False,0
1789595674,8966af,ABY496  ,United Arab Emirates,1789595671,1789595671,77.143,13.8032,5989.32,False,206.51,122.38,-10.4,,6408.42,,False,0
1789595674,750447,MXD752  ,Malaysia,1789595673,1789595673,77.6023,29.2166,11887.2,False,254.06,129.33,0,,12542.52,,False,0
1789595674,75041f,MXD132  ,Malaysia,1789595674,1789595674,79.2615,25.9073,10058.4,False,245.61,151.61,0,,10652.76,,False,0
1789595674,750420,MXD181  ,Malaysia,1789595672,1789595672,96.5113,11.2089,11277.6,False,234.65,135.8,0,,11978.64,7777,False,0
1789595674,4074e3,,United Kingdom,1789595663,1789595663,74.8653,13.319,9875.52,False,244.53,277.74,4.23,,10454.64,,False,0
1789595674,750423,MXD216  ,Malaysia,1789595674,1789595674,91.8322,15.6237,11887.2,False,236.94,103.95,0,,,,False,0
1789595674,48ae00,LOT71   ,Poland,1789595672,1789595672,77.1449,28.5337,502.92,False,74.12,283.65,-3.9,,411.48,,False,0
1789595674,507c4c,UZB553  ,Uzbekistan,1789595672,1789595673,79.0435,26.4492,12496.8,False,256.32,154.31,-0.33,,13205.46,,False,0
1789595674,75059c,MAS119  ,Malaysia,1789595672,1789595672,93.1213,13.1425,11277.6,False,228.11,135.82,0,,,,False,0
1789595674,ab2d5c,N8191X  ,United States,1789595400,1789595400,82.8042,33.2046,,True,6.69,348.75,,,,,False,0
1789595674,86e3ec,JAL754  ,Japan,1789595673,1789595673,82.5327,17.1584,11879.58,False,249.38,49.94,0,,12595.86,,False,0
1789595674,800b62,AXB5976 ,India,1789595673,1789595673,77.4102,28.1665,3474.72,False,138.07,23.03,-3.25,,3604.26,,False,0
1789595674,800b81,SEJ164  ,India,1789595359,1789595359,72.7404,19.2858,3200.4,False,160.72,357.06,6.18,,3032.76,,False,0
1789595674,4d20f9,VJT278R ,Malta,1789595617,1789595617,71.4561,18.6242,12192,False,253.6,295.21,0,,12931.14,,False,0
1789595674,800c42,AIC2284 ,India,1789595673,1789595673,69.6894,22.8801,10675.62,False,243.56,85.52,-0.33,,11338.56,,False,0
1789595674,800c3a,LLR676  ,India,1789595673,1789595673,78.9837,27.8714,5486.4,False,128.41,306.36,0,,5753.1,,False,0
1789595674,800c4b,AIC2378 ,India,1789595669,1789595670,85.3441,20.6149,10652.76,False,237.72,130,0,,11315.7,0526,False,0
1789595674,3c68cb,BCS694  ,Germany,1789595673,1789595673,93.2287,22.4899,12496.8,False,243.46,79.28,0,,13251.18,0451,False,0
1789595674,4cac10,KZR931  ,Ireland,1789595673,1789595673,75.5241,31.2316,10058.4,False,254.72,133.53,-0.33,,10607.04,,False,0
1789595674,710055,SVA827  ,Saudi Arabia,1789595670,1789595670,75.8195,8.8901,10363.2,False,257.82,303.69,-0.33,,10965.18,,False,0
1789595674,710053,SVA810  ,Saudi Arabia,1789595673,1789595673,89.5854,23.4054,5974.08,False,226.73,38.27,-10.4,,6278.88,5272,False,0
1789595674,710057,SVA803  ,Saudi Arabia,1789595673,1789595674,89.8722,23.2962,5600.7,False,204.52,239.63,4.88,,5867.4,4727,False,0
1789595674,70e085,SEJ905  ,Cambodia,1789595673,1789595673,80.6221,26.5586,10675.62,False,248.27,113.96,0,,11308.08,,False,0
1789595674,711486,RXI763  ,Saudi Arabia,1789595674,1789595674,70.9298,24.0733,11277.6,False,268.64,91.54,0,,12001.5,,False,0
1789595674,800bef,AIC2336 ,India,1789595664,1789595666,94.9984,18.3968,11277.6,False,229.82,125.43,0,,11993.88,0512,False,0
1789595674,0100a4,MSR511  ,Egypt,1789595673,1789595674,96.553,15.3385,11300.46,False,238.26,290.08,3.9,,11993.88,,False,0
1789595695,80163c,IGO1477 ,India,1789595694,1789595694,70.5517,22.826,9144,False,214.46,273.71,-0.33,,9707.88,,False,0
1789595695,801625,AIC1ZH  ,India,1789595694,1789595694,77.7694,13.2064,1135.38,False,68.94,270.86,-3.58,,1158.24,,False,0
1789595695,8851ea,THA340  ,Thailand,1789595694,1789595694,94.109,19.5032,10058.4,False,248.62,137.1,-0.33,,,,False,0
1789595695,8851e1,THA344  ,Thailand,1789595694,1789595694,89.1354,18.8945,10058.4,False,241.59,109.01,0,,10675.62,0377,False,0
1789595695,8014af,IGO1486 ,India,1789595652,1789595655,75.7047,14.7364,11887.2,False,228.31,126.66,0,,12603.48,,False,0
1789595695,885282,THA911  ,Thailand,1789595694,1789595694,95.7094,16.5609,11277.6,False,255.61,125.99,0,,11986.26,3461,False,0
1789595695,80174a,IGO245C ,India,1789595694,1789595694,77.2939,28.2246,2316.48,False,140.12,14.24,-6.18,,2362.2,,False,0
1789595695,80174d,VTIWT   ,India,1789595694,1789595694,77.0846,28.5612,,True,0.9,61.88,,,,,False,0
1789595695,80177d,IGO706  ,India,1789595693,1789595693,77.2509,25.2712,10378.44,False,238.21,359.13,0,,11018.52,,False,0
1789595695,885307,THA330  ,Thailand,1789595694,1789595694,94.5236,15.005,10668,False,235.7,103.76,0.33,,,,False,0
1789595695,05a0af,DQA341  ,Maldives,1789595633,1789595633,82.4051,16.2811,12192,False,245.41,213.89,0,,12915.9,1537,False,0
1789595695,88530a,THA338  ,Thailand,1789595694,1789595694,96.221,13.6357,10675.62,False,239.56,76.08,0,,,,False,0
1789595695,885313,THA314  ,Thailand,1789595694,1789595694,92.5904,18.4936,10668,False,242.34,127.84,0.33,,,0420,False,0
1789595695,80052d,AIC8HJ  ,India,1789595694,1789595694,76.8848,8.6121,1173.48,False,124.25,3.8,10.73,,1112.52,,False,0
1789595695,3c4a08,DLH761  ,Germany,1789595694,1789595694,75.3202,28.8068,6454.14,False,218.15,322.18,10.08,,6758.94,,False,0
1789595695,80189d,AIC187  ,India,1789595694,1789595694,69.0519,22.9064,10355.58,False,251.89,272.93,0,,11018.52,,False,0
1789595695,70209f,BBC305  ,Bangladesh,1789595694,1789595694,87.2661,25.0418,10363.2,False,253.63,287.96,0,,11003.28,4773,False,0
1789595695,8017a0,IGO2369 ,India,1789595693,1789595694,77.292,28.4506,1653.54,False,106.82,9.14,-4.88,,1645.92,,False,0
1789595695,8016d7,IGO679P ,India,1789595694,1789595694,78.68,14.3791,10020.3,False,234.2,306.06,1.3,,10629.9,0211,False,0
1789595695,89618a,UAE363  ,United Arab Emirates,1789595694,1789595694,69.4763,22.9087,12192,False,252.68,273.97,0,,12946.38,,False,0
1789595695,896175,UAE329  ,United Arab Emirates,1789595694,1789595694,73.1941,23.0784,10363.2,False,254.97,267.11,0,,10988.04,,False,0
1789595695,80183b,IGO72P  ,India,1789595694,1789595694,75.4102,27.1765,10157.46,False,238.54,28.89,-10.4,,10774.68,,False,0
1789595695,80183a,IGO721  ,India,1789595683,1789595683,74.6146,15.8426,11582.4,False,233.7,346.12,-0.33,,12283.44,,False,0
1789595695,801819,IGO626E ,India,1789595441,1789595448,77.7811,14.7333,9182.1,False,227.04,2.21,5.85,,9738.36,2704,False,0
1789595695,8a0536,GIA089  ,Indonesia,1789595676,1789595676,85.9369,16.6121,10668,False,253.04,132.61,0,,11315.7,,False,0
1789595695,8018e1,IGO426L ,India,1789595694,1789595694,76.8378,26.3819,10584.18,False,239.44,177.54,4.88,,11209.02,,False,0
1789595695,8018dd,IGO012  ,India,1789595453,1789595460,72.4765,24.5059,11887.2,False,233.37,50.1,0,,12618.72,,False,0
1789595695,a27c9e,,United States,1789595670,1789595670,82.8045,33.2037,,True,4.63,345.94,,,,,False,0
1789595695,896408,ETD498  ,United Arab Emirates,1789595693,1789595694,79.682,12.9282,10668,False,255.84,110.11,-0.33,,11308.08,1740,False,0
1789595695,896357,ETD973  ,United Arab Emirates,1789595694,1789595694,85.3602,22.9653,12496.8,False,248.61,74.64,0,,13228.32,1764,False,0
1789595695,896327,ETD476  ,United Arab Emirates,1789595681,1789595691,77.647,10.4097,10058.4,False,252.83,110.61,0,,10645.14,,False,0
1789595695,4bb0eb,THY45M  ,Turkey,1789595694,1789595694,95.8338,11.6352,11887.2,False,247.92,137.27,0.33,,12603.48,5116,False,0
1789595695,4bb0fa,THY208  ,Turkey,1789595694,1789595694,95.8357,17.8082,12496.8,False,241.17,126.67,0,,13220.7,5117,False,0
1789595695,896303,UAE3KV  ,United Arab Emirates,1789595694,1789595694,68.216,21.3626,10363.2,False,259.87,293.57,0,,11026.14,,False,0
1789595695,896306,UAE371  ,United Arab Emirates,1789595694,1789595694,92.1353,15.5501,10972.8,False,253.66,284.21,0,,11673.84,,False,0
1789595695,896312,UAE377  ,United Arab Emirates,1789595694,1789595694,85.3711,17.2389,10363.2,False,258.01,286.45,0,,10988.04,,False,0
1789595695,80073f,AIC302  ,India,1789595694,1789595694,82.1515,25.1786,10660.38,False,260.84,134.28,0,,11300.46,,False,0
1789595695,780a57,CPA612  ,China,1789595694,1789595694,95.4661,13.1178,12504.42,False,234.6,72.12,0,,,,False,0
1789595695,780a58,CPA624  ,China,1789595694,1789595694,88.1638,21.0611,11277.6,False,245.39,70.27,-0.33,,11986.26,0640,False,0
1789595695,8963ec,UAE7Q   ,United Arab Emirates,1789595652,1789595675,78.9397,14.9441,11582.4,False,262.74,296.77,0,,12260.58,2133,False,0
1789595695,8963e7,UAE374  ,United Arab Emirates,1789595647,1789595647,72.7164,23.9427,11887.2,False,259.5,94.32,0,,12626.34,,False,0
1789595695,896536,ETD473  ,United Arab Emirates,1789595616,1789595616,74.974,10.248,11574.78,False,264.88,300.2,0,,12260.58,,False,0
1789595695,896535,ETD870  ,United Arab Emirates,1789595694,1789595694,87.9679,22.7873,12496.8,False,251.12,101.7,0,,13243.56,1714,False,0
1789595695,896539,ETD474  ,United Arab Emirates,1789595694,1789595694,77.3322,9.4006,11269.98,False,244.24,121.92,0,,11932.92,,False,0
1789595695,89647c,UAE75T  ,United Arab Emirates,1789595554,1789595554,75.5683,9.7846,12192,False,264.97,301.75,0,,12870.18,,False,0
1789595695,896496,ABY518  ,United Arab Emirates,1789595693,1789595694,78.3903,26.342,11277.6,False,250.61,78.87,-0.33,,11963.4,,False,0
1789595695,896473,UAE319  ,United Arab Emirates,1789595694,1789595694,71.7051,22.9711,12192,False,253.85,267.56,-0.33,,12931.14,,False,0
1789595695,896488,ETD401  ,United Arab Emirates,1789595689,1789595689,88.6885,18.0038,10965.18,False,261.12,288.97,0,,11643.36,0711,False,0
1789595695,896451,UAE325  ,United Arab Emirates,1789595692,1789595693,73.1796,23.0628,10972.8,False,256.44,267.47,0,,11666.22,,False,0
1789595695,40688f,BAW35   ,United Kingdom,1789595694,1789595694,80.318,13.4395,2575.56,False,157.09,169.24,-7.8,,2606.04,5715,False,0
1789595695,89642e,ABY422  ,United Arab Emirates,1789595694,1789595694,76.3484,10.1492,236.22,False,72.6,87.56,-2.93,,144.78,,False,0
1789595695,89642d,ABY410  ,United Arab Emirates,1789595663,1789595663,76.5032,11.0843,4655.82,False,207.17,95.27,-10.4,,5288.28,,False,0
1789595695,8963a2,UAE9785 ,United Arab Emirates,1789595694,1789595694,91.2693,22.3231,9753.6,False,250.72,277.66,-0.33,,10355.58,5345,False,0
1789595695,8964fa,ETD410  ,United Arab Emirates,1789595694,1789595694,91.6699,14.5705,12496.8,False,249.18,134.92,-0.33,,,,False,0
1789595695,8964bf,ETD898  ,United Arab Emirates,1789595694,1789595694,87.1348,22.8837,11887.2,False,254.48,99.42,-0.33,,12603.48,3423,False,0
1789595695,780c01,CES2052 ,China,1789595694,1789595694,90.3583,22.5091,11277.6,False,246.19,92.75,0,,12001.5,4000,False,0
1789595695,896660,FDB570  ,United Arab Emirates,1789595694,1789595694,74.1375,15.1195,10972.8,False,243.13,326.04,-0.33,,11635.74,,False,0
1789595695,89664c,ETD218  ,United Arab Emirates,1789595694,1789595694,77.2702,28.5065,998.22,False,99.93,286.76,-2.28,,944.88,,False,0
1789595695,780ab6,CPA694  ,China,1789595694,1789595694,92.801,23.4902,11887.2,False,257.72,93.55,0,,12603.48,0513,False,0
1789595695,885963,TVJ761  ,Thailand,1789595681,1789595690,88.6602,18.0181,9441.18,False,245.17,108.85,0,,10027.92,0315,False,0
1789595695,8964b0,UAE399  ,United Arab Emirates,1789595526,1789595528,83.5409,12.6673,11582.4,False,265.04,296.27,-0.33,,12260.58,,False,0
1789595695,8964c3,ETD432  ,United Arab Emirates,1789595694,1789595694,83.8762,22.9852,11269.98,False,266.41,93.32,0,,11971.02,3407,False,0
1789595695,8964a8,UAE313  ,United Arab Emirates,1789595694,1789595694,85.0917,21.9512,10363.2,False,251.3,262.23,0,,11003.28,6354,False,0
1789595695,76cc75,SIA402  ,Singapore,1789595694,1789595694,85.9142,18.1212,10972.8,False,261.27,313.56,-0.33,,11650.98,,False,0
1789595695,484cba,KLM836  ,Kingdom of the Netherlands,1789595694,1789595694,75.3499,27.0093,9144,False,248.64,289.71,0,,9669.78,,False,0
1789595695,8965f8,ABY552  ,United Arab Emirates,1789595694,1789595694,74.2467,31.4067,6728.46,False,183.52,15.95,-6.5,,7033.26,,False,0
1789595695,76cd43,SIA306  ,Singapore,1789595694,1789595694,76.7778,24.9711,10972.8,False,248.92,300.01,0,,11635.74,,False,0
1789595695,8a08b1,UBA8502 ,Indonesia,1789595512,1789595691,96.2719,17.1403,792.48,False,111.62,197.43,-6.18,,,,False,0
1789595695,89669a,ETD6RM  ,United Arab Emirates,1789595694,1789595694,77.9103,13.119,2179.32,False,104.93,76.1,-6.83,,2194.56,,False,0
1789595695,89668b,ABY471  ,United Arab Emirates,1789595613,1789595613,80.1915,12.9986,114.3,False,72.32,248.73,-3.58,,15.24,3433,False,0
1789595695,781fd6,CSS159  ,China,1789595694,1789595694,78.1242,28.463,3832.86,False,165.68,295.37,-7.48,,3954.78,6002,False,0
1789595695,152036,AFL292  ,Russian Federation,1789595693,1789595694,82.0955,26.499,11277.6,False,243.41,123.62,-0.65,,11955.78,,False,0
1789595695,89408b,GFA152  ,Bahrain,1789595688,1789595694,68.7247,24.1182,11879.58,False,255.27,91.62,0,,12611.1,,False,0
1789595695,899087,EVA095  ,Taiwan,1789595694,1789595694,78.0023,29.5848,10965.18,False,227.64,309.59,0,,11574.78,0432,False,0
1789595695,89907e,EVA065  ,Taiwan,1789595694,1789595694,78.5026,28.113,10363.2,False,246.28,291.96,-0.33,,10965.18,0427,False,0
1789595695,899097,EVA062  ,Taiwan,1789595694,1789595694,89.4881,20.6727,11887.2,False,262.91,126.09,0,,12618.72,7112,False,0
1789595695,040143,ETH609  ,Ethiopia,1789595693,1789595693,80.2253,12.9813,9745.98,False,259.85,275.23,0,,10317.48,0740,False,0
1789595695,706214,JZR406  ,Kuwait,1789595693,1789595694,75.3417,12.0081,9144,False,246.19,319.15,0,,9669.78,,False,0
1789595695,040156,ETH3290 ,Ethiopia,1789595694,1789595694,71.0095,22.9437,12496.8,False,240.84,85.96,0,,13235.94,,False,0
1789595695,040126,ETH687  ,Ethiopia,1789595694,1789595694,74.6694,28.5181,8625.84,False,186.43,272.69,6.5,,9090.66,,False,0
1789595695,8881ff,VJC1806 ,Viet Nam,1789595694,1789595694,94.1527,16.1315,10066.02,False,241.09,110.48,0,,,0374,False,0
1789595695,899017,CAL5663 ,Taiwan,1789595694,1789595694,94.0251,19.3999,10355.58,False,254.56,298.22,0,,11026.14,2630,False,0
1789595695,899013,CAL063  ,Taiwan,1789595694,1789595694,77.4059,30.0467,11582.4,False,234.78,329.45,0,,12214.86,2663,False,0
1789595695,06a376,QTR842  ,Qatar,1789595685,1789595686,81.2357,13.5276,11887.2,False,237.35,110.56,0,,12573,2127,False,0
1789595695,06a2e9,QTR982  ,Qatar,1789595694,1789595694,89.6931,22.5103,11879.58,False,252.43,97.02,0.33,,12611.1,0365,False,0
1789595695,06a2f9,QTR838  ,Qatar,1789595694,1789595694,95.2603,16.4742,11879.58,False,249.22,115.3,0.33,,12618.72,5635,False,0
1789595695,4ba9c8,THY62Y  ,Turkey,1789595694,1789595694,82.1226,27.0589,11887.2,False,253.86,112.77,0,,12580.62,,False,0
1789595695,06a2c7,QTR8M   ,Qatar,1789595693,1789595693,78.9571,7.138,10363.2,False,259.07,305.3,0,,10957.56,,False,0
1789595695,8990e6,EVA071  ,Taiwan,1789595694,1789595694,79.9326,27.6711,9753.6,False,246.82,317.2,0,,10309.86,6247,False,0
1789595695,06a062,QTR807  ,Qatar,1789595694,1789595694,70.502,22.8294,10363.2,False,252.14,273.86,0,,11026.14,,False,0
1789595695,a7a9a0,N593MA  ,United States,1789595559,1789595561,82.806,33.1948,,True,0.06,171.56,,,,,False,0
1789595695,06a072,QTR898  ,Qatar,1789595694,1789595694,78.6349,15.1206,9448.8,False,259.97,116.57,0,,10005.06,2131,False,0
1789595695,39cf0f,AFR198  ,France,1789595691,1789595691,80.5184,25.7723,11887.2,False,258.48,129.27,0,,12573,,False,0
1789595695,7c8064,QFA5    ,Australia,1789595590,1789595670,79.6269,14.5067,11574.78,False,256.03,346.05,0.33,,12260.58,1456,False,0
1789595695,80139b,AIC7FM  ,India,1789595694,1789595694,81.3288,26.2262,11269.98,False,241.96,114.49,0.33,,11932.92,,False,0
1789595695,406c39,VIR303  ,United Kingdom,1789595693,1789595694,72.1111,31.2543,10363.2,False,235.37,263.98,-0.33,,10919.46,,False,0
1789595695,801403,AXB135  ,India,1789595539,1789595539,77.0979,28.5623,,True,7.46,104.06,,,,,False,0
1789595695,801406,AIC112  ,India,1789595690,1789595690,74.5005,26.5793,11887.2,False,254.18,39.91,-0.33,,12603.48,,False,0
1789595695,801454,IGO6129 ,India,1789595694,1789595694,74.8197,15.2625,11887.2,False,231.4,159.03,0,,12595.86,,False,0
1789595695,abcca0,,United States,1789595691,1789595691,82.8046,33.2,,True,1.29,278.44,,,,,False,0
1789595695,801435,AXB920  ,India,1789595694,1789595694,77.5909,13.1785,3939.54,False,169.1,100.69,-4.88,,4076.7,,False,0
1789595695,06a10b,QTR830  ,Qatar,1789595693,1789595694,81.6051,18.1989,12496.8,False,246.79,108.85,0,,13205.46,,False,0
1789595695,801530,FQA321  ,India,1789595694,1789595694,76.499,27.8188,8122.92,False,215.52,204.24,8.13,,8549.64,,False,0
1789595695,06a12a,QTR859  ,Qatar,1789595694,1789595694,86.7924,23.1441,10972.8,False,254.17,269.07,-0.65,,11643.36,6302,False,0
1789595695,06a145,QTR837  ,Qatar,1789595694,1789595694,83.6924,17.6695,12192,False,256.03,286.58,0,,12915.9,,False,0
1789595695,801548,AKJ506  ,India,1789595694,1789595694,75.713,12.1979,11277.6,False,224.71,143.47,0.33,,11948.16,,False,0
1789595695,80159f,AIC308  ,India,1789595694,1789595694,77.3402,27.9504,4823.46,False,212.59,113.84,8.78,,5006.34,,False,0
1789595695,80156e,BDA354  ,India,1789595694,1789595694,76.2148,28.2113,4640.58,False,168.8,21.64,-2.6,,4823.46,,False,0
1789595695,06a103,QTR955  ,Qatar,1789595694,1789595694,77.9967,8.4866,11582.4,False,262.48,300.64,0.33,,12237.72,,False,0
1789595695,885102,THA937  ,Thailand,1789595694,1789595694,84.7517,24.5417,12496.8,False,254.07,118.02,0.33,,13205.46,0142,False,0
1789595695,88511a,THA924  ,Thailand,1789595681,1789595682,73.7834,27.6825,12192,False,237.86,300.84,0,,12877.8,,False,0
1789595695,88510a,THA941  ,Thailand,1789595694,1789595694,96.5081,16.0336,12496.8,False,245.6,127.25,0,,13220.7,0410,False,0
1789595695,88510b,THA925  ,Thailand,1789595694,1789595694,93.8361,19.6474,12504.42,False,240.71,73.23,0,,13228.32,1735,False,0
1789595695,885116,THA955  ,Thailand,1789595694,1789595694,75.9692,31.0345,11879.58,False,274.64,135.08,1.95,,12512.04,,False,0
1789595695,885115,THA326  ,Thailand,1789595694,1789595694,93.0224,12.2743,11887.2,False,252.07,84.85,0.33,,,,False,0
1789595695,88516c,THA951  ,Thailand,1789595694,1789595694,95.3153,16.9109,10668,False,255.6,122.51,0,,11338.56,0715,False,0
1789595695,8013f8,IGO084  ,India,1789595456,1789595460,77.1072,28.5417,320.04,False,74.12,283.65,-3.25,,213.36,,False,0
1789595695,885156,THA350  ,Thailand,1789595694,1789595694,88.8004,22.4441,11277.6,False,259.66,125.48,0,,11971.02,7272,False,0
1789595695,885177,THA921  ,Thailand,1789595694,1789595694,88.3808,21.2972,11887.2,False,248.94,115.98,0,,12611.1,7644,False,0
1789595695,885179,THA970  ,Thailand,1789595694,1789595694,75.862,28.4677,10363.2,False,237.04,292.73,0,,10965.18,,False,0
1789595695,885170,THA950  ,Thailand,1789595693,1789595694,74.793,27.199,9753.6,False,249.26,293.6,0,,10332.72,,False,0
1789595695,3c64f5,DLH759  ,Germany,1789595694,1789595694,79.9309,13.0329,1203.96,False,151.94,288.56,8.13,,1143,0621,False,0
1789595695,7103d7,SVA871  ,Saudi Arabia,1789595693,1789595693,87.0587,16.7587,10355.58,False,261.53,283.65,-0.33,,11010.9,,False,0
1789595695,4246b4,AHY057  ,United Kingdom,1789595694,1789595694,76.4833,28.4096,3657.6,False,170.85,79.94,-0.65,,3779.52,,False,0
1789595695,a9aba2,ETD9682 ,United States,1789595694,1789595694,70.4667,22.9274,11887.2,False,248.54,86.08,0,,12633.96,,False,0
1789595695,151db6,AFL284  ,Russian Federation,1789595695,1789595695,77.9366,29.088,10660.38,False,265.68,145.97,0.33,,11269.98,,False,0
1789595695,7105ac,SVA857  ,Saudi Arabia,1789595694,1789595694,80.0824,13.2926,10355.58,False,262.51,296.41,0,,10995.66,2272,False,0
1789595695,70c13d,OMS497  ,Oman,1789595694,1789595694,83.6531,23.007,10668,False,244.88,89.88,0,,11323.32,4725,False,0
1789595695,77170d,EXV912  ,Sri Lanka,1789595693,1789595694,83.0821,17.1616,10972.8,False,240.57,226.82,0,,11643.36,4702,False,0
1789595695,70c10c,OMS705  ,Oman,1789595694,1789595694,75.6766,28.0715,11277.6,False,247.09,95.62,0.33,,11940.54,,False,0
1789595695,70c10d,OMS783  ,Oman,1789595694,1789595694,74.2991,15.6848,11269.98,False,231.92,125.06,0,,11963.4,,False,0
1789595695,770453,ALK191  ,Sri Lanka,1789595692,1789595694,77.2548,25.0767,11590.02,False,234.73,357.99,0,,12298.68,,False,0
1789595695,7609f0,FJL530  ,Pakistan,1789595418,1789595493,71.9534,29.6757,10965.18,False,220.92,228.78,0,,11590.02,,False,0
1789595695,70c0fe,OMA817  ,Oman,1789595693,1789595693,90.0481,17.5701,12496.8,False,239.63,108.79,-0.33,,13228.32,4760,False,0
1789595695,77058f,ALK153  ,Sri Lanka,1789595694,1789595694,80.0526,12.6039,11277.6,False,246.06,345.47,0,,11955.78,7341,False,0
1789595695,a3969c,N330JE  ,United States,1789595690,1789595694,82.8044,33.2008,,True,5.14,8.44,,,,,False,0
1789595695,88813a,HVN18   ,Viet Nam,1789595694,1789595694,95.9035,21.5202,13106.4,False,241.24,101.81,0,,13837.92,7563,False,0
1789595695,706058,KAC283  ,Kuwait,1789595694,1789595694,89.0116,22.9948,9860.28,False,258.87,57.42,-2.93,,10469.88,0460,False,0
1789595695,706064,KAC364  ,Kuwait,1789595694,1789595694,78.4536,8.7082,8763,False,245.21,308.7,3.25,,9250.68,,False,0
1789595695,706072,KAC382  ,Kuwait,1789595694,1789595694,74.9065,28.5295,7734.3,False,214.6,271.51,4.55,,8122.92,,False,0
1789595695,7705c1,ALK402  ,Sri Lanka,1789595694,1789595694,94.7592,12.8518,11894.82,False,228.94,62.57,0,,,,False,0
1789595695,706130,JZR531  ,Kuwait,1789595694,1789595694,90.4011,23.8504,,True,4.89,146.25,,,,1433,False,0
1789595695,70612c,JZR432  ,Kuwait,1789595450,1789595450,73.3096,15.533,10355.58,False,240.76,298.32,0.33,,10988.04,,False,0
1789595695,70612d,JZR407  ,Kuwait,1789595694,1789595694,69.7688,23.912,10675.62,False,245.37,101.73,0.33,,11353.8,,False,0
1789595695,8880ad,HVN670  ,Viet Nam,1789595694,1789595694,94.9472,14.8949,10058.4,False,237.19,103.67,0,,,,False,0
1789595695,a0a9c7,N1417U  ,United States,1789595694,1789595694,82.8042,33.2018,,True,3.6,337.5,,,,,False,0
1789595695,8880e0,HVN31   ,Viet Nam,1789595691,1789595693,74.1267,27.5667,11582.4,False,237.44,299.18,0,,12268.2,,False,0
1789595695,888217,VJC910  ,Viet Nam,1789595694,1789595694,92.7113,22.1992,10058.4,False,247.08,94.18,0,,10690.86,0340,False,0
1789595695,8940dc,GFA130  ,Bahrain,1789595694,1789595694,76.1698,28.2749,4084.32,False,178.55,104.52,-3.58,,4236.72,,False,0
1789595695,7502cd,XAX605  ,Malaysia,1789595690,1789595694,85.8672,16.6735,11887.2,False,239.23,132.47,0,,12603.48,,False,0
1789595695,76cda3,SIA302  ,Singapore,1789595675,1789595694,83.8484,21.696,11582.4,False,247.88,311.3,0,,12275.82,2230,False,0
1789595695,76cda8,SIA314  ,Singapore,1789595694,1789595694,87.1959,18.841,10972.8,False,258.5,312.58,-0.33,,11635.74,0174,False,0
1789595695,76cda5,SIA304  ,Singapore,1789595694,1789595694,70.6711,31.1306,12192,False,234.86,329.17,0.33,,12832.08,,False,0
1789595695,76cdb5,SIA309  ,Singapore,1789595687,1789595693,88.5474,17.5943,12496.8,False,247.01,135.59,0.33,,13213.08,4761,False,0
1789595695,76cdb2,SIA312  ,Singapore,1789595400,1789595401,70.5595,30.8936,10972.8,False,254.71,334.26,0,,11551.92,,False,0
1789595695,76cdad,SIA352  ,Singapore,1789595694,1789595695,72.2509,30.974,11582.4,False,243.93,309.09,0,,12199.62,,False,0
1789595695,8966ce,ETD402  ,United Arab Emirates,1789595694,1789595694,84.1421,19.4524,11887.2,False,253.56,111.05,0,,12595.86,,False,0
1789595695,8966af,ABY496  ,United Arab Emirates,1789595694,1789595694,77.1787,13.781,5715,False,202.8,122.36,-12.03,,6019.8,,False,0
1789595695,750447,MXD752  ,Malaysia,1789595694,1789595694,77.6446,29.1862,11887.2,False,254.78,129.35,0,,12542.52,,False,0
1789595695,75041f,MXD132  ,Malaysia,1789595692,1789595694,79.2834,25.8707,10058.4,False,245.61,151.61,0,,10652.76,,False,0
1789595695,750420,MXD181  ,Malaysia,1789595694,1789595694,96.5443,11.1753,11277.6,False,234.29,135.89,0,,11978.64,7777,False,0
1789595695,4074e3,,United Kingdom,1789595663,1789595663,74.8653,13.319,9875.52,False,244.53,277.74,4.23,,10454.64,,False,0
1789595695,750423,MXD216  ,Malaysia,1789595694,1789595694,91.8778,15.6127,11887.2,False,236.94,103.95,0,,,,False,0
1789595695,48ae00,LOT71   ,Poland,1789595694,1789595694,77.1286,28.5371,419.1,False,75.74,283.75,-3.9,,320.04,,False,0
1789595695,507c4c,UZB553  ,Uzbekistan,1789595692,1789595693,79.0656,26.408,12496.8,False,256.77,154.1,-0.33,,13205.46,,False,0
1789595695,75059c,MAS119  ,Malaysia,1789595694,1789595694,93.1526,13.1109,11277.6,False,228.46,135.73,-0.33,,,,False,0
1789595695,ab2d5c,N8191X  ,United States,1789595400,1789595400,82.8042,33.2046,,True,6.69,348.75,,,,,False,0
1789595695,86e3ec,JAL754  ,Japan,1789595694,1789595694,82.5706,17.189,11879.58,False,249.38,49.94,0.33,,12603.48,,False,0
1789595695,800b62,AXB5976 ,India,1789595694,1789595694,77.4214,28.19,3421.38,False,134.15,23.03,-2.28,,3550.92,,False,0
1789595695,4d20f9,VJT278R ,Malta,1789595617,1789595617,71.4561,18.6242,12192,False,253.6,295.21,0,,12931.14,,False,0
1789595695,800c42,AIC2284 ,India,1789595694,1789595694,69.7379,22.8886,10675.62,False,244.1,74.85,0,,11338.56,,False,0
1789595695,800c3a,LLR676  ,India,1789595694,1789595694,78.9621,27.8855,5486.4,False,128.41,306.36,0,,5753.1,,False,0
1789595695,800c4b,AIC2378 ,India,1789595694,1789595694,85.3869,20.5812,10652.76,False,237.72,130,0,,11315.7,0526,False,0
1789595695,3c68cb,BCS694  ,Germany,1789595694,1789595694,93.2774,22.4984,12496.8,False,243.97,79.31,0,,13251.18,0451,False,0
1789595695,4cac10,KZR931  ,Ireland,1789595694,1789595694,75.5657,31.1982,10058.4,False,256.24,133.05,0,,10607.04,,False,0
1789595695,710055,SVA827  ,Saudi Arabia,1789595682,1789595693,75.793,8.902,10363.2,False,256.26,289.34,0,,10965.18,,False,0
1789595695,710053,SVA810  ,Saudi Arabia,1789595694,1789595694,89.6149,23.4394,5753.1,False,225.52,38.52,-10.4,,6042.66,5272,False,0
1789595695,710057,SVA803  ,Saudi Arabia,1789595694,1789595694,89.8342,23.2781,5737.86,False,207.33,244.58,7.8,,6012.18,4727,False,0
1789595695,70e085,SEJ905  ,Cambodia,1789595694,1789595694,80.6687,26.5399,10675.62,False,248.27,113.96,0,,11308.08,,False,0
1789595695,711486,RXI763  ,Saudi Arabia,1789595693,1789595694,70.9811,24.0772,11269.98,False,267.66,78.58,-0.33,,11993.88,,False,0
1789595695,800bef,AIC2336 ,India,1789595664,1789595666,94.9984,18.3968,11277.6,False,229.82,125.43,0,,11993.88,0512,False,0
1789595695,0100a4,MSR511  ,Egypt,1789595694,1789595694,96.5095,15.3539,11391.9,False,237.78,290.12,4.55,,11993.88,,False,0
1789595710,80163c,IGO1477 ,India,1789595709,1789595709,70.5207,22.8279,9144,False,214.46,273.71,0,,9707.88,,False,0
1789595710,801625,AIC1ZH  ,India,1789595696,1789595696,77.7687,13.2065,1135.38,False,68.94,270.43,-3.25,,1082.04,,False,0
1789595710,8851ea,THA340  ,Thailand,1789595709,1789595709,94.133,19.4788,10050.78,False,248.59,136.93,-0.33,,,,False,0
1789595710,8851e1,THA344  ,Thailand,1789595708,1789595709,89.167,18.8841,10058.4,False,241.59,109.01,0,,10675.62,0377,False,0
1789595710,8014af,IGO1486 ,India,1789595652,1789595655,75.7047,14.7364,11887.2,False,228.31,126.66,0,,12603.48,,False,0
1789595710,885282,THA911  ,Thailand,1789595709,1789595709,95.7396,16.5398,11277.6,False,255.19,126.06,0,,11993.88,3461,False,0
1789595710,80174a,IGO245C ,India,1789595710,1789595710,77.2995,28.2437,2217.42,False,140.87,14.59,-6.18,,2255.52,,False,0
1789595710,80174d,VTIWT   ,India,1789595708,1789595708,77.0847,28.5613,,True,0.45,61.88,,,,,False,0
1789595710,80177d,IGO706  ,India,1789595707,1789595707,77.2504,25.3011,10378.44,False,237.7,359.13,0,,11010.9,,False,0
1789595710,885307,THA330  ,Thailand,1789595709,1789595709,94.5546,14.9977,10668,False,236.19,103.73,0,,,,False,0
1789595710,05a0af,DQA341  ,Maldives,1789595633,1789595633,82.4051,16.2811,12192,False,245.41,213.89,0,,12915.9,1537,False,0
1789595710,88530a,THA338  ,Thailand,1789595709,1789595709,96.254,13.6438,10668,False,239.56,76.08,-0.33,,,,False,0
1789595710,885313,THA314  ,Thailand,1789595708,1789595708,92.6163,18.4745,10668,False,242.65,127.94,0.33,,,0420,False,0
1789595710,80052d,AIC8HJ  ,India,1789595707,1789595709,76.8859,8.6275,1325.88,False,125.79,3.75,11.05,,1280.16,,False,0
1789595710,3c4a08,DLH761  ,Germany,1789595708,1789595708,75.3001,28.8292,6576.06,False,217.57,321.72,7.48,,6911.34,,False,0
1789595710,80189d,AIC187  ,India,1789595709,1789595709,69.0147,22.9081,10363.2,False,251.87,272.81,0,,11018.52,,False,0
1789595710,70209f,BBC305  ,Bangladesh,1789595709,1789595709,87.2288,25.0528,10363.2,False,254.28,288.03,0,,11003.28,4773,False,0
1789595710,8017a0,IGO2369 ,India,1789595709,1789595709,77.2948,28.4652,1592.58,False,106.48,9.74,-1.63,,1592.58,,False,0
1789595710,8016d7,IGO679P ,India,1789595705,1789595708,78.6597,14.3935,10050.78,False,235.75,305.94,2.93,,10660.38,0211,False,0
1789595710,89618a,UAE363  ,United Arab Emirates,1789595709,1789595709,69.4391,22.911,12192,False,253.2,273.96,0,,12946.38,,False,0
1789595710,896175,UAE329  ,United Arab Emirates,1789595708,1789595709,73.1588,23.0768,10363.2,False,254.97,267.11,0,,10988.04,,False,0
1789595710,80183b,IGO72P  ,India,1789595709,1789595709,75.4281,27.2054,9997.44,False,238.09,28.95,-10.4,,10599.42,,False,0
1789595710,80183a,IGO721  ,India,1789595708,1789595708,74.5984,15.8941,11574.78,False,233.33,342.68,-0.33,,12283.44,,False,0
1789595710,801819,IGO626E ,India,1789595441,1789595448,77.7811,14.7333,9182.1,False,227.04,2.21,5.85,,9738.36,2704,False,0
1789595710,8a0536,GIA089  ,Indonesia,1789595676,1789595676,85.9369,16.6121,10668,False,253.04,132.61,0,,11315.7,,False,0
1789595710,8018e1,IGO426L ,India,1789595710,1789595710,76.8394,26.3488,10645.14,False,238.92,177.53,3.58,,11277.6,,False,0
1789595710,8018dd,IGO012  ,India,1789595453,1789595460,72.4765,24.5059,11887.2,False,233.37,50.1,0,,12618.72,,False,0
1789595710,a27c9e,,United States,1789595670,1789595670,82.8045,33.2037,,True,4.63,345.94,,,,,False,0
1789595710,896408,ETD498  ,United Arab Emirates,1789595710,1789595710,79.7179,12.9152,10668,False,255.72,110.37,-0.33,,11308.08,1740,False,0
1789595710,896357,ETD973  ,United Arab Emirates,1789595708,1789595709,85.3933,22.9738,12496.8,False,248.11,74.61,0,,13228.32,1764,False,0
1789595710,896327,ETD476  ,United Arab Emirates,1789595710,1789595710,77.7094,10.3865,10058.4,False,252.35,110.65,0,,10645.14,,False,0
1789595710,4bb0eb,THY45M  ,Turkey,1789595709,1789595709,95.8576,11.6098,11887.2,False,248.27,137.18,0,,12603.48,5116,False,0
1789595710,4bb0fa,THY208  ,Turkey,1789595710,1789595710,95.864,17.7881,12496.8,False,241.17,126.67,0,,13213.08,5117,False,0
1789595710,896303,UAE3KV  ,United Arab Emirates,1789595709,1789595709,68.1823,21.3764,10363.2,False,259.66,293.47,0,,11026.14,,False,0
1789595710,896306,UAE371  ,United Arab Emirates,1789595709,1789595709,92.1001,15.5587,10972.8,False,253.66,284.21,0,,11673.84,,False,0
1789595710,896312,UAE377  ,United Arab Emirates,1789595710,1789595710,85.3334,17.2495,10363.2,False,258.5,286.42,0,,10988.04,,False,0
1789595710,80073f,AIC302  ,India,1789595709,1789595709,82.1786,25.1545,10668,False,260.47,134.36,0,,11308.08,,False,0
1789595710,780a57,CPA612  ,China,1789595709,1789595709,95.4956,13.1271,12496.8,False,234.6,72.12,-0.33,,,,False,0
1789595710,780a58,CPA624  ,China,1789595709,1789595709,88.1967,21.0722,11277.6,False,245.56,70.16,0,,11986.26,0640,False,0
1789595710,8963ec,UAE7Q   ,United Arab Emirates,1789595652,1789595675,78.9397,14.9441,11582.4,False,262.74,296.77,0,,12260.58,2133,False,0
1789595710,8963e7,UAE374  ,United Arab Emirates,1789595647,1789595647,72.7164,23.9427,11887.2,False,259.5,94.32,0,,12626.34,,False,0
1789595710,896536,ETD473  ,United Arab Emirates,1789595616,1789595616,74.974,10.248,11574.78,False,264.88,300.2,0,,12260.58,,False,0
1789595710,896535,ETD870  ,United Arab Emirates,1789595709,1789595709,88.0032,22.7804,12489.18,False,250.72,101.84,-0.33,,13235.94,1714,False,0
1789595710,896539,ETD474  ,United Arab Emirates,1789595707,1789595707,77.3573,9.385,11277.6,False,244.52,122.02,-0.33,,11932.92,,False,0
1789595710,89647c,UAE75T  ,United Arab Emirates,1789595698,1789595698,75.2726,9.9654,12192,False,264.26,301.71,0,,12870.18,,False,0
1789595710,896496,ABY518  ,United Arab Emirates,1789595709,1789595709,78.4309,26.3492,11277.6,False,250.52,78.99,0,,11963.4,,False,0
1789595710,896473,UAE319  ,United Arab Emirates,1789595708,1789595709,71.6706,22.9697,12192,False,253.87,267.44,0.33,,12931.14,,False,0
1789595710,896488,ETD401  ,United Arab Emirates,1789595709,1789595709,88.641,18.0195,10972.8,False,261.6,288.93,-0.33,,11650.98,0711,False,0
1789595710,896451,UAE325  ,United Arab Emirates,1789595703,1789595703,73.1518,23.0617,10972.8,False,256.44,267.47,0,,11666.22,,False,0
1789595710,40688f,BAW35   ,United Kingdom,1789595709,1789595709,80.3221,13.4183,2476.5,False,156.59,169.21,-7.48,,2506.98,5715,False,0
1789595710,89642e,ABY422  ,United Arab Emirates,1789595707,1789595707,76.3573,10.1495,190.5,False,74.12,88.01,-3.58,,99.06,,False,0
1789595710,89642d,ABY410  ,United Arab Emirates,1789595663,1789595663,76.5032,11.0843,4655.82,False,207.17,95.27,-10.4,,5288.28,,False,0
1789595710,8963a2,UAE9785 ,United Arab Emirates,1789595710,1789595710,91.232,22.3277,9753.6,False,250.72,277.66,0,,10355.58,5345,False,0
1789595710,8964fa,ETD410  ,United Arab Emirates,1789595709,1789595709,91.695,14.5461,12496.8,False,248.45,134.92,-0.33,,,,False,0
1789595710,8964bf,ETD898  ,United Arab Emirates,1789595710,1789595710,87.1726,22.8779,11879.58,False,253.98,99.44,-0.33,,12595.86,3423,False,0
1789595710,780c01,CES2052 ,China,1789595709,1789595709,90.3939,22.5075,11277.6,False,246.19,92.75,0,,12001.5,4000,False,0
1789595710,896660,FDB570  ,United Arab Emirates,1789595710,1789595710,74.1178,15.1479,10972.8,False,243.13,326.04,0.33,,11635.74,,False,0
1789595710,89664c,ETD218  ,United Arab Emirates,1789595709,1789595709,77.256,28.5096,952.5,False,93.08,283.42,-2.93,,906.78,,False,0
1789595710,780ab6,CPA694  ,China,1789595709,1789595709,92.8391,23.4881,11887.2,False,257.2,93.55,0,,12603.48,0513,False,0
1789595710,885963,TVJ761  ,Thailand,1789595681,1789595699,88.6602,18.0181,9441.18,False,245.17,108.85,0,,10027.92,0315,False,0
1789595710,8964b0,UAE399  ,United Arab Emirates,1789595526,1789595528,83.5409,12.6673,11582.4,False,265.04,296.27,-0.33,,12260.58,,False,0
1789595710,8964c3,ETD432  ,United Arab Emirates,1789595710,1789595710,83.9163,22.983,11269.98,False,266.41,93.32,0,,11971.02,3407,False,0
1789595710,8964a8,UAE313  ,United Arab Emirates,1789595708,1789595709,85.0565,21.9466,10363.2,False,251.37,262.12,0,,11003.28,6354,False,0
1789595710,76cc75,SIA402  ,Singapore,1789595706,1789595706,85.8927,18.1407,10965.18,False,261.27,313.56,0.33,,11650.98,,False,0
1789595710,484cba,KLM836  ,Kingdom of the Netherlands,1789595708,1789595709,75.3154,27.0202,9144,False,248.44,289.22,0.33,,9669.78,,False,0
1789595710,8965f8,ABY552  ,United Arab Emirates,1789595709,1789595709,74.2531,31.4308,6629.4,False,180.91,11.98,-9.1,,6926.58,,False,0
1789595710,76cd43,SIA306  ,Singapore,1789595710,1789595710,76.7444,24.9887,10972.8,False,248.89,300.7,0,,11635.74,,False,0
1789595710,8a08b1,UBA8502 ,Indonesia,1789595512,1789595706,96.2719,17.1403,571.5,False,111.62,197.43,-6.18,,,,False,0
1789595710,89669a,ETD6RM  ,United Arab Emirates,1789595709,1789595709,77.9236,13.1237,2103.12,False,102.61,68.84,-2.6,,2118.36,,False,0
1789595710,89668b,ABY471  ,United Arab Emirates,1789595613,1789595613,80.1915,12.9986,114.3,False,72.32,248.73,-3.58,,15.24,3433,False,0
1789595710,781fd6,CSS159  ,China,1789595709,1789595709,78.1014,28.4727,3726.18,False,164.28,296,-5.85,,3848.1,6002,False,0
1789595710,152036,AFL292  ,Russian Federation,1789595709,1789595709,82.1263,26.4805,11277.6,False,242.99,123.69,-0.33,,11948.16,,False,0
1789595710,89408b,GFA152  ,Bahrain,1789595708,1789595708,68.7737,24.1171,11887.2,False,255.22,91.16,0,,12618.72,,False,0
1789595710,899087,EVA095  ,Taiwan,1789595710,1789595710,77.9738,29.6054,10972.8,False,227.64,309.59,0.33,,11590.02,0432,False,0
1789595710,89907e,EVA065  ,Taiwan,1789595709,1789595709,78.4682,28.1252,10355.58,False,246.08,291.85,0.33,,10957.56,0427,False,0
1789595710,899097,EVA062  ,Taiwan,1789595709,1789595709,89.5189,20.6516,11887.2,False,263.32,126.02,-0.33,,12618.72,7112,False,0
1789595710,040143,ETH609  ,Ethiopia,1789595709,1789595709,80.1875,12.9847,9745.98,False,259.89,275.34,-0.33,,10317.48,0740,False,0
1789595710,706214,JZR406  ,Kuwait,1789595709,1789595709,75.3194,12.0334,9144,False,246.53,319.06,0,,9669.78,,False,0
1789595710,040156,ETH3290 ,Ethiopia,1789595709,1789595709,71.0448,22.946,12496.8,False,241.32,86.09,0,,13235.94,,False,0
1789595710,040126,ETH687  ,Ethiopia,1789595707,1789595709,74.6442,28.5193,8694.42,False,186.46,272.85,5.85,,9159.24,,False,0
1789595710,8881ff,VJC1806 ,Viet Nam,1789595709,1789595709,94.1839,16.1202,10066.02,False,241.27,110.6,0,,,0374,False,0
1789595710,899017,CAL5663 ,Taiwan,1789595709,1789595709,93.9934,19.4161,10363.2,False,254.11,298.28,0.33,,11026.14,2630,False,0
1789595710,899013,CAL063  ,Taiwan,1789595708,1789595709,77.3892,30.0729,11582.4,False,236.08,332.49,0,,12222.48,2663,False,0
1789595710,06a376,QTR842  ,Qatar,1789595685,1789595706,81.2357,13.5276,11887.2,False,237.35,110.56,0,,12573,2127,False,0
1789595710,06a2e9,QTR982  ,Qatar,1789595710,1789595710,89.7329,22.5058,11879.58,False,252.43,97.02,0.33,,12611.1,0365,False,0
1789595710,06a2f9,QTR838  ,Qatar,1789595709,1789595709,95.2921,16.4597,11887.2,False,249.91,115.35,0,,12626.34,5635,False,0
1789595710,4ba9c8,THY62Y  ,Turkey,1789595709,1789595710,82.1589,27.0453,11887.2,False,253.86,112.77,0,,12580.62,,False,0
1789595710,06a2c7,QTR8M   ,Qatar,1789595709,1789595710,78.9262,7.1598,10363.2,False,258.35,305.27,0,,10957.56,,False,0
1789595710,8990e6,EVA071  ,Taiwan,1789595709,1789595709,79.9074,27.6953,9753.6,False,245.71,317.12,0,,10309.86,6247,False,0
1789595710,06a062,QTR807  ,Qatar,1789595709,1789595709,70.4668,22.8315,10363.2,False,252.14,273.86,0,,11026.14,,False,0
1789595710,a7a9a0,N593MA  ,United States,1789595559,1789595561,82.806,33.1948,,True,0.06,171.56,,,,,False,0
1789595710,06a072,QTR898  ,Qatar,1789595708,1789595709,78.666,15.1055,9448.8,False,259.97,116.57,0,,10005.06,2131,False,0
1789595710,39cf0f,AFR198  ,France,1789595708,1789595708,80.5513,25.7479,11887.2,False,258.48,129.27,0,,12573,,False,0
1789595710,7c8064,QFA5    ,Australia,1789595709,1789595709,79.5587,14.7729,11582.4,False,257.15,345.99,0,,12268.2,1456,False,0
1789595710,407ea1,DHK037  ,United Kingdom,1789595709,1789595709,95.4546,14.7749,9761.22,False,243.68,283.8,0,,10363.2,,False,0
1789595710,80139b,AIC7FM  ,India,1789595709,1789595710,81.3633,26.212,11277.6,False,241.96,114.49,0,,11940.54,,False,0
1789595710,406c39,VIR303  ,United Kingdom,1789595708,1789595708,72.0745,31.251,10355.58,False,234.86,263.96,0,,10911.84,,False,0
1789595710,801403,AXB135  ,India,1789595539,1789595539,77.0979,28.5623,,True,7.46,104.06,,,,,False,0
1789595710,801406,AIC112  ,India,1789595700,1789595700,74.5166,26.5967,11879.58,False,254.18,39.91,0,,12603.48,,False,0
1789595710,801454,IGO6129 ,India,1789595709,1789595709,74.831,15.234,11887.2,False,232.06,158.95,0,,12603.48,,False,0
1789595710,abcca0,,United States,1789595697,1789595697,82.8046,33.2,,True,0.06,278.44,,,,,False,0
1789595710,801435,AXB920  ,India,1789595709,1789595709,77.6139,13.1742,3870.96,False,163.35,100.71,-4.23,,4000.5,,False,0
1789595710,06a10b,QTR830  ,Qatar,1789595708,1789595708,81.6366,18.1886,12496.8,False,246.63,108.74,0,,13213.08,,False,0
1789595710,801530,FQA321  ,India,1789595709,1789595709,76.4859,27.7929,8244.84,False,215.99,204.18,5.85,,8686.8,,False,0
1789595710,06a12a,QTR859  ,Qatar,1789595709,1789595709,86.755,23.144,10972.8,False,254.15,270.7,0,,11643.36,6302,False,0
1789595710,06a145,QTR837  ,Qatar,1789595710,1789595710,83.6565,17.6797,12192,False,255.54,286.61,0,,12915.9,,False,0
1789595710,801548,AKJ506  ,India,1789595708,1789595709,75.7311,12.1738,11277.6,False,224.71,143.47,-0.33,,11948.16,,False,0
1789595710,80159f,AIC308  ,India,1789595709,1789595709,77.3694,27.9393,4953,False,214.48,112.57,8.78,,5151.12,,False,0
1789595710,80156e,BDA354  ,India,1789595709,1789595710,76.2244,28.233,4602.48,False,169.09,21.41,-2.6,,4785.36,,False,0
1789595710,06a103,QTR955  ,Qatar,1789595709,1789595709,77.9649,8.5053,11582.4,False,262.48,300.64,0.33,,12237.72,,False,0
1789595710,885102,THA937  ,Thailand,1789595709,1789595709,84.7848,24.5257,12496.8,False,253.83,117.92,0,,13213.08,0142,False,0
1789595710,88511a,THA924  ,Thailand,1789595709,1789595709,73.7253,27.7133,12192,False,237.6,300.73,0,,12877.8,,False,0
1789595710,88510a,THA941  ,Thailand,1789595709,1789595709,96.5361,16.0152,12496.8,False,246.07,121.23,0,,13220.7,0410,False,0
1789595710,88510b,THA925  ,Thailand,1789595709,1789595709,93.8685,19.6581,12496.8,False,241.1,72.11,0.65,,13228.32,1735,False,0
1789595710,885116,THA955  ,Thailand,1789595709,1789595709,76.0001,31.0079,11879.58,False,273.55,134.85,0.65,,12512.04,,False,0
1789595710,885115,THA326  ,Thailand,1789595708,1789595708,93.0556,12.2773,11887.2,False,252.11,84.73,0,,,,False,0
1789595710,88516c,THA951  ,Thailand,1789595709,1789595709,95.3456,16.8923,10668,False,255.6,122.51,0,,11338.56,0715,False,0
1789595710,8013f8,IGO084  ,India,1789595456,1789595460,77.1072,28.5417,320.04,False,74.12,283.65,-3.25,,213.36,,False,0
1789595710,885156,THA350  ,Thailand,1789595708,1789595709,88.83,22.4244,11277.6,False,259.66,125.48,0,,11971.02,7272,False,0
1789595710,885177,THA921  ,Thailand,1789595710,1789595710,88.4142,21.2819,11887.2,False,248.94,115.98,0.33,,12611.1,7644,False,0
1789595710,885179,THA970  ,Thailand,1789595709,1789595709,75.8282,28.4802,10363.2,False,237.12,292.45,0,,10965.18,,False,0
1789595710,885170,THA950  ,Thailand,1789595702,1789595708,74.7737,27.2066,9753.6,False,249,295.19,0.33,,10332.72,,False,0
1789595710,3c64f5,DLH759  ,Germany,1789595709,1789595709,79.9113,13.0394,1341.12,False,152.76,288.86,11.05,,1287.78,0621,False,0
1789595710,7103d7,SVA871  ,Saudi Arabia,1789595693,1789595699,87.0587,16.7587,10355.58,False,260.77,283.93,-0.33,,10995.66,,False,0
1789595710,4246b4,AHY057  ,United Kingdom,1789595708,1789595709,76.5074,28.4087,3657.6,False,170.94,103.58,0.33,,3779.52,,False,0
1789595710,a9aba2,ETD9682 ,United States,1789595709,1789595709,70.5015,22.9296,11887.2,False,248.58,85.97,0,,12641.58,,False,0
1789595710,151db6,AFL284  ,Russian Federation,1789595710,1789595710,77.9601,29.0574,10668,False,266.39,145.94,0.33,,11269.98,,False,0
1789595710,7105ac,SVA857  ,Saudi Arabia,1789595709,1789595709,80.0497,13.3084,10355.58,False,262.51,296.41,0.33,,10995.66,2272,False,0
1789595710,70c13d,OMS497  ,Oman,1789595701,1789595701,83.6697,23.007,10668,False,245.39,89.88,0,,11323.32,4725,False,0
1789595710,77170d,EXV912  ,Sri Lanka,1789595709,1789595709,83.0561,17.1381,10972.8,False,240.57,226.82,0,,11643.36,4702,False,0
1789595710,70c10c,OMS705  ,Oman,1789595709,1789595709,75.713,28.0683,11277.6,False,247.14,95.73,-0.33,,11940.54,,False,0
1789595710,70c10d,OMS783  ,Oman,1789595710,1789595710,74.3273,15.6656,11269.98,False,231.92,125.06,0,,11955.78,,False,0
1789595710,770453,ALK191  ,Sri Lanka,1789595702,1789595708,77.2539,25.0985,11590.02,False,234.73,357.99,0,,12298.68,,False,0
1789595710,7609f0,FJL530  ,Pakistan,1789595418,1789595493,71.9534,29.6757,10965.18,False,220.92,228.78,0,,11590.02,,False,0
1789595710,70c0fe,OMA817  ,Oman,1789595708,1789595708,90.0818,17.559,12496.8,False,239.8,108.9,0,,13228.32,4760,False,0
1789595710,77058f,ALK153  ,Sri Lanka,1789595710,1789595710,80.0435,12.6384,11277.6,False,245.93,345.59,0,,11955.78,7341,False,0
1789595710,a3969c,N330JE  ,United States,1789595690,1789595694,82.8044,33.2008,,True,5.14,8.44,,,,,False,0
1789595710,88813a,HVN18   ,Viet Nam,1789595710,1789595710,95.9395,21.5131,13114.02,False,241.24,101.81,-0.65,,13845.54,7563,False,0
1789595710,706058,KAC283  ,Kuwait,1789595708,1789595709,89.0419,23.0131,9806.94,False,257.55,56.82,-4.88,,10408.92,0460,False,0
1789595710,706064,KAC364  ,Kuwait,1789595709,1789595709,78.4281,8.7285,8816.34,False,245.61,308.62,3.25,,9281.16,,False,0
1789595710,706072,KAC382  ,Kuwait,1789595709,1789595709,74.8746,28.5302,7871.46,False,212.03,271.53,13.66,,8252.46,,False,0
1789595710,7705c1,ALK402  ,Sri Lanka,1789595709,1789595709,94.7883,12.8666,11894.82,False,229.18,62.46,0,,,,False,0
1789595710,706130,JZR531  ,Kuwait,1789595709,1789595709,90.4014,23.8504,,True,1.8,98.44,,,,1433,False,0
1789595710,70612c,JZR432  ,Kuwait,1789595450,1789595450,73.3096,15.533,10355.58,False,240.76,298.32,0.33,,10988.04,,False,0
1789595710,70612d,JZR407  ,Kuwait,1789595709,1789595709,69.8049,23.9051,10675.62,False,245.88,101.71,0.33,,11353.8,,False,0
1789595710,8880ad,HVN670  ,Viet Nam,1789595709,1789595709,94.9799,14.8873,10058.4,False,237.07,103.55,-0.33,,,,False,0
1789595710,a0a9c7,N1417U  ,United States,1789595704,1789595710,82.804,33.2022,,True,4.37,14.06,,,,,False,0
1789595710,8880e0,HVN31   ,Viet Nam,1789595706,1789595706,74.0953,27.5823,11582.4,False,237.44,299.18,-0.33,,12268.2,,False,0
1789595710,888217,VJC910  ,Viet Nam,1789595709,1789595709,92.7469,22.1968,10050.78,False,247.08,94.18,0.33,,10690.86,0340,False,0
1789595710,8940dc,GFA130  ,Bahrain,1789595709,1789595709,76.1965,28.2683,4030.98,False,177.16,106.01,-3.25,,4175.76,,False,0
1789595710,7502cd,XAX605  ,Malaysia,1789595709,1789595709,85.8982,16.6461,11887.2,False,239.23,132.47,0,,12603.48,,False,0
1789595710,76cda3,SIA302  ,Singapore,1789595675,1789595708,83.8484,21.696,11582.4,False,248.27,311.22,0,,12275.82,2230,False,0
1789595710,76cda8,SIA314  ,Singapore,1789595708,1789595710,87.1692,18.8643,10972.8,False,258.88,312.5,0,,11635.74,0174,False,0
1789595710,76cda5,SIA304  ,Singapore,1789595708,1789595710,70.6536,31.1559,12192,False,235.39,328.95,0,,12832.08,,False,0
1789595710,76cdb5,SIA309  ,Singapore,1789595687,1789595699,88.5474,17.5943,12496.8,False,247,135.42,0,,13213.08,4761,False,0
1789595710,76cdb2,SIA312  ,Singapore,1789595400,1789595401,70.5595,30.8936,10972.8,False,254.71,334.26,0,,11551.92,,False,0
1789595710,76cdad,SIA352  ,Singapore,1789595710,1789595710,72.219,30.9963,11582.4,False,244.33,309.02,0,,12199.62,,False,0
1789595710,8966ce,ETD402  ,United Arab Emirates,1789595710,1789595710,84.1774,19.4395,11887.2,False,253.56,111.05,0,,12595.86,,False,0
1789595710,8966af,ABY496  ,United Arab Emirates,1789595709,1789595709,77.2019,13.7666,5547.36,False,201.23,122.47,-10.4,,5829.3,,False,0
1789595710,750447,MXD752  ,Malaysia,1789595709,1789595709,77.676,29.1637,11887.2,False,255.18,129.27,0,,12542.52,,False,0
1789595710,75041f,MXD132  ,Malaysia,1789595692,1789595701,79.2834,25.8707,10058.4,False,246.06,151.67,0,,10652.76,,False,0
1789595710,750420,MXD181  ,Malaysia,1789595708,1789595708,96.5655,11.1538,11277.6,False,234.66,135.98,0,,11978.64,7777,False,0
1789595710,4074e3,,United Kingdom,1789595663,1789595663,74.8653,13.319,9875.52,False,244.53,277.74,4.23,,10454.64,,False,0
1789595710,750423,MXD216  ,Malaysia,1789595709,1789595709,91.909,15.6052,11887.2,False,236.44,103.98,0,,,,False,0
1789595710,48ae00,LOT71   ,Poland,1789595709,1789595709,77.1173,28.5396,365.76,False,76.74,283.57,-4.23,,266.7,,False,0
1789595710,507c4c,UZB553  ,Uzbekistan,1789595709,1789595709,79.0846,26.3725,12489.18,False,257.01,154.26,0,,13197.84,,False,0
1789595710,75059c,MAS119  ,Malaysia,1789595708,1789595708,93.1732,13.0902,11277.6,False,228.83,135.82,0,,,,False,0
1789595710,ab2d5c,N8191X  ,United States,1789595400,1789595400,82.8042,33.2046,,True,6.69,348.75,,,,,False,0
1789595710,76bcce,,Singapore,1789595702,1789595703,87.2024,16.8508,10972.8,False,257.4,312.65,-0.33,,11635.74,,False,0
1789595710,86e3ec,JAL754  ,Japan,1789595709,1789595709,82.5975,17.2108,11887.2,False,249.71,49.85,0,,12611.1,,False,0
1789595710,800b62,AXB5976 ,India,1789595709,1789595709,77.4295,28.2065,3390.9,False,132.74,23.29,-2.28,,3512.82,,False,0
1789595710,4d20f9,VJT278R ,Malta,1789595617,1789595617,71.4561,18.6242,12192,False,253.6,295.21,0,,12931.14,,False,0
1789595710,800c42,AIC2284 ,India,1789595709,1789595709,69.7713,22.9002,10675.62,False,243.11,66.69,0.33,,11338.56,,False,0
1789595710,800c3a,LLR676  ,India,1789595709,1789595709,78.9461,27.896,5486.4,False,128.72,306.55,0,,5753.1,,False,0
1789595710,800c4b,AIC2378 ,India,1789595704,1789595709,85.4049,20.567,10652.76,False,238.11,129.92,0,,11315.7,0526,False,0
1789595710,3c68cb,BCS694  ,Germany,1789595709,1789595709,93.3126,22.5045,12496.8,False,244.47,79.33,0,,13243.56,0451,False,0
1789595710,4cac10,KZR931  ,Ireland,1789595708,1789595709,75.5943,31.1751,10058.4,False,257.67,133.22,-0.33,,10607.04,,False,0
1789595710,710055,SVA827  ,Saudi Arabia,1789595706,1789595706,75.7407,8.9195,10363.2,False,255.61,287.45,0,,10965.18,,False,0
1789595710,710053,SVA810  ,Saudi Arabia,1789595709,1789595709,89.635,23.4628,5600.7,False,224.48,38.39,-9.75,,5882.64,5272,False,0
1789595710,710057,SVA803  ,Saudi Arabia,1789595709,1789595709,89.8063,23.2664,5844.54,False,209.01,245.26,7.48,,6134.1,4727,False,0
1789595710,70e085,SEJ905  ,Cambodia,1789595708,1789595709,80.7023,26.5265,10675.62,False,248.27,113.96,0,,11308.08,,False,0
1789595710,711486,RXI763  ,Saudi Arabia,1789595708,1789595710,71.0184,24.087,11277.6,False,266.53,68.49,0,,12001.5,,False,0
1789595710,800bef,AIC2336 ,India,1789595664,1789595666,94.9984,18.3968,11277.6,False,229.82,125.43,0,,11993.88,0512,False,0
1789595710,0100a4,MSR511  ,Egypt,1789595710,1789595710,96.4771,15.3653,11460.48,False,237.78,290.12,4.55,,12192,,False,0
1789595735,80163c,IGO1477 ,India,1789595734,1789595734,70.4685,22.8311,9136.38,False,214.01,274,0,,9700.26,,False,0
1789595735,801625,AIC1ZH  ,India,1789595734,1789595734,77.7445,13.2067,1005.84,False,67.91,270.43,-3.25,,952.5,,False,0
1789595735,8851ea,THA340  ,Thailand,1789595734,1789595734,94.1736,19.4373,10050.78,False,249,137.18,0,,,,False,0
1789595735,8851e1,THA344  ,Thailand,1789595734,1789595734,89.2211,18.8664,10058.4,False,240.62,109.09,0,,10683.24,0377,False,0
1789595735,8014af,IGO1486 ,India,1789595731,1789595732,75.8384,14.6393,11887.2,False,227.9,126.74,0,,12603.48,,False,0
1789595735,885282,THA911  ,Thailand,1789595734,1789595735,95.7876,16.5061,11277.6,False,254.89,125.97,0,,11993.88,3461,False,0
1789595735,80174a,IGO245C ,India,1789595734,1789595734,77.3084,28.2741,2057.4,False,141.24,14.34,-6.5,,2080.26,,False,0
1789595735,80174d,VTIWT   ,India,1789595731,1789595733,77.0847,28.5613,,True,0.06,61.88,,,,,False,0
1789595735,80177d,IGO706  ,India,1789595720,1789595720,77.25,25.3283,10370.82,False,237.18,359.25,-0.33,,11003.28,,False,0
1789595735,885307,THA330  ,Thailand,1789595734,1789595734,94.6082,14.985,10668,False,235.7,103.76,0,,,,False,0
1789595735,05a0af,DQA341  ,Maldives,1789595633,1789595633,82.4051,16.2811,12192,False,245.41,213.89,0,,12915.9,1537,False,0
1789595735,88530a,THA338  ,Thailand,1789595735,1789595735,96.308,13.6568,10668,False,239.56,76.08,0.33,,,,False,0
1789595735,885313,THA314  ,Thailand,1789595732,1789595732,92.6582,18.4433,10668,False,243.38,127.96,0.33,,,0420,False,0
1789595735,80052d,AIC8HJ  ,India,1789595734,1789595734,76.8879,8.6582,1615.44,False,127.85,3.69,10.4,,1569.72,,False,0
1789595735,3c4a08,DLH761  ,Germany,1789595733,1789595734,75.2661,28.8674,6736.08,False,218.38,321.89,6.18,,7071.36,,False,0
1789595735,80189d,AIC187  ,India,1789595734,1789595734,68.9528,22.9109,10355.58,False,252.38,272.8,0,,11018.52,,False,0
1789595735,70209f,BBC305  ,Bangladesh,1789595734,1789595735,87.1696,25.0703,10355.58,False,255.42,288.07,-0.33,,10995.66,4773,False,0
1789595735,8017a0,IGO2369 ,India,1789595734,1789595734,77.2994,28.4881,1577.34,False,101.51,10.51,-0.98,,1562.1,,False,0
1789595735,8016d7,IGO679P ,India,1789595731,1789595734,78.6143,14.4257,10134.6,False,236.77,306.07,3.58,,10736.58,0211,False,0
1789595735,89618a,UAE363  ,United Arab Emirates,1789595734,1789595734,69.3779,22.9149,12192,False,253.16,273.85,0,,12946.38,,False,0
1789595735,896175,UAE329  ,United Arab Emirates,1789595728,1789595734,73.1088,23.0744,10363.2,False,254.46,267.1,0,,10988.04,,False,0
1789595735,80183b,IGO72P  ,India,1789595734,1789595734,75.4568,27.2522,9738.36,False,236.65,28.57,-10.4,,10332.72,,False,0
1789595735,80183a,IGO721  ,India,1789595708,1789595712,74.5984,15.8941,11574.78,False,233.08,339.73,0,,12275.82,,False,0
1789595735,801819,IGO626E ,India,1789595441,1789595448,77.7811,14.7333,9182.1,False,227.04,2.21,5.85,,9738.36,2704,False,0
1789595735,8a0536,GIA089  ,Indonesia,1789595734,1789595734,86.0362,16.5242,10668,False,251.93,132.68,0,,11315.7,,False,0
1789595735,8018e1,IGO426L ,India,1789595734,1789595735,76.842,26.2959,10668,False,236.89,177.39,0.33,,11300.46,,False,0
1789595735,8018dd,IGO012  ,India,1789595453,1789595460,72.4765,24.5059,11887.2,False,233.37,50.1,0,,12618.72,,False,0
1789595735,a27c9e,,United States,1789595670,1789595670,82.8045,33.2037,,True,4.63,345.94,,,,,False,0
1789595735,896408,ETD498  ,United Arab Emirates,1789595735,1789595735,79.7728,12.8952,10668,False,255.24,110.41,-0.33,,11308.08,1740,False,0
1789595735,896357,ETD973  ,United Arab Emirates,1789595734,1789595734,85.4536,22.9891,12496.8,False,247.62,74.58,0,,13228.32,1764,False,0
1789595735,896327,ETD476  ,United Arab Emirates,1789595733,1789595733,77.7584,10.3682,10058.4,False,251.2,110.62,0,,10645.14,,False,0
1789595735,4bb0eb,THY45M  ,Turkey,1789595727,1789595727,95.8838,11.5819,11887.2,False,248.62,137.1,0,,12603.48,5116,False,0
1789595735,4bb0fa,THY208  ,Turkey,1789595735,1789595735,95.9099,17.7553,12496.8,False,240.76,126.75,0,,13213.08,5117,False,0
1789595735,896303,UAE3KV  ,United Arab Emirates,1789595734,1789595734,68.1251,21.3997,10363.2,False,259.19,293.51,0,,11026.14,,False,0
1789595735,896306,UAE371  ,United Arab Emirates,1789595734,1789595734,92.046,15.572,10972.8,False,253.66,284.21,0,,11673.84,,False,0
1789595735,896312,UAE377  ,United Arab Emirates,1789595734,1789595734,85.277,17.2655,10363.2,False,259.14,286.49,0,,10988.04,,False,0
1789595735,80073f,AIC302  ,India,1789595734,1789595734,82.225,25.1132,10668,False,260.11,134.44,-0.33,,11308.08,,False,0
1789595735,780a57,CPA612  ,China,1789595734,1789595734,95.5485,13.144,12496.8,False,233.45,71.76,-0.33,,,,False,0
1789595735,780a58,CPA624  ,China,1789595734,1789595734,88.2523,21.091,11277.6,False,245.56,70.16,0,,11986.26,0640,False,0
1789595735,8963ec,UAE7Q   ,United Arab Emirates,1789595652,1789595675,78.9397,14.9441,11582.4,False,262.74,296.77,0,,12260.58,2133,False,0
1789595735,8963e7,UAE374  ,United Arab Emirates,1789595647,1789595647,72.7164,23.9427,11887.2,False,259.5,94.32,0,,12626.34,,False,0
1789595735,896536,ETD473  ,United Arab Emirates,1789595616,1789595616,74.974,10.248,11574.78,False,264.88,300.2,0,,12260.58,,False,0
1789595735,896535,ETD870  ,United Arab Emirates,1789595734,1789595734,88.0636,22.7687,12496.8,False,249.72,101.89,-0.33,,13235.94,1714,False,0
1789595735,896539,ETD474  ,United Arab Emirates,1789595733,1789595734,77.4054,9.3551,11269.98,False,244.52,122.02,0,,11925.3,,False,0
1789595735,89647c,UAE75T  ,United Arab Emirates,1789595721,1789595721,75.2244,9.9949,12192,False,264.26,301.71,0,,12870.18,,False,0
1789595735,896496,ABY518  ,United Arab Emirates,1789595723,1789595733,78.4655,26.3552,11277.6,False,249.91,79.08,0,,11963.4,,False,0
1789595735,896473,UAE319  ,United Arab Emirates,1789595735,1789595735,71.6051,22.967,12192,False,253.87,267.44,0,,12931.14,,False,0
1789595735,896488,ETD401  ,United Arab Emirates,1789595731,1789595731,88.5913,18.0358,10965.18,False,261.6,288.93,0,,11650.98,0711,False,0
1789595735,896451,UAE325  ,United Arab Emirates,1789595733,1789595733,73.0769,23.0584,10972.8,False,255.98,267.24,0,,11666.22,,False,0
1789595735,40688f,BAW35   ,United Kingdom,1789595734,1789595734,80.3288,13.3837,2301.24,False,154.98,169.29,-7.48,,2316.48,5715,False,0
1789595735,89642e,ABY422  ,United Arab Emirates,1789595732,1789595734,76.374,10.1502,106.68,False,76.71,87.69,-3.9,,0,,False,0
1789595735,89642d,ABY410  ,United Arab Emirates,1789595663,1789595663,76.5032,11.0843,4655.82,False,207.17,95.27,-10.4,,5288.28,,False,0
1789595735,8963a2,UAE9785 ,United Arab Emirates,1789595734,1789595735,91.1723,22.3351,9753.6,False,250.65,277.55,0,,10355.58,5345,False,0
1789595735,8964fa,ETD410  ,United Arab Emirates,1789595734,1789595734,91.7345,14.5076,12496.8,False,248.09,135,0,,,,False,0
1789595735,8964bf,ETD898  ,United Arab Emirates,1789595734,1789595734,87.2325,22.8686,11879.58,False,253.47,99.46,0.33,,12603.48,3423,False,0
1789595735,780c01,CES2052 ,China,1789595734,1789595734,90.4531,22.5048,11277.6,False,246.7,92.75,0,,12001.5,4000,False,0
1789595735,896660,FDB570  ,United Arab Emirates,1789595735,1789595735,74.0862,15.1935,10972.8,False,243.13,326.04,0,,11635.74,,False,0
1789595735,89664c,ETD218  ,United Arab Emirates,1789595734,1789595734,77.2347,28.5143,891.54,False,83.22,283.95,-1.95,,830.58,,False,0
1789595735,780ab6,CPA694  ,China,1789595734,1789595734,92.9025,23.4844,11887.2,False,256.69,93.56,0,,12603.48,0513,False,0
1789595735,885963,TVJ761  ,Thailand,1789595726,1789595726,88.7579,17.9862,9441.18,False,246.14,108.78,0.33,,10035.54,0315,False,0
1789595735,8964b0,UAE399  ,United Arab Emirates,1789595729,1789595730,83.1015,12.8867,11582.4,False,265.04,296.27,-0.33,,12260.58,,False,0
1789595735,8964c3,ETD432  ,United Arab Emirates,1789595731,1789595731,83.9709,22.9801,11277.6,False,266.41,93.32,0,,11978.64,3407,False,0
1789595735,8964a8,UAE313  ,United Arab Emirates,1789595734,1789595734,84.9956,21.9388,10363.2,False,250.86,262.1,0,,11003.28,6354,False,0
1789595735,76cc75,SIA402  ,Singapore,1789595732,1789595732,85.8453,18.1838,10972.8,False,261.62,313.65,-0.33,,11658.6,,False,0
1789595735,507cb2,MFX7527 ,Uzbekistan,1789595735,1789595735,74.2785,31.5369,10675.62,False,256.01,127.65,0,,,,False,0
1789595735,484cba,KLM836  ,Kingdom of the Netherlands,1789595734,1789595734,75.2544,27.0396,9144,False,248.47,289.6,0,,9669.78,,False,0
1789595735,8965f8,ABY552  ,United Arab Emirates,1789595734,1789595734,74.2624,31.4708,6362.7,False,183.02,11.18,-9.1,,6705.6,,False,0
1789595735,76cd43,SIA306  ,Singapore,1789595733,1789595734,76.6962,25.0177,10972.8,False,248.91,306.09,0,,11628.12,,False,0
1789595735,8a08b1,UBA8502 ,Indonesia,1789595512,1789595720,96.2719,17.1403,571.5,False,111.62,197.43,-6.18,,,,False,0
1789595735,89669a,ETD6RM  ,United Arab Emirates,1789595734,1789595734,77.9463,13.1325,2026.92,False,106.14,67.79,-2.28,,2042.16,,False,0
1789595735,89668b,ABY471  ,United Arab Emirates,1789595613,1789595613,80.1915,12.9986,114.3,False,72.32,248.73,-3.58,,15.24,3433,False,0
1789595735,781fd6,CSS159  ,China,1789595734,1789595734,78.0638,28.4891,3573.78,False,165.2,295.85,-6.18,,3688.08,6002,False,0
1789595735,152036,AFL292  ,Russian Federation,1789595734,1789595734,82.1766,26.4504,11277.6,False,242.7,123.59,0,,11955.78,,False,0
1789595735,89408b,GFA152  ,Bahrain,1789595734,1789595734,68.8379,24.1162,11887.2,False,255.19,90.81,-0.33,,12611.1,,False,0
1789595735,899087,EVA095  ,Taiwan,1789595735,1789595735,77.9291,29.6375,10972.8,False,228.43,309.43,-0.33,,11590.02,0432,False,0
1789595735,89907e,EVA065  ,Taiwan,1789595734,1789595734,78.4097,28.146,10355.58,False,245.61,291.89,-0.33,,10949.94,0427,False,0
1789595735,899097,EVA062  ,Taiwan,1789595733,1789595733,89.5693,20.6171,11879.58,False,262.91,126.09,0.33,,12618.72,7112,False,0
1789595735,040143,ETH609  ,Ethiopia,1789595734,1789595734,80.1285,12.99,9745.98,False,260.4,275.33,0,,10325.1,0740,False,0
1789595735,706214,JZR406  ,Kuwait,1789595734,1789595734,75.2823,12.0756,9144,False,246.53,319.06,0.33,,9669.78,,False,0
1789595735,040156,ETH3290 ,Ethiopia,1789595734,1789595734,71.1038,22.9497,12496.8,False,241.32,86.09,0,,13235.94,,False,0
1789595735,040126,ETH687  ,Ethiopia,1789595734,1789595734,74.5938,28.5213,8808.72,False,186.97,272.84,3.9,,9288.78,,False,0
1789595735,8881ff,VJC1806 ,Viet Nam,1789595734,1789595734,94.2373,16.1007,10058.4,False,241.52,111.1,0,,,0374,False,0
1789595735,899017,CAL5663 ,Taiwan,1789595734,1789595734,93.9408,19.443,10363.2,False,255.05,298.43,0,,11026.14,2630,False,0
1789595735,899013,CAL063  ,Taiwan,1789595733,1789595734,77.3623,30.1198,11582.4,False,236.28,333.49,0,,12214.86,2663,False,0
1789595735,06a376,QTR842  ,Qatar,1789595729,1789595729,81.3251,13.4947,11887.2,False,237.53,110.67,0,,12573,2127,False,0
1789595735,06a2e9,QTR982  ,Qatar,1789595735,1789595735,89.7928,22.4989,11887.2,False,253.45,97,-0.33,,12618.72,0365,False,0
1789595735,06a2f9,QTR838  ,Qatar,1789595734,1789595734,95.3449,16.4356,11887.2,False,249.91,115.35,-0.33,,12626.34,2144,False,0
1789595735,4ba9c8,THY62Y  ,Turkey,1789595734,1789595735,82.2178,27.0232,11887.2,False,253.86,112.77,0,,12580.62,,False,0
1789595735,06a2c7,QTR8M   ,Qatar,1789595735,1789595735,78.8781,7.1938,10363.2,False,258.35,305.27,0,,10957.56,,False,0
1789595735,8990e6,EVA071  ,Taiwan,1789595734,1789595734,79.8654,27.7355,9753.6,False,245.33,317.04,0,,10309.86,6247,False,0
1789595735,06a062,QTR807  ,Qatar,1789595734,1789595734,70.4043,22.8355,10363.2,False,251.62,273.87,0,,11026.14,,False,0
1789595735,a7a9a0,N593MA  ,United States,1789595559,1789595561,82.806,33.1948,,True,0.06,171.56,,,,,False,0
1789595735,06a072,QTR898  ,Qatar,1789595731,1789595732,78.7159,15.0813,9448.8,False,259.75,116.46,0,,10005.06,2131,False,0
1789595735,39cf0f,AFR198  ,France,1789595735,1789595735,80.6051,25.7082,11887.2,False,258.8,129.35,0,,12580.62,,False,0
1789595735,7c8064,QFA5    ,Australia,1789595734,1789595734,79.5444,14.829,11574.78,False,257.65,346.02,0,,12260.58,1456,False,0
1789595735,407ea1,DHK037  ,United Kingdom,1789595734,1789595734,95.3987,14.7883,9753.6,False,244.3,283.89,0,,10363.2,,False,0
1789595735,80139b,AIC7FM  ,India,1789595735,1789595735,81.4185,26.1893,11277.6,False,241.49,114.54,0.33,,11940.54,,False,0
1789595735,406c39,VIR303  ,United Kingdom,1789595735,1789595735,72.0101,31.2451,10363.2,False,235.43,263.85,-0.33,,10927.08,,False,0
1789595735,801403,AXB135  ,India,1789595539,1789595539,77.0979,28.5623,,True,7.46,104.06,,,,,False,0
1789595735,801406,AIC112  ,India,1789595734,1789595734,74.5714,26.6555,11879.58,False,254.51,40,-0.33,,12603.48,,False,0
1789595735,801454,IGO6129 ,India,1789595734,1789595734,74.8504,15.1849,11887.2,False,232.54,159,0.33,,12603.48,,False,0
1789595735,abcca0,,United States,1789595726,1789595726,82.8045,33.2,,True,1.54,281.25,,,,,False,0
1789595735,801435,AXB920  ,India,1789595734,1789595734,77.6496,13.1676,3779.52,False,153.97,100.78,-3.9,,3901.44,,False,0
1789595735,06a10b,QTR830  ,Qatar,1789595733,1789595734,81.6926,18.1704,12496.8,False,247.45,108.92,0,,13205.46,,False,0
1789595735,801530,FQA321  ,India,1789595734,1789595734,76.463,27.7476,8359.14,False,220.59,204.23,3.58,,8808.72,,False,0
1789595735,06a12a,QTR859  ,Qatar,1789595734,1789595734,86.6935,23.1458,10972.8,False,253.83,272.32,0,,11643.36,6302,False,0
1789595735,06a145,QTR837  ,Qatar,1789595734,1789595735,83.6,17.6959,12192,False,254.9,286.53,0,,12923.52,,False,0
1789595735,801548,AKJ506  ,India,1789595734,1789595734,75.7626,12.132,11277.6,False,224.41,143.58,0,,11948.16,,False,0
1789595735,80159f,AIC308  ,India,1789595734,1789595734,77.4214,27.9215,5181.6,False,217.08,109.81,8.13,,5394.96,,False,0
1789595735,80156e,BDA354  ,India,1789595734,1789595735,76.2398,28.2682,4572,False,168.05,20.99,0.33,,4747.26,,False,0
1789595735,06a103,QTR955  ,Qatar,1789595734,1789595734,77.9142,8.5352,11582.4,False,262.48,300.64,0,,12237.72,,False,0
1789595735,885102,THA937  ,Thailand,1789595734,1789595734,84.8393,24.4992,12496.8,False,253.38,117.97,0,,13213.08,0142,False,0
1789595735,88511a,THA924  ,Thailand,1789595734,1789595734,73.6733,27.7408,12192,False,237.6,300.73,-0.33,,12885.42,,False,0
1789595735,88510a,THA941  ,Thailand,1789595734,1789595734,96.5867,15.9886,12504.42,False,246.27,118.17,0,,13220.7,0410,False,0
1789595735,88510b,THA925  ,Thailand,1789595734,1789595734,93.9258,19.6658,12496.8,False,242.4,91.58,0.65,,13228.32,1735,False,0
1789595735,885116,THA955  ,Thailand,1789595734,1789595734,76.0522,30.9656,11887.2,False,276.49,130.77,0.33,,12512.04,,False,0
1789595735,885115,THA326  ,Thailand,1789595734,1789595734,93.1142,12.2825,11887.2,False,252.07,84.85,0,,,,False,0
1789595735,88516c,THA951  ,Thailand,1789595734,1789595734,95.3959,16.8615,10668,False,255.32,122.41,0,,11338.56,0715,False,0
1789595735,8013f8,IGO084  ,India,1789595456,1789595460,77.1072,28.5417,320.04,False,74.12,283.65,-3.25,,213.36,,False,0
1789595735,885156,THA350  ,Thailand,1789595734,1789595734,88.8824,22.3897,11277.6,False,259.66,125.48,0,,11971.02,7272,False,0
1789595735,885177,THA921  ,Thailand,1789595734,1789595735,88.4677,21.2574,11887.2,False,248.71,116.14,0,,12611.1,7644,False,0
1789595735,885179,THA970  ,Thailand,1789595734,1789595734,75.7732,28.5002,10363.2,False,236.73,292.22,0,,10957.56,,False,0
1789595735,885170,THA950  ,Thailand,1789595734,1789595734,74.7008,27.2379,9753.6,False,248.94,295.98,0,,10332.72,,False,0
1789595735,3c64f5,DLH759  ,Germany,1789595734,1789595734,79.8783,13.0504,1607.82,False,152.76,288.86,9.1,,1577.34,0621,False,0
1789595735,7103d7,SVA871  ,Saudi Arabia,1789595693,1789595699,87.0587,16.7587,10355.58,False,260.77,283.93,-0.33,,10995.66,,False,0
1789595735,4246b4,AHY057  ,United Kingdom,1789595734,1789595734,76.548,28.3912,3657.6,False,171.34,121.49,-0.33,,3779.52,,False,0
1789595735,a9aba2,ETD9682 ,United States,1789595734,1789595734,70.5635,22.9336,11887.2,False,248.54,86.08,0,,12633.96,,False,0
1789595735,151db6,AFL284  ,Russian Federation,1789595735,1789595735,77.9982,29.0078,10668,False,266.1,146.03,0,,11277.6,,False,0
1789595735,7105ac,SVA857  ,Saudi Arabia,1789595734,1789595734,79.9953,13.3349,10363.2,False,264.12,296.37,-0.33,,10995.66,2272,False,0
1789595735,70c13d,OMS497  ,Oman,1789595734,1789595734,83.7482,23.007,10668,False,245.9,90,0,,11323.32,4725,False,0
1789595735,77170d,EXV912  ,Sri Lanka,1789595731,1789595731,83.0209,17.1063,10972.8,False,240.57,226.82,0,,11643.36,4702,False,0
1789595735,70c10c,OMS705  ,Oman,1789595734,1789595734,75.7769,28.0627,11277.6,False,247.6,95.6,0,,11940.54,,False,0
1789595735,70c10d,OMS783  ,Oman,1789595734,1789595734,74.3707,15.6361,11269.98,False,232.22,125.17,0,,11955.78,,False,0
1789595735,770453,ALK191  ,Sri Lanka,1789595710,1789595734,77.2533,25.1154,11590.02,False,234.2,358.11,0,,12306.3,,False,0
1789595735,7609f0,FJL530  ,Pakistan,1789595418,1789595493,71.9534,29.6757,10965.18,False,220.92,228.78,0,,11590.02,,False,0
1789595735,70c0fe,OMA817  ,Oman,1789595732,1789595732,90.1332,17.5422,12489.18,False,240.29,108.86,0.33,,13228.32,4760,False,0
1789595735,77058f,ALK153  ,Sri Lanka,1789595735,1789595735,80.0293,12.6922,11277.6,False,245.06,345.41,0,,11955.78,7341,False,0
1789595735,a3969c,N330JE  ,United States,1789595732,1789595732,82.804,33.2023,,True,4.89,351.56,,,,,False,0
1789595735,88813a,HVN18   ,Viet Nam,1789595735,1789595735,95.9966,21.5019,13106.4,False,241.24,101.81,-0.33,,13837.92,7563,False,0
1789595735,706058,KAC283  ,Kuwait,1789595734,1789595734,89.0934,23.0458,9563.1,False,258.15,53.43,-19.83,,10157.46,0460,False,0
1789595735,706064,KAC364  ,Kuwait,1789595727,1789595728,78.3952,8.7546,8877.3,False,245.61,308.62,3.25,,9380.22,,False,0
1789595735,706072,KAC382  ,Kuwait,1789595734,1789595734,74.8216,28.5315,8145.78,False,204.33,271.73,5.53,,8572.5,,False,0
1789595735,7705c1,ALK402  ,Sri Lanka,1789595735,1789595735,94.8365,12.8912,11902.44,False,229.4,62.63,0,,,,False,0
1789595735,706130,JZR531  ,Kuwait,1789595732,1789595732,90.4017,23.8506,,True,1.54,56.25,,,,1433,False,0
1789595735,70612c,JZR432  ,Kuwait,1789595450,1789595450,73.3096,15.533,10355.58,False,240.76,298.32,0.33,,10988.04,,False,0
1789595735,70612d,JZR407  ,Kuwait,1789595734,1789595734,69.8642,23.8938,10683.24,False,246.38,101.69,0,,11361.42,,False,0
1789595735,8880ad,HVN670  ,Viet Nam,1789595735,1789595735,95.0337,14.8745,10050.78,False,236.69,103.7,0,,,,False,0
1789595735,a0a9c7,N1417U  ,United States,1789595734,1789595734,82.8045,33.2034,,True,4.12,14.06,,,,,False,0
1789595735,8880e0,HVN31   ,Viet Nam,1789595735,1789595735,74.036,27.6118,11582.4,False,238.59,299.16,0,,12268.2,,False,0
1789595735,888217,VJC910  ,Viet Nam,1789595734,1789595734,92.8064,22.1927,10058.4,False,247.59,94.17,0.33,,10698.48,0340,False,0
1789595735,8940dc,GFA130  ,Bahrain,1789595734,1789595734,76.2386,28.2577,3962.4,False,166.7,106.31,-0.65,,4107.18,,False,0
1789595735,7502cd,XAX605  ,Malaysia,1789595731,1789595734,85.9353,16.6133,11887.2,False,239.58,132.56,0,,12603.48,,False,0
1789595735,76cda3,SIA302  ,Singapore,1789595720,1789595721,83.7681,21.7619,11582.4,False,248.27,311.22,0,,12275.82,2230,False,0
1789595735,76cda8,SIA314  ,Singapore,1789595734,1789595734,87.1224,18.9053,10972.8,False,258.88,312.5,0,,11635.74,0174,False,0
1789595735,76cda5,SIA304  ,Singapore,1789595730,1789595730,70.6251,31.1967,12192,False,236.27,329.08,0,,12832.08,,False,0
1789595735,76cdb5,SIA309  ,Singapore,1789595687,1789595699,88.5474,17.5943,12496.8,False,247,135.42,0,,13213.08,4761,False,0
1789595735,76cdad,SIA352  ,Singapore,1789595735,1789595735,72.1698,31.0306,11582.4,False,245.05,309.04,-0.33,,12199.62,,False,0
1789595735,8966ce,ETD402  ,United Arab Emirates,1789595734,1789595734,84.2335,19.4201,11887.2,False,253.63,107.96,0.33,,12603.48,,False,0
1789595735,8966af,ABY496  ,United Arab Emirates,1789595733,1789595734,77.2391,13.7435,5303.52,False,197.52,122.45,-8.13,,5562.6,,False,0
1789595735,750447,MXD752  ,Malaysia,1789595733,1789595733,77.7248,29.1284,11887.2,False,255.91,129.29,0,,12542.52,,False,0
1789595735,75041f,MXD132  ,Malaysia,1789595734,1789595734,79.3315,25.79,10058.4,False,246.76,151.62,0,,10652.76,,False,0
1789595735,750420,MXD181  ,Malaysia,1789595734,1789595734,96.6017,11.1125,11277.6,False,235.17,140.95,0,,11978.64,7777,False,0
1789595735,4074e3,,United Kingdom,1789595663,1789595663,74.8653,13.319,9875.52,False,244.53,277.74,4.23,,10454.64,,False,0
1789595735,750423,MXD216  ,Malaysia,1789595735,1789595735,91.9632,15.5923,11887.2,False,236.44,103.98,0,,,,False,0
1789595735,48ae00,LOT71   ,Poland,1789595722,1789595725,77.1073,28.5417,320.04,False,76.74,283.57,-3.9,,213.36,,False,0
1789595735,507c4c,UZB553  ,Uzbekistan,1789595732,1789595732,79.1108,26.3236,12496.8,False,256.32,154.31,-0.33,,13205.46,,False,0
1789595735,75059c,MAS119  ,Malaysia,1789595734,1789595734,93.2112,13.0519,11277.6,False,228.83,135.82,-0.33,,,,False,0
1789595735,76bcce,,Singapore,1789595733,1789595733,87.1468,16.8999,10965.18,False,257.43,312.49,-0.33,,11628.12,,False,0
1789595735,86e3ec,JAL754  ,Japan,1789595734,1789595734,82.642,17.2467,11879.58,False,249.77,50.01,-0.33,,12595.86,,False,0
1789595735,800b62,AXB5976 ,India,1789595734,1789595734,77.443,28.2342,3352.8,False,131.11,23.35,0,,3467.1,,False,0
1789595735,4d20f9,VJT278R ,Malta,1789595617,1789595617,71.4561,18.6242,12192,False,253.6,295.21,0,,12931.14,,False,0
1789595735,800c42,AIC2284 ,India,1789595734,1789595734,69.8248,22.9234,10683.24,False,242.82,65.06,0,,11346.18,,False,0
1789595735,800c3a,LLR676  ,India,1789595734,1789595734,78.9199,27.9132,5486.4,False,128.41,306.36,0,,5753.1,,False,0
1789595735,800c4b,AIC2378 ,India,1789595734,1789595734,85.4573,20.5256,10660.38,False,238.44,130.01,0.33,,11323.32,0526,False,0
1789595735,3c68cb,BCS694  ,Germany,1789595734,1789595734,93.3708,22.5147,12496.8,False,245.48,79.37,0,,13251.18,0451,False,0
1789595735,71004a,SVA753  ,Saudi Arabia,1789595733,1789595734,72.8418,19.1459,11582.4,False,244.03,288.05,0,,12291.06,,False,0
1789595735,4cac10,KZR931  ,Ireland,1789595733,1789595733,75.6425,31.136,10058.4,False,258,133.46,0,,10607.04,,False,0
1789595735,710055,SVA827  ,Saudi Arabia,1789595734,1789595734,75.6774,8.9398,10363.2,False,260.63,287.93,0,,10965.18,,False,0
1789595735,710053,SVA810  ,Saudi Arabia,1789595734,1789595734,89.669,23.5021,5387.34,False,219.9,38.83,-6.5,,5646.42,5272,False,0
1789595735,710057,SVA803  ,Saudi Arabia,1789595734,1789595734,89.7619,23.244,6035.04,False,210.96,239.68,7.48,,6339.84,4727,False,0
1789595735,70e085,SEJ905  ,Cambodia,1789595734,1789595734,80.7608,26.5031,10675.62,False,247.8,114.01,-0.33,,11308.08,,False,0
1789595735,711486,RXI763  ,Saudi Arabia,1789595723,1789595725,71.0534,24.1021,11277.6,False,266.43,61.01,0,,11993.88,,False,0
1789595735,800bef,AIC2336 ,India,1789595664,1789595666,94.9984,18.3968,11277.6,False,229.82,125.43,0,,11993.88,0512,False,0
1789595735,0100a4,MSR511  ,Egypt,1789595734,1789595734,96.426,15.3835,11567.16,False,236.64,290.09,2.93,,12260.58,0712,False,0
1789595757,80163c,IGO1477 ,India,1789595756,1789595756,70.4236,22.834,9136.38,False,214.01,274,0,,9700.26,,False,0
1789595757,801625,AIC1ZH  ,India,1789595735,1789595735,77.7439,13.2067,998.22,False,67.91,270.43,-3.25,,952.5,,False,0
1789595757,8851ea,THA340  ,Thailand,1789595756,1789595756,94.2088,19.4012,10050.78,False,249.4,137.42,0,,,,False,0
1789595757,8851e1,THA344  ,Thailand,1789595756,1789595756,89.2689,18.8507,10066.02,False,240.62,109.09,0,,10683.24,0377,False,0
1789595757,8014af,IGO1486 ,India,1789595737,1789595741,75.8485,14.632,11887.2,False,227.9,126.74,0,,12603.48,,False,0
1789595757,885282,THA911  ,Thailand,1789595757,1789595757,95.8304,16.4761,11277.6,False,254.89,125.97,0,,11993.88,3461,False,0
1789595757,80174a,IGO245C ,India,1789595757,1789595757,77.3162,28.3017,1958.34,False,137.25,13.88,-2.93,,1973.58,,False,0
1789595757,80174d,VTIWT   ,India,1789595755,1789595755,77.0847,28.5613,,True,0,61.88,,,,,False,0
1789595757,80177d,IGO706  ,India,1789595752,1789595754,77.2489,25.3964,10363.2,False,236.16,359.13,-0.33,,10995.66,,False,0
1789595757,885307,THA330  ,Thailand,1789595756,1789595756,94.6546,14.974,10668,False,236.07,103.61,0.33,,,,False,0
1789595757,05a0af,DQA341  ,Maldives,1789595633,1789595633,82.4051,16.2811,12192,False,245.41,213.89,0,,12915.9,1537,False,0
1789595757,88530a,THA338  ,Thailand,1789595756,1789595756,96.3535,13.6678,10668,False,239.56,76.08,0.33,,,,False,0
1789595757,885313,THA314  ,Thailand,1789595755,1789595756,92.7018,18.4108,10675.62,False,243.69,128.06,0,,,0420,False,0
1789595757,80052d,AIC8HJ  ,India,1789595757,1789595757,76.8896,8.6846,1836.42,False,131.47,3.81,10.08,,1813.56,,False,0
1789595757,3c4a08,DLH761  ,Germany,1789595756,1789595756,75.2335,28.903,6842.76,False,220.99,320.19,4.23,,7193.28,,False,0
1789595757,80189d,AIC187  ,India,1789595755,1789595756,68.9009,22.9133,10355.58,False,251.87,272.81,-0.33,,11018.52,,False,0
1789595757,70209f,BBC305  ,Bangladesh,1789595757,1789595757,87.1167,25.086,10355.58,False,255.26,287.96,-0.33,,10995.66,4773,False,0
1789595757,8960ee,UAE367  ,United Arab Emirates,1789595745,1789595745,73.3818,23.017,12192,False,250.82,265.41,-0.33,,,,False,0
1789595757,8017a0,IGO2369 ,India,1789595756,1789595756,77.3037,28.5082,1493.52,False,101.6,10.8,-6.83,,1470.66,,False,0
1789595757,8016d7,IGO679P ,India,1789595755,1789595756,78.5713,14.4562,10203.18,False,237.19,306,3.25,,10820.4,0211,False,0
1789595757,89618a,UAE363  ,United Arab Emirates,1789595756,1789595756,69.3236,22.9183,12192,False,253.16,273.85,0,,12946.38,,False,0
1789595757,896175,UAE329  ,United Arab Emirates,1789595755,1789595756,73.0436,23.0713,10363.2,False,254.46,267.1,0,,10988.04,,False,0
1789595757,80183b,IGO72P  ,India,1789595756,1789595756,75.4819,27.2934,9509.76,False,237.11,28.51,-10.08,,10073.64,,False,0
1789595757,80183a,IGO721  ,India,1789595708,1789595712,74.5984,15.8941,11574.78,False,233.08,339.73,0,,12275.82,,False,0
1789595757,801819,IGO626E ,India,1789595441,1789595448,77.7811,14.7333,9182.1,False,227.04,2.21,5.85,,9738.36,2704,False,0
1789595757,8a0536,GIA089  ,Indonesia,1789595750,1789595750,86.0615,16.5017,10668,False,251.58,132.6,0,,11315.7,,False,0
1789595757,8018e1,IGO426L ,India,1789595757,1789595757,76.8443,26.248,10668,False,236.35,177.51,0,,11300.46,,False,0
1789595757,8018dd,IGO012  ,India,1789595453,1789595460,72.4765,24.5059,11887.2,False,233.37,50.1,0,,12618.72,,False,0
1789595757,a27c9e,,United States,1789595670,1789595670,82.8045,33.2037,,True,4.63,345.94,,,,,False,0
1789595757,896408,ETD498  ,United Arab Emirates,1789595756,1789595756,79.8197,12.8779,10660.38,False,255.42,110.52,0,,11300.46,1740,False,0
1789595757,896357,ETD973  ,United Arab Emirates,1789595755,1789595756,85.5035,23.0019,12496.8,False,247.12,74.55,0,,13228.32,1764,False,0
1789595757,896327,ETD476  ,United Arab Emirates,1789595757,1789595757,77.8097,10.3491,10058.4,False,250.72,110.67,0,,10645.14,,False,0
1789595757,4bb0eb,THY45M  ,Turkey,1789595756,1789595756,95.9305,11.5321,11887.2,False,249,137.18,0,,12603.48,5116,False,0
1789595757,4bb0fa,THY208  ,Turkey,1789595757,1789595757,95.9494,17.7271,12496.8,False,240.35,126.82,0,,13220.7,5117,False,0
1789595757,896303,UAE3KV  ,United Arab Emirates,1789595756,1789595756,68.0743,21.4204,10363.2,False,259.19,293.51,0,,11026.14,,False,0
1789595757,896306,UAE371  ,United Arab Emirates,1789595756,1789595756,91.9931,15.5849,10972.8,False,253.53,284.09,0,,11673.84,,False,0
1789595757,896312,UAE377  ,United Arab Emirates,1789595757,1789595757,85.2238,17.2806,10363.2,False,260.12,286.43,0,,10988.04,,False,0
1789595757,80073f,AIC302  ,India,1789595756,1789595756,82.2648,25.0778,10660.38,False,260.47,134.36,0,,11300.46,,False,0
1789595757,780a57,CPA612  ,China,1789595756,1789595756,95.5916,13.1581,12496.8,False,232.63,71.57,0,,,,False,0
1789595757,780a58,CPA624  ,China,1789595756,1789595756,88.3012,21.1075,11277.6,False,246.04,70.2,0,,11986.26,0640,False,0
1789595757,8963ec,UAE7Q   ,United Arab Emirates,1789595652,1789595754,78.9397,14.9441,11582.4,False,262.05,296.72,0.33,,12260.58,2133,False,0
1789595757,8963e7,UAE374  ,United Arab Emirates,1789595647,1789595647,72.7164,23.9427,11887.2,False,259.5,94.32,0,,12626.34,,False,0
1789595757,896536,ETD473  ,United Arab Emirates,1789595616,1789595616,74.974,10.248,11574.78,False,264.88,300.2,0,,12260.58,,False,0
1789595757,896535,ETD870  ,United Arab Emirates,1789595756,1789595756,88.1154,22.7585,12489.18,False,248.71,101.94,0,,13235.94,1714,False,0
1789595757,896539,ETD474  ,United Arab Emirates,1789595756,1789595756,77.4488,9.3282,11269.98,False,244.24,121.92,0,,11932.92,,False,0
1789595757,89647c,UAE75T  ,United Arab Emirates,1789595721,1789595721,75.2244,9.9949,12192,False,264.26,301.71,0,,12870.18,,False,0
1789595757,896496,ABY518  ,United Arab Emirates,1789595754,1789595755,78.5409,26.3684,11277.6,False,250.01,78.97,0,,11963.4,,False,0
1789595757,896473,UAE319  ,United Arab Emirates,1789595757,1789595757,71.5508,22.9648,12192,False,254.39,267.45,0,,12931.14,,False,0
1789595757,896488,ETD401  ,United Arab Emirates,1789595757,1789595757,88.5314,18.0554,10972.8,False,261.12,288.97,-0.33,,11650.98,0711,False,0
1789595757,896451,UAE325  ,United Arab Emirates,1789595756,1789595756,73.0184,23.0559,10972.8,False,255.98,267.24,0,,11666.22,,False,0
1789595757,40688f,BAW35   ,United Kingdom,1789595756,1789595757,80.3347,13.3532,2148.84,False,153.36,169.37,-7.15,,2156.46,5715,False,0
1789595757,89642e,ABY422  ,United Arab Emirates,1789595732,1789595734,76.374,10.1502,106.68,False,76.71,87.69,-3.9,,0,,False,0
1789595757,89642d,ABY410  ,United Arab Emirates,1789595744,1789595744,76.6513,11.0704,3886.2,False,189.15,95.46,-4.55,,4815.84,,False,0
1789595757,8963a2,UAE9785 ,United Arab Emirates,1789595757,1789595757,91.1183,22.3418,9753.6,False,250.65,277.55,0,,10355.58,5345,False,0
1789595757,8964fa,ETD410  ,United Arab Emirates,1789595756,1789595756,91.7705,14.4725,12489.18,False,247.73,134.92,0,,,,False,0
1789595757,8964bf,ETD898  ,United Arab Emirates,1789595756,1789595756,87.286,22.8603,11887.2,False,253.47,99.46,0,,12611.1,3423,False,0
1789595757,780c01,CES2052 ,China,1789595756,1789595756,90.5058,22.5024,11277.6,False,246.73,92.87,0,,12001.5,4000,False,0
1789595757,896660,FDB570  ,United Arab Emirates,1789595757,1789595757,74.0583,15.2337,10972.8,False,243.13,326.04,0,,11635.74,,False,0
1789595757,89664c,ETD218  ,United Arab Emirates,1789595756,1789595756,77.2177,28.518,845.82,False,76.24,283.66,0,,777.24,,False,0
1789595757,780ab6,CPA694  ,China,1789595756,1789595756,92.9574,23.4812,11887.2,False,256.72,93.68,0,,12603.48,0513,False,0
1789595757,885963,TVJ761  ,Thailand,1789595741,1789595750,88.7903,17.9756,9448.8,False,246.31,108.89,0,,10035.54,0315,False,0
1789595757,8964b0,UAE399  ,United Arab Emirates,1789595729,1789595730,83.1015,12.8867,11582.4,False,265.04,296.27,-0.33,,12260.58,,False,0
1789595757,8964c3,ETD432  ,United Arab Emirates,1789595757,1789595757,84.0383,22.9765,11277.6,False,266.93,93.31,0,,11971.02,3407,False,0
1789595757,8964a8,UAE313  ,United Arab Emirates,1789595755,1789595755,84.9437,21.9321,10363.2,False,250.86,262.1,0,,11003.28,6354,False,0
1789595757,76cc75,SIA402  ,Singapore,1789595756,1789595756,85.8038,18.2216,10965.18,False,261.99,313.57,0,,11650.98,,False,0
1789595757,507cb2,MFX7527 ,Uzbekistan,1789595753,1789595754,74.3182,31.5107,10675.62,False,256.73,127.67,-0.65,,11247.12,,False,0
1789595757,484cba,KLM836  ,Kingdom of the Netherlands,1789595756,1789595756,75.204,27.0556,9144,False,248.29,289.49,0,,9669.78,,False,0
1789595757,8965f8,ABY552  ,United Arab Emirates,1789595755,1789595755,74.2702,31.5053,6233.16,False,179.79,11.05,-7.48,,6545.58,,False,0
1789595757,76cd43,SIA306  ,Singapore,1789595757,1789595757,76.6507,25.0498,10972.8,False,249.15,308.12,0,,11635.74,,False,0
1789595757,8a08b1,UBA8502 ,Indonesia,1789595512,1789595720,96.2719,17.1403,571.5,False,111.62,197.43,-6.18,,,,False,0
1789595757,89669a,ETD6RM  ,United Arab Emirates,1789595756,1789595756,77.9631,13.1451,1973.58,False,106.02,32.92,-1.63,,1981.2,,False,0
1789595757,89668b,ABY471  ,United Arab Emirates,1789595613,1789595613,80.1915,12.9986,114.3,False,72.32,248.73,-3.58,,15.24,3433,False,0
1789595757,781fd6,CSS159  ,China,1789595756,1789595756,78.0308,28.5032,3436.62,False,162.44,295.92,-6.18,,3535.68,6002,False,0
1789595757,152036,AFL292  ,Russian Federation,1789595756,1789595756,82.2217,26.4234,11277.6,False,242.56,123.76,-1.63,,11955.78,,False,0
1789595757,89408b,GFA152  ,Bahrain,1789595757,1789595757,68.8952,24.1155,11879.58,False,255.19,90.81,-0.33,,12603.48,,False,0
1789595757,899087,EVA095  ,Taiwan,1789595756,1789595756,77.8889,29.6664,10972.8,False,229.49,309.54,-0.33,,11590.02,0432,False,0
1789595757,89907e,EVA065  ,Taiwan,1789595756,1789595756,78.3585,28.1643,10355.58,False,245.61,291.89,0,,10957.56,0427,False,0
1789595757,899097,EVA062  ,Taiwan,1789595755,1789595756,89.6139,20.5865,11887.2,False,263.32,126.02,-0.33,,12618.72,7112,False,0
1789595757,040143,ETH609  ,Ethiopia,1789595756,1789595756,80.0761,12.9949,9753.6,False,260.45,275.44,-0.33,,10317.48,0740,False,0
1789595757,706214,JZR406  ,Kuwait,1789595745,1789595753,75.265,12.0952,9144,False,247.25,319.05,0,,9669.78,,False,0
1789595757,040156,ETH3290 ,Ethiopia,1789595756,1789595756,71.1553,22.953,12496.8,False,241.32,86.09,0,,13235.94,,False,0
1789595757,040126,ETH687  ,Ethiopia,1789595755,1789595756,74.5548,28.523,8877.3,False,188,272.82,2.93,,9364.98,,False,0
1789595757,8881ff,VJC1806 ,Viet Nam,1789595756,1789595756,94.283,16.0833,10058.4,False,241.31,111.64,0,,,0374,False,0
1789595757,899017,CAL5663 ,Taiwan,1789595756,1789595756,93.8936,19.467,10363.2,False,255.01,298.17,0,,11026.14,2630,False,0
1789595757,899013,CAL063  ,Taiwan,1789595756,1789595756,77.3364,30.1642,11582.4,False,236.98,332.88,0,,12222.48,2663,False,0
1789595757,06a376,QTR842  ,Qatar,1789595742,1789595742,81.3523,13.4846,11887.2,False,237.35,110.56,0,,12573,2127,False,0
1789595757,06a2e9,QTR982  ,Qatar,1789595757,1789595757,89.8472,22.4927,11887.2,False,254.02,97.1,-0.33,,12618.72,0365,False,0
1789595757,06a2f9,QTR838  ,Qatar,1789595756,1789595756,95.3918,16.4142,11879.58,False,249.91,115.35,0,,12618.72,2144,False,0
1789595757,4ba9c8,THY62Y  ,Turkey,1789595757,1789595757,82.2696,27.0037,11887.2,False,253.38,112.82,0,,12580.62,,False,0
1789595757,06a2c7,QTR8M   ,Qatar,1789595756,1789595756,78.8379,7.2222,10363.2,False,257.93,305.34,0,,10957.56,,False,0
1789595757,8990e6,EVA071  ,Taiwan,1789595756,1789595756,79.8286,27.7707,9753.6,False,245.33,317.04,0,,10309.86,6247,False,0
1789595757,06a062,QTR807  ,Qatar,1789595756,1789595756,70.3509,22.8387,10363.2,False,251.59,273.75,0,,11026.14,,False,0
1789595757,a7a9a0,N593MA  ,United States,1789595559,1789595561,82.806,33.1948,,True,0.06,171.56,,,,,False,0
1789595757,06a072,QTR898  ,Qatar,1789595755,1789595756,78.7671,15.0565,9448.8,False,260.44,116.51,0,,10005.06,2131,False,0
1789595757,39cf0f,AFR198  ,France,1789595756,1789595756,80.6471,25.677,11887.2,False,259.53,129.37,0,,12573,,False,0
1789595757,7c8064,QFA5    ,Australia,1789595756,1789595756,79.5317,14.8784,11582.4,False,257.78,345.91,-0.33,,12268.2,1456,False,0
1789595757,407ea1,DHK037  ,United Kingdom,1789595756,1789595756,95.3508,14.7998,9753.6,False,244.8,283.86,0,,10363.2,,False,0
1789595757,80139b,AIC7FM  ,India,1789595757,1789595757,81.4673,26.1693,11285.22,False,240.81,114.48,0,,11948.16,,False,0
1789595757,406c39,VIR303  ,United Kingdom,1789595756,1789595756,71.9567,31.24,10363.2,False,235.48,263.73,-0.33,,10919.46,,False,0
1789595757,a9c52e,,United States,1789595756,1789595756,83.3463,23.0125,12496.8,False,257.08,93.1,-0.33,,13228.32,3401,False,0
1789595757,801403,AXB135  ,India,1789595539,1789595539,77.0979,28.5623,,True,7.46,104.06,,,,,False,0
1789595757,801406,AIC112  ,India,1789595756,1789595756,74.6085,26.6952,11879.58,False,254.51,40,0,,12595.86,,False,0
1789595757,801454,IGO6129 ,India,1789595755,1789595756,74.8672,15.1424,11894.82,False,232.06,158.95,0.33,,12611.1,,False,0
1789595757,abcca0,,United States,1789595740,1789595740,82.8043,33.2003,,True,3.09,11.25,,,,,False,0
1789595757,801435,AXB920  ,India,1789595756,1789595756,77.6793,13.162,3695.7,False,144.48,100.67,-2.93,,3810,,False,0
1789595757,06a10b,QTR830  ,Qatar,1789595756,1789595756,81.7428,18.154,12496.8,False,247.93,108.89,0,,13205.46,,False,0
1789595757,801530,FQA321  ,India,1789595756,1789595756,76.4428,27.7076,8442.96,False,225.18,204.28,4.55,,8900.16,,False,0
1789595757,06a12a,QTR859  ,Qatar,1789595756,1789595756,86.6393,23.1477,10972.8,False,253.26,271.98,0,,11650.98,6302,False,0
1789595757,06a145,QTR837  ,Qatar,1789595756,1789595756,83.5493,17.7103,12192,False,253.91,286.6,0,,12915.9,,False,0
1789595757,801548,AKJ506  ,India,1789595755,1789595756,75.7885,12.0977,11277.6,False,224.3,143.39,0,,11948.16,,False,0
1789595757,80159f,AIC308  ,India,1789595756,1789595756,77.4676,27.907,5372.1,False,219.5,109.58,8.78,,5577.84,,False,0
1789595757,80156e,BDA354  ,India,1789595757,1789595757,76.2534,28.2997,4572,False,167.69,20.66,0.33,,4747.26,,False,0
1789595757,06a103,QTR955  ,Qatar,1789595756,1789595756,77.8688,8.5619,11582.4,False,263.18,300.68,0,,12237.72,,False,0
1789595757,885102,THA937  ,Thailand,1789595755,1789595755,84.8863,24.4764,12496.8,False,252.92,118.02,0,,13213.08,0142,False,0
1789595757,88511a,THA924  ,Thailand,1789595756,1789595756,73.6271,27.7652,12192,False,236.89,300.69,0,,12877.8,,False,0
1789595757,88510a,THA941  ,Thailand,1789595756,1789595756,96.6311,15.9652,12496.8,False,246.39,118.97,0,,13220.7,0410,False,0
1789595757,88510b,THA925  ,Thailand,1789595756,1789595756,93.9752,19.6571,12504.42,False,244.67,108.51,0.33,,13228.32,1735,False,0
1789595757,885116,THA955  ,Thailand,1789595756,1789595756,76.1025,30.9315,11887.2,False,275.13,126.48,0.33,,12519.66,,False,0
1789595757,885115,THA326  ,Thailand,1789595755,1789595755,93.1637,12.2869,11887.2,False,252.07,84.85,0,,,,False,0
1789595757,88516c,THA951  ,Thailand,1789595756,1789595756,95.4406,16.8341,10668,False,255.16,122.57,0,,11338.56,0715,False,0
1789595757,8013f8,IGO084  ,India,1789595456,1789595460,77.1072,28.5417,320.04,False,74.12,283.65,-3.25,,213.36,,False,0
1789595757,885156,THA350  ,Thailand,1789595756,1789595756,88.9269,22.3603,11277.6,False,259.66,125.48,-0.33,,11971.02,7272,False,0
1789595757,885177,THA921  ,Thailand,1789595756,1789595756,88.5154,21.2355,11887.2,False,249.17,116.09,0,,12611.1,7644,False,0
1789595757,885179,THA970  ,Thailand,1789595756,1789595756,75.7235,28.518,10363.2,False,237.21,292.17,0,,10965.18,,False,0
1789595757,885170,THA950  ,Thailand,1789595756,1789595756,74.6514,27.2593,9753.6,False,248.26,295.93,-0.33,,10332.72,,False,0
1789595757,3c64f5,DLH759  ,Germany,1789595756,1789595756,79.8489,13.0603,1805.94,False,153.9,288.92,8.45,,1783.08,0621,False,0
1789595757,7103d7,SVA871  ,Saudi Arabia,1789595693,1789595699,87.0587,16.7587,10355.58,False,260.77,283.93,-0.33,,10995.66,,False,0
1789595757,4246b4,AHY057  ,United Kingdom,1789595756,1789595756,76.5793,28.3727,3657.6,False,171.53,126.22,0.33,,3779.52,,False,0
1789595757,a9aba2,ETD9682 ,United States,1789595756,1789595756,70.6157,22.9369,11887.2,False,249.06,86.09,0,,12633.96,,False,0
1789595757,151db6,AFL284  ,Russian Federation,1789595757,1789595757,78.0317,28.9642,10668,False,266.24,146.19,0,,11277.6,,False,0
1789595757,7105ac,SVA857  ,Saudi Arabia,1789595756,1789595756,79.9468,13.3585,10363.2,False,264.81,296.42,-0.33,,10995.66,2272,False,0
1789595757,70c13d,OMS497  ,Oman,1789595756,1789595756,83.8012,23.007,10668,False,245.39,90,0,,11323.32,4725,False,0
1789595757,77170d,EXV912  ,Sri Lanka,1789595756,1789595756,82.9791,17.0686,10972.8,False,240.92,226.73,0,,11643.36,4702,False,0
1789595757,70c10c,OMS705  ,Oman,1789595756,1789595756,75.8319,28.0579,11285.22,False,248.16,95.71,0,,11948.16,,False,0
1789595757,70c10d,OMS783  ,Oman,1789595757,1789595757,74.4104,15.6091,11269.98,False,232.64,125.1,0.33,,11955.78,,False,0
1789595757,770453,ALK191  ,Sri Lanka,1789595755,1789595756,77.2498,25.2095,11590.02,False,233.69,358.11,0,,12306.3,,False,0
1789595757,7609f0,FJL530  ,Pakistan,1789595418,1789595493,71.9534,29.6757,10965.18,False,220.92,228.78,0,,11590.02,,False,0
1789595757,70c0fe,OMA817  ,Oman,1789595747,1789595747,90.1616,17.5329,12496.8,False,240.29,108.86,-0.33,,13228.32,4760,False,0
1789595757,77058f,ALK153  ,Sri Lanka,1789595757,1789595757,80.017,12.7386,11277.6,False,245.06,345.41,0,,11948.16,7341,False,0
1789595757,a3969c,N330JE  ,United States,1789595754,1789595754,82.8045,33.2033,,True,5.66,22.5,,,,,False,0
1789595757,88813a,HVN18   ,Viet Nam,1789595757,1789595757,96.0459,21.4922,13106.4,False,241.74,101.79,-0.33,,13837.92,7563,False,0
1789595757,706058,KAC283  ,Kuwait,1789595756,1789595756,89.1381,23.0799,9067.8,False,264.58,48.47,-19.51,,9654.54,0460,False,0
1789595757,706064,KAC364  ,Kuwait,1789595756,1789595756,78.3462,8.7936,8983.98,False,245.61,308.62,3.25,,9380.22,,False,0
1789595757,706072,KAC382  ,Kuwait,1789595756,1789595756,74.7759,28.5326,8267.7,False,204.31,271.59,4.88,,8702.04,,False,0
1789595757,7705c1,ALK402  ,Sri Lanka,1789595756,1789595756,94.877,12.9117,11902.44,False,229.4,62.63,0,,,,False,0
1789595757,706130,JZR531  ,Kuwait,1789595756,1789595756,90.4018,23.8507,,True,0.32,53.44,,,,1433,False,0
1789595757,70612c,JZR432  ,Kuwait,1789595450,1789595450,73.3096,15.533,10355.58,False,240.76,298.32,0.33,,10988.04,,False,0
1789595757,70612d,JZR407  ,Kuwait,1789595756,1789595756,69.9162,23.8839,10683.24,False,246.38,101.69,0,,11361.42,,False,0
1789595757,8880ad,HVN670  ,Viet Nam,1789595757,1789595757,95.0811,14.8633,10058.4,False,236.69,103.7,0,,,,False,0
1789595757,a0a9c7,N1417U  ,United States,1789595741,1789595741,82.8045,33.2037,,True,3.6,348.75,,,,,False,0
1789595757,8880e0,HVN31   ,Viet Nam,1789595755,1789595755,73.9919,27.6336,11582.4,False,239.04,299.1,-0.33,,12268.2,,False,0
1789595757,888217,VJC910  ,Viet Nam,1789595756,1789595756,92.8592,22.1891,10066.02,False,247.63,94.29,0,,10706.1,0340,False,0
1789595757,8940dc,GFA130  ,Bahrain,1789595756,1789595756,76.2733,28.2486,3962.4,False,160.34,106.4,0,,4107.18,,False,0
1789595757,7502cd,XAX605  ,Malaysia,1789595756,1789595756,85.9762,16.5771,11887.2,False,238.85,132.56,0.33,,12603.48,,False,0
1789595757,76cda3,SIA302  ,Singapore,1789595720,1789595752,83.7681,21.7619,11582.4,False,248.27,311.22,0,,12275.82,2230,False,0
1789595757,76cda8,SIA314  ,Singapore,1789595757,1789595757,87.082,18.9405,10972.8,False,259.61,312.51,0,,11635.74,0174,False,0
1789595757,76cda5,SIA304  ,Singapore,1789595730,1789595745,70.6251,31.1967,12192,False,236.98,329.04,-0.33,,12832.08,,False,0
1789595757,76cdb5,SIA309  ,Singapore,1789595687,1789595699,88.5474,17.5943,12496.8,False,247,135.42,0,,13213.08,4761,False,0
1789595757,76cdad,SIA352  ,Singapore,1789595756,1789595756,72.1268,31.0606,11582.4,False,245.16,309.64,-0.33,,12199.62,,False,0
1789595757,8966ce,ETD402  ,United Arab Emirates,1789595757,1789595757,84.2854,19.4053,11887.2,False,253.42,106.63,0,,12603.48,,False,0
1789595757,8966af,ABY496  ,United Arab Emirates,1789595740,1789595740,77.2501,13.7367,5242.56,False,195.66,122.44,-9.43,,5494.02,,False,0
1789595757,750447,MXD752  ,Malaysia,1789595756,1789595756,77.7709,29.0953,11887.2,False,256.23,129.38,0,,12542.52,,False,0
1789595757,75041f,MXD132  ,Malaysia,1789595749,1789595751,79.349,25.7605,10058.4,False,246.51,151.72,-0.33,,10652.76,,False,0
1789595757,750420,MXD181  ,Malaysia,1789595755,1789595755,96.6297,11.0782,11277.6,False,234.92,141.22,0.33,,11978.64,7777,False,0
1789595757,4074e3,,United Kingdom,1789595663,1789595663,74.8653,13.319,9875.52,False,244.53,277.74,4.23,,10454.64,,False,0
1789595757,750423,MXD216  ,Malaysia,1789595756,1789595756,92.0082,15.5815,11887.2,False,235.82,103.88,0,,,,False,0
1789595757,48ae00,LOT71   ,Poland,1789595722,1789595725,77.1073,28.5417,320.04,False,76.74,283.57,-3.9,,213.36,,False,0
1789595757,507c4c,UZB553  ,Uzbekistan,1789595735,1789595735,79.1138,26.318,12496.8,False,256.32,154.31,-0.33,,13205.46,,False,0
1789595757,75059c,MAS119  ,Malaysia,1789595755,1789595755,93.2426,13.0202,11277.6,False,228.83,135.82,0,,,,False,0
1789595757,76bcce,,Singapore,1789595733,1789595733,87.1468,16.8999,10965.18,False,257.43,312.49,-0.33,,11628.12,,False,0
1789595757,86e3ec,JAL754  ,Japan,1789595756,1789595756,82.6822,17.2791,11879.58,False,249.05,50.03,0.33,,12603.48,,False,0
1789595757,800b62,AXB5976 ,India,1789595756,1789595756,77.4544,28.2577,3352.8,False,131.59,23.26,0,,3467.1,,False,0
1789595757,4d20f9,VJT278R ,Malta,1789595617,1789595617,71.4561,18.6242,12192,False,253.6,295.21,0,,12931.14,,False,0
1789595757,800c42,AIC2284 ,India,1789595756,1789595756,69.8723,22.9439,10683.24,False,242.82,65.06,0,,11346.18,,False,0
1789595757,800c3a,LLR676  ,India,1789595756,1789595756,78.8966,27.9285,5486.4,False,129.13,306.41,0,,5753.1,,False,0
1789595757,800c4b,AIC2378 ,India,1789595755,1789595756,85.4947,20.496,10660.38,False,238.44,130.01,0,,11323.32,0526,False,0
1789595757,3c68cb,BCS694  ,Germany,1789595756,1789595756,93.4224,22.5236,12496.8,False,245.48,79.37,0,,13251.18,0451,False,0
1789595757,71004a,SVA753  ,Saudi Arabia,1789595756,1789595756,72.7903,19.1618,11582.4,False,244.03,288.05,0,,12291.06,,False,0
1789595757,4cac10,KZR931  ,Ireland,1789595755,1789595755,75.6861,31.1005,10058.4,False,257.63,133.54,0,,10607.04,,False,0
1789595757,710055,SVA827  ,Saudi Arabia,1789595734,1789595736,75.6774,8.9398,10363.2,False,261.12,287.9,0,,10965.18,,False,0
1789595757,710053,SVA810  ,Saudi Arabia,1789595756,1789595756,89.6984,23.5354,5158.74,False,213.88,39.24,-15.28,,5410.2,5272,False,0
1789595757,710057,SVA803  ,Saudi Arabia,1789595756,1789595756,89.7231,23.2227,6286.5,False,209.01,239.21,12.35,,6606.54,4727,False,0
1789595757,70e085,SEJ905  ,Cambodia,1789595756,1789595756,80.81,26.4834,10675.62,False,247.8,114.01,0,,11308.08,,False,0
1789595757,711486,RXI763  ,Saudi Arabia,1789595723,1789595725,71.0534,24.1021,11277.6,False,266.43,61.01,0,,11993.88,,False,0
1789595757,800bef,AIC2336 ,India,1789595664,1789595666,94.9984,18.3968,11277.6,False,229.82,125.43,0,,11993.88,0512,False,0
1789595757,0100a4,MSR511  ,Egypt,1789595756,1789595756,96.3806,15.3996,11582.4,False,238.92,290.15,-0.33,,12321.54,0712,False,0
1789595776,80163c,IGO1477 ,India,1789595775,1789595775,70.3835,22.8365,9144,False,214.49,273.85,0,,9707.88,,False,0
1789595776,801625,AIC1ZH  ,India,1789595735,1789595735,77.7439,13.2067,998.22,False,67.91,270.43,-3.25,,952.5,,False,0
1789595776,8851ea,THA340  ,Thailand,1789595775,1789595775,94.2396,19.3692,10058.4,False,249.78,137.5,0,,,,False,0
1789595776,8851e1,THA344  ,Thailand,1789595775,1789595775,89.3101,18.8371,10066.02,False,240.14,109.13,0,,10683.24,0377,False,0
1789595776,8014af,IGO1486 ,India,1789595737,1789595741,75.8485,14.632,11887.2,False,227.9,126.74,0,,12603.48,,False,0
1789595776,885282,THA911  ,Thailand,1789595776,1789595776,95.8674,16.4503,11277.6,False,254.89,125.97,0,,11993.88,3461,False,0
1789595776,80174a,IGO245C ,India,1789595776,1789595776,77.3223,28.3238,1889.76,False,131.88,13.77,-3.9,,1912.62,,False,0
1789595776,80174d,VTIWT   ,India,1789595775,1789595775,77.0847,28.5613,,True,0,61.88,,,,,False,0
1789595776,80177d,IGO706  ,India,1789595775,1789595775,77.2481,25.4458,10355.58,False,235.64,359.12,-0.33,,10988.04,,False,0
1789595776,885307,THA330  ,Thailand,1789595774,1789595775,94.6958,14.9642,10675.62,False,236.19,103.73,0,,,,False,0
1789595776,05a0af,DQA341  ,Maldives,1789595633,1789595633,82.4051,16.2811,12192,False,245.41,213.89,0,,12915.9,1537,False,0
1789595776,88530a,THA338  ,Thailand,1789595776,1789595776,96.3959,13.6782,10668,False,239.56,76.08,0,,,,False,0
1789595776,885313,THA314  ,Thailand,1789595775,1789595775,92.737,18.3848,10675.62,False,243.47,127.79,0,,,0420,False,0
1789595776,80052d,AIC8HJ  ,India,1789595775,1789595776,76.8911,8.7068,2011.68,False,134.04,3.74,9.1,,2004.06,,False,0
1789595776,3c4a08,DLH761  ,Germany,1789595774,1789595774,75.2065,28.9311,6911.34,False,223.7,319.57,3.9,,7261.86,,False,0
1789595776,80189d,AIC187  ,India,1789595775,1789595775,68.8522,22.9154,10355.58,False,251.84,272.69,0,,11018.52,,False,0
1789595776,70209f,BBC305  ,Bangladesh,1789595775,1789595775,87.0702,25.0997,10355.58,False,255.75,287.92,0,,10988.04,4773,False,0
1789595776,8960ee,UAE367  ,United Arab Emirates,1789595760,1789595760,73.3434,23.0141,12192,False,250.82,265.41,0,,12931.14,,False,0
1789595776,8017a0,IGO2369 ,India,1789595775,1789595775,77.3064,28.525,1341.12,False,98.82,358.21,-9.1,,1318.26,,False,0
1789595776,896111,UAE359  ,United Arab Emirates,1789595771,1789595771,81.2842,11.2136,10363.2,False,258.87,268.41,0,,10957.56,2417,False,0
1789595776,8016d7,IGO679P ,India,1789595773,1789595774,78.54,14.4783,10279.38,False,237.19,306,4.55,,10873.74,0211,False,0
1789595776,89618a,UAE363  ,United Arab Emirates,1789595773,1789595774,69.2808,22.921,12192,False,252.65,273.85,0,,12946.38,,False,0
1789595776,896175,UAE329  ,United Arab Emirates,1789595775,1789595775,72.9935,23.069,10363.2,False,254.46,267.1,0,,10988.04,,False,0
1789595776,80183b,IGO72P  ,India,1789595775,1789595775,75.5035,27.3289,9319.26,False,237.15,28.79,-10.4,,9883.14,,False,0
1789595776,80183a,IGO721  ,India,1789595708,1789595712,74.5984,15.8941,11574.78,False,233.08,339.73,0,,12275.82,,False,0
1789595776,8a0536,GIA089  ,Indonesia,1789595771,1789595773,86.1002,16.4674,10668,False,253.04,132.61,0,,11315.7,,False,0
1789595776,8018e1,IGO426L ,India,1789595776,1789595776,76.8462,26.2077,10668,False,237.9,177.52,0,,11300.46,,False,0
1789595776,a27c9e,,United States,1789595670,1789595670,82.8045,33.2037,,True,4.63,345.94,,,,,False,0
1789595776,896408,ETD498  ,United Arab Emirates,1789595776,1789595776,79.863,12.862,10660.38,False,255.6,110.62,-0.33,,11300.46,1740,False,0
1789595776,896357,ETD973  ,United Arab Emirates,1789595775,1789595775,85.5481,23.0132,12496.8,False,247.08,75.04,0,,13228.32,1764,False,0
1789595776,896327,ETD476  ,United Arab Emirates,1789595762,1789595762,77.8203,10.3451,10058.4,False,250.72,110.67,0,,10645.14,,False,0
1789595776,4bb0eb,THY45M  ,Turkey,1789595775,1789595775,95.9587,11.502,11887.2,False,249.37,137.26,0,,12603.48,5116,False,0
1789595776,4bb0fa,THY208  ,Turkey,1789595776,1789595776,95.9844,17.7021,12496.8,False,241.17,126.67,0,,13220.7,5117,False,0
1789595776,896303,UAE3KV  ,United Arab Emirates,1789595774,1789595775,68.0336,21.4369,10363.2,False,259.66,293.47,0,,11026.14,,False,0
1789595776,896306,UAE371  ,United Arab Emirates,1789595775,1789595775,91.9491,15.5957,10972.8,False,253.91,283.95,0,,11673.84,,False,0
1789595776,896312,UAE377  ,United Arab Emirates,1789595775,1789595775,85.1821,17.2923,10363.2,False,259.49,286.35,0,,10988.04,,False,0
1789595776,80073f,AIC302  ,India,1789595775,1789595775,82.3016,25.0449,10660.38,False,260.83,134.44,0,,11315.7,,False,0
1789595776,780a57,CPA612  ,China,1789595775,1789595776,95.6316,13.1712,12496.8,False,232.15,71.52,-0.33,,,,False,0
1789595776,780a58,CPA624  ,China,1789595775,1789595775,88.3433,21.1218,11277.6,False,246.7,70.13,-0.33,,11986.26,0640,False,0
1789595776,8963ec,UAE7Q   ,United Arab Emirates,1789595760,1789595760,78.7064,15.0584,11582.4,False,262.05,296.72,0,,12260.58,2133,False,0
1789595776,8963e7,UAE374  ,United Arab Emirates,1789595647,1789595647,72.7164,23.9427,11887.2,False,259.5,94.32,0,,12626.34,,False,0
1789595776,896536,ETD473  ,United Arab Emirates,1789595616,1789595616,74.974,10.248,11574.78,False,264.88,300.2,0,,12260.58,,False,0
1789595776,896535,ETD870  ,United Arab Emirates,1789595775,1789595775,88.1605,22.7496,12496.8,False,248.21,101.96,0.33,,13243.56,1714,False,0
1789595776,896539,ETD474  ,United Arab Emirates,1789595775,1789595775,77.4853,9.3055,11277.6,False,244.79,122.12,0,,11940.54,,False,0
1789595776,89647c,UAE75T  ,United Arab Emirates,1789595721,1789595721,75.2244,9.9949,12192,False,264.26,301.71,0,,12870.18,,False,0
1789595776,896496,ABY518  ,United Arab Emirates,1789595774,1789595775,78.59,26.3769,11277.6,False,250.01,78.97,0,,11963.4,,False,0
1789595776,896473,UAE319  ,United Arab Emirates,1789595775,1789595776,71.5045,22.9628,12192,False,254.39,267.45,0,,12931.14,,False,0
1789595776,896488,ETD401  ,United Arab Emirates,1789595776,1789595776,88.4868,18.07,10965.18,False,260.63,289.01,0.33,,11643.36,0711,False,0
1789595776,896451,UAE325  ,United Arab Emirates,1789595770,1789595775,72.9837,23.0544,10972.8,False,255.98,267.24,0,,11666.22,,False,0
1789595776,40688f,BAW35   ,United Kingdom,1789595775,1789595776,80.3395,13.3276,2019.3,False,152.58,169.9,-7.48,,2019.3,5715,False,0
1789595776,89642e,ABY422  ,United Arab Emirates,1789595732,1789595734,76.374,10.1502,106.68,False,76.71,87.69,-3.9,,0,,False,0
1789595776,89642d,ABY410  ,United Arab Emirates,1789595744,1789595744,76.6513,11.0704,3886.2,False,189.15,95.46,-4.55,,4815.84,,False,0
1789595776,8963a2,UAE9785 ,United Arab Emirates,1789595775,1789595775,91.0733,22.3473,9753.6,False,250.58,277.43,0,,10355.58,5345,False,0
1789595776,8964fa,ETD410  ,United Arab Emirates,1789595775,1789595775,91.8006,14.4431,12496.8,False,247.36,135,-0.33,,,,False,0
1789595776,8964bf,ETD898  ,United Arab Emirates,1789595776,1789595776,87.3332,22.853,11879.58,False,253.98,99.44,-0.33,,12603.48,3423,False,0
1789595776,780c01,CES2052 ,China,1789595775,1789595775,90.5509,22.5004,11277.6,False,246.73,92.87,0,,12001.5,4000,False,0
1789595776,896660,FDB570  ,United Arab Emirates,1789595775,1789595776,74.035,15.2674,10972.8,False,243.13,326.04,-0.33,,11635.74,,False,0
1789595776,89664c,ETD218  ,United Arab Emirates,1789595775,1789595775,77.203,28.5211,800.1,False,76.24,283.66,-4.23,,731.52,,False,0
1789595776,780ab6,CPA694  ,China,1789595775,1789595775,93.0042,23.4784,11887.2,False,256.69,93.56,0,,12603.48,0513,False,0
1789595776,885963,TVJ761  ,Thailand,1789595741,1789595770,88.7903,17.9756,9448.8,False,246.31,108.89,0,,10035.54,0315,False,0
1789595776,8964b0,UAE399  ,United Arab Emirates,1789595729,1789595730,83.1015,12.8867,11582.4,False,265.04,296.27,-0.33,,12260.58,,False,0
1789595776,8964c3,ETD432  ,United Arab Emirates,1789595775,1789595775,84.0871,22.9738,11277.6,False,266.96,93.42,-0.33,,11978.64,3407,False,0
1789595776,8964a8,UAE313  ,United Arab Emirates,1789595775,1789595775,84.8971,21.9261,10363.2,False,250.86,262.1,0,,11003.28,6354,False,0
1789595776,76cc75,SIA402  ,Singapore,1789595775,1789595775,85.7693,18.2529,10972.8,False,262.72,313.57,0,,11658.6,,False,0
1789595776,507cb2,MFX7527 ,Uzbekistan,1789595764,1789595773,74.342,31.4949,10668,False,257.05,127.76,0.65,,11239.5,,False,0
1789595776,484cba,KLM836  ,Kingdom of the Netherlands,1789595775,1789595775,75.159,27.0698,9144,False,247.98,289.64,0,,9669.78,,False,0
1789595776,8965f8,ABY552  ,United Arab Emirates,1789595775,1789595775,74.2758,31.5357,6096,False,176.51,6.36,-6.5,,6347.46,,False,0
1789595776,76cd43,SIA306  ,Singapore,1789595775,1789595775,76.6144,25.0753,10972.8,False,248.48,307.34,0,,11635.74,,False,0
1789595776,8a08b1,UBA8502 ,Indonesia,1789595512,1789595757,96.2719,17.1403,571.5,False,111.62,197.43,-6.18,,,,False,0
1789595776,89669a,ETD6RM  ,United Arab Emirates,1789595775,1789595775,77.9663,13.1624,1950.72,False,106.49,0.55,-1.3,,1950.72,,False,0
1789595776,89668b,ABY471  ,United Arab Emirates,1789595613,1789595613,80.1915,12.9986,114.3,False,72.32,248.73,-3.58,,15.24,3433,False,0
1789595776,781fd6,CSS159  ,China,1789595774,1789595775,78.0029,28.5149,3322.32,False,160.4,295.25,-5.85,,3413.76,6002,False,0
1789595776,894097,GFA122  ,Bahrain,1789595776,1789595776,68.0427,24.1273,11277.6,False,265.48,90.78,-0.33,,12001.5,,False,0
1789595776,152036,AFL292  ,Russian Federation,1789595775,1789595775,82.2607,26.4,11277.6,False,242.56,123.76,0.33,,11955.78,,False,0
1789595776,89408b,GFA152  ,Bahrain,1789595776,1789595776,68.9437,24.1148,11887.2,False,254.68,90.93,-0.33,,12611.1,,False,0
1789595776,899087,EVA095  ,Taiwan,1789595776,1789595776,77.853,29.6922,10972.8,False,231,309.4,-0.33,,11590.02,0432,False,0
1789595776,89907e,EVA065  ,Taiwan,1789595775,1789595775,78.315,28.1798,10363.2,False,246.28,291.96,-0.33,,10957.56,0427,False,0
1789595776,899097,EVA062  ,Taiwan,1789595775,1789595775,89.6528,20.5599,11879.58,False,262.91,126.09,0,,12611.1,7112,False,0
1789595776,040143,ETH609  ,Ethiopia,1789595776,1789595776,80.0298,12.9994,9745.98,False,260.5,275.55,0,,10317.48,0740,False,0
1789595776,706214,JZR406  ,Kuwait,1789595773,1789595773,75.2238,12.1421,9144,False,247.64,319.13,0,,9669.78,,False,0
1789595776,040156,ETH3290 ,Ethiopia,1789595774,1789595774,71.1987,22.9557,12496.8,False,241.84,86.1,0,,13235.94,,False,0
1789595776,040126,ETH687  ,Ethiopia,1789595775,1789595775,74.5159,28.5246,8961.12,False,189,272.65,4.88,,9456.42,,False,0
1789595776,8881ff,VJC1806 ,Viet Nam,1789595774,1789595775,94.3215,16.0687,10058.4,False,240.93,111.42,0,,,0374,False,0
1789595776,899017,CAL5663 ,Taiwan,1789595775,1789595775,93.8537,19.4873,10363.2,False,254.32,298.12,0,,11026.14,2630,False,0
1789595776,899013,CAL063  ,Taiwan,1789595775,1789595775,77.3152,30.2003,11582.4,False,237.44,332.94,0,,12222.48,2663,False,0
1789595776,06a376,QTR842  ,Qatar,1789595765,1789595765,81.3981,13.4677,11887.2,False,237.35,110.56,0,,12573,2127,False,0
1789595776,06a2e9,QTR982  ,Qatar,1789595775,1789595775,89.8926,22.4875,11879.58,False,253.51,97.11,0,,12611.1,0365,False,0
1789595776,06a2f9,QTR838  ,Qatar,1789595775,1789595775,95.4321,16.3957,11887.2,False,249.91,115.35,0.33,,12618.72,2144,False,0
1789595776,4ba9c8,THY62Y  ,Turkey,1789595776,1789595776,82.3153,26.9865,11887.2,False,253.38,112.82,0,,12580.62,,False,0
1789595776,06a2c7,QTR8M   ,Qatar,1789595775,1789595775,78.8004,7.2488,10363.2,False,257.21,305.31,0,,10957.56,,False,0
1789595776,8990e6,EVA071  ,Taiwan,1789595775,1789595775,79.7956,27.8023,9753.6,False,245.33,317.04,0,,10309.86,6247,False,0
1789595776,06a062,QTR807  ,Qatar,1789595775,1789595775,70.305,22.8415,10363.2,False,251.59,273.75,0,,11026.14,,False,0
1789595776,a7a9a0,N593MA  ,United States,1789595559,1789595561,82.806,33.1948,,True,0.06,171.56,,,,,False,0
1789595776,06a072,QTR898  ,Qatar,1789595774,1789595774,78.8094,15.036,9448.8,False,260.44,116.51,0,,10005.06,2131,False,0
1789595776,39cf0f,AFR198  ,France,1789595775,1789595775,80.6855,25.6484,11887.2,False,258.8,129.35,0,,12573,,False,0
1789595776,7c8064,QFA5    ,Australia,1789595775,1789595775,79.5206,14.9219,11574.78,False,257.65,346.02,0,,12260.58,1456,False,0
1789595776,407ea1,DHK037  ,United Kingdom,1789595775,1789595775,95.3087,14.8099,9753.6,False,244.8,283.86,0,,10363.2,,False,0
1789595776,80139b,AIC7FM  ,India,1789595775,1789595776,81.5079,26.1526,11285.22,False,240.34,114.54,0,,11948.16,,False,0
1789595776,406c39,VIR303  ,United Kingdom,1789595775,1789595775,71.9116,31.2358,10355.58,False,234.4,263.83,-0.33,,10911.84,,False,0
1789595776,a9c52e,,United States,1789595774,1789595775,83.3927,23.0102,12496.8,False,256.57,93.1,0,,13228.32,3401,False,0
1789595776,801403,AXB135  ,India,1789595539,1789595539,77.0979,28.5623,,True,7.46,104.06,,,,,False,0
1789595776,801406,AIC112  ,India,1789595775,1789595775,74.6393,26.7283,11887.2,False,254.91,39.92,-0.33,,12603.48,,False,0
1789595776,801454,IGO6129 ,India,1789595773,1789595774,74.8806,15.1084,11894.82,False,232.54,159,0.33,,12611.1,,False,0
1789595776,abcca0,,United States,1789595740,1789595740,82.8043,33.2003,,True,3.09,11.25,,,,,False,0
1789595776,801435,AXB920  ,India,1789595775,1789595775,77.7039,13.1574,3627.12,False,138.83,100.89,-3.25,,3749.04,,False,0
1789595776,06a10b,QTR830  ,Qatar,1789595775,1789595775,81.7846,18.1403,12496.8,False,247.45,108.92,0,,13205.46,,False,0
1789595776,801530,FQA321  ,India,1789595775,1789595775,76.4245,27.6716,8519.16,False,228.63,204.32,4.55,,8983.98,,False,0
1789595776,06a12a,QTR859  ,Qatar,1789595775,1789595775,86.5913,23.1492,10972.8,False,252.71,271.75,0,,11643.36,6302,False,0
1789595776,06a145,QTR837  ,Qatar,1789595776,1789595776,83.5046,17.7231,12192,False,253.77,286.49,0,,12923.52,,False,0
1789595776,801548,AKJ506  ,India,1789595770,1789595770,75.8067,12.0735,11277.6,False,224.71,143.47,0,,11948.16,,False,0
1789595776,80159f,AIC308  ,India,1789595775,1789595775,77.5077,27.8943,5532.12,False,221.3,109.7,6.83,,5753.1,,False,0
1789595776,80156e,BDA354  ,India,1789595775,1789595775,76.2648,28.3263,4572,False,167.21,20.72,0,,4747.26,,False,0
1789595776,06a103,QTR955  ,Qatar,1789595775,1789595775,77.8302,8.5847,11582.4,False,263.63,300.62,0,,12237.72,,False,0
1789595776,885102,THA937  ,Thailand,1789595775,1789595775,84.9294,24.4553,12496.8,False,253.62,118.07,0,,13213.08,0142,False,0
1789595776,88511a,THA924  ,Thailand,1789595770,1789595772,73.599,27.78,12192,False,237.15,300.79,0,,12877.8,,False,0
1789595776,88510a,THA941  ,Thailand,1789595775,1789595775,96.6689,15.9448,12496.8,False,246.64,119.08,-0.33,,13220.7,0410,False,0
1789595776,88510b,THA925  ,Thailand,1789595775,1789595775,94.0151,19.6383,12496.8,False,246.7,123.69,0,,13228.32,1735,False,0
1789595776,885116,THA955  ,Thailand,1789595775,1789595775,76.146,30.904,11887.2,False,273.8,126.29,0.33,,12519.66,,False,0
1789595776,885115,THA326  ,Thailand,1789595775,1789595775,93.2077,12.2909,11887.2,False,252.07,84.85,0,,,,False,0
1789595776,88516c,THA951  ,Thailand,1789595775,1789595775,95.479,16.8104,10668,False,254.3,122.69,0,,11338.56,0715,False,0
1789595776,885156,THA350  ,Thailand,1789595775,1789595775,88.9658,22.3344,11277.6,False,259.66,125.48,0,,11971.02,7272,False,0
1789595776,885177,THA921  ,Thailand,1789595775,1789595775,88.5558,21.217,11887.2,False,248.94,115.98,0,,12611.1,7644,False,0
1789595776,885179,THA970  ,Thailand,1789595775,1789595775,75.6809,28.5334,10363.2,False,237.4,292.29,0,,10957.56,,False,0
1789595776,885170,THA950  ,Thailand,1789595775,1789595775,74.6086,27.2779,9753.6,False,248.26,295.93,0,,10332.72,,False,0
1789595776,3c64f5,DLH759  ,Germany,1789595775,1789595775,79.8229,13.069,1973.58,False,156.02,288.85,9.75,,1965.96,0621,False,0
1789595776,7103d7,SVA871  ,Saudi Arabia,1789595774,1789595774,86.8664,16.8047,10363.2,False,261.77,283.87,-0.33,,11003.28,,False,0
1789595776,4246b4,AHY057  ,United Kingdom,1789595775,1789595775,76.6061,28.3544,3657.6,False,171.86,130.51,0,,3779.52,,False,0
1789595776,a9aba2,ETD9682 ,United States,1789595775,1789595775,70.6627,22.9398,11887.2,False,249.57,86.1,0,,12633.96,,False,0
1789595776,151db6,AFL284  ,Russian Federation,1789595776,1789595776,78.0606,28.9257,10668,False,266.11,146.83,0,,11277.6,,False,0
1789595776,7105ac,SVA857  ,Saudi Arabia,1789595774,1789595775,79.907,13.3778,10355.58,False,264.81,296.42,-0.33,,10988.04,2272,False,0
1789595776,70c13d,OMS497  ,Oman,1789595775,1789595775,83.8471,23.007,10668,False,245.39,90,0,,11323.32,4725,False,0
1789595776,77170d,EXV912  ,Sri Lanka,1789595774,1789595775,82.9496,17.0419,10972.8,False,240.92,226.73,0,,11643.36,4702,False,0
1789595776,70c10c,OMS705  ,Oman,1789595775,1789595775,75.879,28.0537,11285.22,False,248.68,95.7,0.33,,11948.16,,False,0
1789595776,70c10d,OMS783  ,Oman,1789595775,1789595775,74.4435,15.5866,11277.6,False,233.06,125.02,0.33,,11963.4,,False,0
1789595776,770453,ALK191  ,Sri Lanka,1789595774,1789595775,77.2483,25.2513,11590.02,False,233.17,358.1,0,,12306.3,,False,0
1789595776,7609f0,FJL530  ,Pakistan,1789595418,1789595493,71.9534,29.6757,10965.18,False,220.92,228.78,0,,11590.02,,False,0
1789595776,70c0fe,OMA817  ,Oman,1789595747,1789595747,90.1616,17.5329,12496.8,False,240.29,108.86,-0.33,,13228.32,4760,False,0
1789595776,77058f,ALK153  ,Sri Lanka,1789595775,1789595776,80.0063,12.7791,11277.6,False,244.43,345.5,0,,11955.78,7341,False,0
1789595776,a3969c,N330JE  ,United States,1789595765,1789595772,82.8044,33.2038,,True,4.12,348.75,,,,,False,0
1789595776,88813a,HVN18   ,Viet Nam,1789595776,1789595776,96.0886,21.4839,13106.4,False,241.85,101.91,0,,13837.92,7563,False,0
1789595776,706058,KAC283  ,Kuwait,1789595775,1789595775,89.1732,23.1115,8846.82,False,263.74,44.45,-8.13,,9387.84,0460,False,0
1789595776,706064,KAC364  ,Kuwait,1789595775,1789595775,78.3128,8.82,9052.56,False,246.01,308.55,3.25,,9563.1,,False,0
1789595776,706072,KAC382  ,Kuwait,1789595775,1789595775,74.7361,28.5335,8366.76,False,204.81,271.44,4.88,,8808.72,,False,0
1789595776,7705c1,ALK402  ,Sri Lanka,1789595775,1789595776,94.9126,12.9298,11902.44,False,228.94,62.57,0,,,,False,0
1789595776,706130,JZR531  ,Kuwait,1789595758,1789595758,90.4019,23.8507,,True,0.39,53.44,,,,1433,False,0
1789595776,70612d,JZR407  ,Kuwait,1789595775,1789595775,69.96,23.8756,10683.24,False,246.49,101.8,-0.33,,11361.42,,False,0
1789595776,8880ad,HVN670  ,Viet Nam,1789595776,1789595776,95.1216,14.8537,10058.4,False,236.69,103.7,0,,,,False,0
1789595776,a0a9c7,N1417U  ,United States,1789595741,1789595741,82.8045,33.2037,,True,3.6,348.75,,,,,False,0
1789595776,8880e0,HVN31   ,Viet Nam,1789595775,1789595775,73.9503,27.6543,11574.78,False,239.04,299.1,0,,12260.58,,False,0
1789595776,888217,VJC910  ,Viet Nam,1789595775,1789595775,92.9038,22.1861,10066.02,False,248.1,94.16,0,,10706.1,0340,False,0
1789595776,8940dc,GFA130  ,Bahrain,1789595775,1789595775,76.3026,28.241,3962.4,False,159.36,106.5,0,,4107.18,,False,0
1789595776,7502cd,XAX605  ,Malaysia,1789595774,1789595775,86.0062,16.5504,11887.2,False,238.85,132.56,-0.33,,12603.48,,False,0
1789595776,76cda3,SIA302  ,Singapore,1789595775,1789595775,83.6677,21.844,11582.4,False,248.27,311.22,0,,12275.82,2230,False,0
1789595776,76cda8,SIA314  ,Singapore,1789595774,1789595774,87.0498,18.9686,10972.8,False,259.61,312.51,0,,11635.74,0174,False,0
1789595776,76cda5,SIA304  ,Singapore,1789595730,1789595745,70.6251,31.1967,12192,False,236.98,329.04,-0.33,,12832.08,,False,0
1789595776,76cdb5,SIA309  ,Singapore,1789595687,1789595774,88.5474,17.5943,12496.8,False,245.92,135.51,0,,13213.08,4761,False,0
1789595776,76cdad,SIA352  ,Singapore,1789595775,1789595775,72.09,31.0878,11590.02,False,245.36,311.17,-0.33,,12199.62,,False,0
1789595776,8966ce,ETD402  ,United Arab Emirates,1789595776,1789595776,84.3289,19.3929,11887.2,False,253.37,107,0,,12603.48,,False,0
1789595776,8966af,ABY496  ,United Arab Emirates,1789595740,1789595740,77.2501,13.7367,5242.56,False,195.66,122.44,-9.43,,5494.02,,False,0
1789595776,750447,MXD752  ,Malaysia,1789595775,1789595775,77.8098,29.0673,11887.2,False,256.63,129.31,-0.33,,12550.14,,False,0
1789595776,75041f,MXD132  ,Malaysia,1789595749,1789595751,79.349,25.7605,10058.4,False,246.51,151.72,-0.33,,10652.76,,False,0
1789595776,750420,MXD181  ,Malaysia,1789595775,1789595775,96.6558,11.0462,11277.6,False,234.52,141.14,0,,11978.64,7777,False,0
1789595776,4074e3,,United Kingdom,1789595663,1789595663,74.8653,13.319,9875.52,False,244.53,277.74,4.23,,10454.64,,False,0
1789595776,750423,MXD216  ,Malaysia,1789595775,1789595776,92.0501,15.5713,11887.2,False,236.07,104.13,0,,,,False,0
1789595776,48ae00,LOT71   ,Poland,1789595722,1789595725,77.1073,28.5417,320.04,False,76.74,283.57,-3.9,,213.36,,False,0
1789595776,507c4c,UZB553  ,Uzbekistan,1789595735,1789595735,79.1138,26.318,12496.8,False,256.32,154.31,-0.33,,13205.46,,False,0
1789595776,75059c,MAS119  ,Malaysia,1789595774,1789595775,93.2711,12.9915,11277.6,False,229.2,135.91,-0.33,,,,False,0
1789595776,76bcce,,Singapore,1789595733,1789595733,87.1468,16.8999,10965.18,False,257.43,312.49,-0.33,,11628.12,,False,0
1789595776,86e3ec,JAL754  ,Japan,1789595775,1789595775,82.715,17.3055,11887.2,False,249.44,50.1,-0.33,,12611.1,,False,0
1789595776,800b62,AXB5976 ,India,1789595775,1789595775,77.4644,28.2783,3352.8,False,132.74,23.29,0,,3467.1,,False,0
1789595776,4d20f9,VJT278R ,Malta,1789595617,1789595617,71.4561,18.6242,12192,False,253.6,295.21,0,,12931.14,,False,0
1789595776,800c42,AIC2284 ,India,1789595775,1789595775,69.9128,22.9613,10675.62,False,242.35,65.01,0,,11338.56,,False,0
1789595776,800c3a,LLR676  ,India,1789595775,1789595775,78.8765,27.9417,5486.4,False,129.13,306.41,0,,5753.1,,False,0
1789595776,800c4b,AIC2378 ,India,1789595775,1789595775,85.5283,20.4695,10660.38,False,238.84,129.93,0.33,,11323.32,0526,False,0
1789595776,3c68cb,BCS694  ,Germany,1789595775,1789595775,93.4659,22.5311,12496.8,False,245.9,79.51,0.33,,13251.18,0451,False,0
1789595776,71004a,SVA753  ,Saudi Arabia,1789595775,1789595775,72.7502,19.1743,11582.4,False,243.54,288.09,0,,12283.44,,False,0
1789595776,4cac10,KZR931  ,Ireland,1789595775,1789595775,75.7247,31.069,10058.4,False,258,133.46,0,,10607.04,,False,0
1789595776,710055,SVA827  ,Saudi Arabia,1789595734,1789595736,75.6774,8.9398,10363.2,False,261.12,287.9,0,,10965.18,,False,0
1789595776,710053,SVA810  ,Saudi Arabia,1789595775,1789595775,89.7233,23.5636,4892.04,False,210.66,39.05,-14.63,,5128.26,5272,False,0
1789595776,710057,SVA803  ,Saudi Arabia,1789595775,1789595775,89.6897,23.2043,6454.14,False,209.27,239.08,7.8,,6789.42,4727,False,0
1789595776,70e085,SEJ905  ,Cambodia,1789595775,1789595775,80.853,26.4661,10675.62,False,247.33,114.06,0,,11308.08,,False,0
1789595776,711486,RXI763  ,Saudi Arabia,1789595723,1789595725,71.0534,24.1021,11277.6,False,266.43,61.01,0,,11993.88,,False,0
1789595776,800bef,AIC2336 ,India,1789595664,1789595666,94.9984,18.3968,11277.6,False,229.82,125.43,0,,11993.88,0512,False,0
1789595776,0100a4,MSR511  ,Egypt,1789595776,1789595776,96.3395,15.4141,11582.4,False,242,290.01,0,,12329.16,0712,False,0
1789595795,80163c,IGO1477 ,India,1789595794,1789595794,70.3444,22.839,9144,False,215.01,273.84,0,,9707.88,,False,0
1789595795,801625,AIC1ZH  ,India,1789595735,1789595735,77.7439,13.2067,998.22,False,67.91,270.43,-3.25,,952.5,,False,0
1789595795,8851ea,THA340  ,Thailand,1789595794,1789595794,94.2699,19.3379,10058.4,False,248.71,137.6,0.33,,,,False,0
1789595795,8851e1,THA344  ,Thailand,1789595794,1789595794,89.3507,18.8238,10066.02,False,239.48,109.06,-0.33,,10683.24,0377,False,0
1789595795,8014af,IGO1486 ,India,1789595737,1789595741,75.8485,14.632,11887.2,False,227.9,126.74,0,,12603.48,,False,0
1789595795,885282,THA911  ,Thailand,1789595795,1789595795,95.9042,16.4245,11277.6,False,254.47,126.04,0,,11993.88,3461,False,0
1789595795,80174a,IGO245C ,India,1789595795,1789595795,77.3283,28.3454,1828.8,False,125.02,13.81,-2.93,,1836.42,,False,0
1789595795,80174d,VTIWT   ,India,1789595780,1789595793,77.0847,28.5613,,True,0,61.88,,,,,False,0
1789595795,80177d,IGO706  ,India,1789595792,1789595792,77.2475,25.4815,10355.58,False,235.64,359.12,0,,10988.04,,False,0
1789595795,885307,THA330  ,Thailand,1789595794,1789595794,94.7367,14.9545,10668,False,236.19,103.73,0.33,,,,False,0
1789595795,05a0af,DQA341  ,Maldives,1789595633,1789595633,82.4051,16.2811,12192,False,245.41,213.89,0,,12915.9,1537,False,0
1789595795,88530a,THA338  ,Thailand,1789595795,1789595795,96.4377,13.6883,10668,False,239.06,76.05,0,,,,False,0
1789595795,885313,THA314  ,Thailand,1789595792,1789595792,92.7682,18.3616,10675.62,False,243.47,127.79,0.33,,,0420,False,0
1789595795,801878,,India,1789595792,1789595793,80.1512,12.9835,228.6,False,91.52,248.92,8.78,,106.68,,False,0
1789595795,80052d,AIC8HJ  ,India,1789595792,1789595794,76.8925,8.7272,2179.32,False,136.13,3.9,10.4,,2171.7,,False,0
1789595795,3c4a08,DLH761  ,Germany,1789595794,1789595794,75.177,28.9613,6987.54,False,226.16,319.24,4.55,,7345.68,,False,0
1789595795,80189d,AIC187  ,India,1789595794,1789595794,68.8062,22.9175,10363.2,False,251.35,272.82,-0.33,,11026.14,,False,0
1789595795,70209f,BBC305  ,Bangladesh,1789595794,1789595794,87.0264,25.1126,10355.58,False,256.23,287.89,0.33,,10995.66,4773,False,0
1789595795,8960ee,UAE367  ,United Arab Emirates,1789595787,1789595788,73.2794,23.0094,12192,False,250.82,265.41,0,,12923.52,,False,0
1789595795,8017a0,IGO2369 ,India,1789595794,1789595794,77.298,28.5391,1181.1,False,90.96,309.72,-7.48,,1143,,False,0
1789595795,896111,UAE359  ,United Arab Emirates,1789595785,1789595792,81.2517,11.21,10363.2,False,258.87,268.41,0,,10957.56,2417,False,0
1789595795,8016d7,IGO679P ,India,1789595783,1789595792,78.5221,14.4909,10355.58,False,236.17,305.87,0,,10965.18,0211,False,0
1789595795,89618a,UAE363  ,United Arab Emirates,1789595794,1789595794,69.2303,22.9241,12192,False,252.65,273.85,0,,12946.38,,False,0
1789595795,896175,UAE329  ,United Arab Emirates,1789595791,1789595791,72.9523,23.067,10363.2,False,254.49,266.99,0,,10988.04,,False,0
1789595795,80183b,IGO72P  ,India,1789595794,1789595794,75.5261,27.3642,9144,False,235.75,32.62,-9.43,,9669.78,,False,0
1789595795,80183a,IGO721  ,India,1789595791,1789595791,74.5242,16.0541,11582.4,False,237.07,335.1,0,,12283.44,,False,0
1789595795,8a0536,GIA089  ,Indonesia,1789595771,1789595773,86.1002,16.4674,10668,False,253.04,132.61,0,,11315.7,,False,0
1789595795,8018e1,IGO426L ,India,1789595794,1789595794,76.8482,26.1672,10668,False,239.44,177.54,0,,11300.46,,False,0
1789595795,a27c9e,,United States,1789595670,1789595670,82.8045,33.2037,,True,4.63,345.94,,,,,False,0
1789595795,896408,ETD498  ,United Arab Emirates,1789595794,1789595795,79.9043,12.8467,10660.38,False,255.6,110.62,0,,11300.46,1740,False,0
1789595795,896357,ETD973  ,United Arab Emirates,1789595794,1789595794,85.5931,23.0239,12496.8,False,246.93,75.65,0,,13228.32,1764,False,0
1789595795,896327,ETD476  ,United Arab Emirates,1789595793,1789595794,77.8879,10.3199,10058.4,False,250.06,110.6,0,,10645.14,,False,0
1789595795,4bb0eb,THY45M  ,Turkey,1789595792,1789595792,95.9849,11.4741,11894.82,False,249.75,137.34,0.65,,12603.48,5116,False,0
1789595795,4bb0fa,THY208  ,Turkey,1789595795,1789595795,96.0186,17.6777,12496.8,False,241.17,126.67,0,,13220.7,5117,False,0
1789595795,896306,UAE371  ,United Arab Emirates,1789595794,1789595794,91.9083,15.6055,10972.8,False,253.41,283.98,0,,11673.84,,False,0
1789595795,896312,UAE377  ,United Arab Emirates,1789595794,1789595794,85.1373,17.305,10363.2,False,259.49,286.35,0,,10988.04,,False,0
1789595795,80073f,AIC302  ,India,1789595794,1789595794,82.3358,25.0145,10668,False,260.83,134.44,0,,11315.7,,False,0
1789595795,780a57,CPA612  ,China,1789595794,1789595794,95.6702,13.1835,12496.8,False,231.03,72.37,0,,,,False,0
1789595795,780a58,CPA624  ,China,1789595794,1789595794,88.3857,21.1361,11277.6,False,246.7,70.13,0,,11986.26,0640,False,0
1789595795,8963ec,UAE7Q   ,United Arab Emirates,1789595788,1789595788,78.6445,15.0886,11582.4,False,262.05,296.72,0,,12260.58,2133,False,0
1789595795,8963e7,UAE374  ,United Arab Emirates,1789595647,1789595647,72.7164,23.9427,11887.2,False,259.5,94.32,0,,12626.34,,False,0
1789595795,896536,ETD473  ,United Arab Emirates,1789595616,1789595616,74.974,10.248,11574.78,False,264.88,300.2,0,,12260.58,,False,0
1789595795,896535,ETD870  ,United Arab Emirates,1789595794,1789595794,88.2049,22.7409,12496.8,False,248.21,101.96,-0.33,,13243.56,1714,False,0
1789595795,896539,ETD474  ,United Arab Emirates,1789595794,1789595794,77.5208,9.2834,11269.98,False,245.23,122.06,-0.33,,11932.92,,False,0
1789595795,89647c,UAE75T  ,United Arab Emirates,1789595721,1789595721,75.2244,9.9949,12192,False,264.26,301.71,0,,12870.18,,False,0
1789595795,896496,ABY518  ,United Arab Emirates,1789595794,1789595794,78.6399,26.3856,11277.6,False,249.91,79.08,0.33,,11963.4,,False,0
1789595795,896473,UAE319  ,United Arab Emirates,1789595794,1789595794,71.4588,22.9609,12192,False,254.41,267.33,0,,12931.14,,False,0
1789595795,896488,ETD401  ,United Arab Emirates,1789595794,1789595794,88.4433,18.0843,10972.8,False,260.63,289.01,0,,11650.98,0711,False,0
1789595795,896451,UAE325  ,United Arab Emirates,1789595782,1789595785,72.9548,23.0531,10972.8,False,255.98,267.24,0,,11666.22,,False,0
1789595795,40688f,BAW35   ,United Kingdom,1789595795,1789595795,80.3442,13.3018,1950.72,False,147.34,169.95,-1.63,,1943.1,5715,False,0
1789595795,89642e,ABY422  ,United Arab Emirates,1789595732,1789595734,76.374,10.1502,106.68,False,76.71,87.69,-3.9,,0,,False,0
1789595795,89642d,ABY410  ,United Arab Emirates,1789595789,1789595791,76.7248,11.0636,3695.7,False,189.15,95.46,-4.55,,4815.84,,False,0
1789595795,8963a2,UAE9785 ,United Arab Emirates,1789595794,1789595794,91.0274,22.3528,9753.6,False,251.09,277.42,0,,10355.58,5345,False,0
1789595795,8964fa,ETD410  ,United Arab Emirates,1789595794,1789595794,91.8322,14.4123,12489.18,False,247,134.92,0,,,,False,0
1789595795,8964bf,ETD898  ,United Arab Emirates,1789595795,1789595795,87.3792,22.8458,11887.2,False,254.06,99.56,-0.33,,12603.48,3423,False,0
1789595795,780c01,CES2052 ,China,1789595794,1789595794,90.5973,22.4983,11277.6,False,246.73,92.87,0,,12001.5,4000,False,0
1789595795,896660,FDB570  ,United Arab Emirates,1789595795,1789595795,74.0107,15.3024,10972.8,False,242.7,325.97,0,,11635.74,,False,0
1789595795,89664c,ETD218  ,United Arab Emirates,1789595793,1789595793,77.1891,28.5242,731.52,False,75.74,283.75,-3.9,,655.32,,False,0
1789595795,780ab6,CPA694  ,China,1789595794,1789595794,93.0521,23.4756,11887.2,False,257.23,93.67,0.33,,12603.48,0513,False,0
1789595795,885963,TVJ761  ,Thailand,1789595741,1789595770,88.7903,17.9756,9448.8,False,246.31,108.89,0,,10035.54,0315,False,0
1789595795,8964b0,UAE399  ,United Arab Emirates,1789595729,1789595730,83.1015,12.8867,11582.4,False,265.04,296.27,-0.33,,12260.58,,False,0
1789595795,8964c3,ETD432  ,United Arab Emirates,1789595795,1789595795,84.1371,22.9709,11277.6,False,267.09,93.87,-0.33,,11978.64,3407,False,0
1789595795,8964a8,UAE313  ,United Arab Emirates,1789595793,1789595794,84.8549,21.9206,10363.2,False,250.86,262.1,0,,11003.28,6354,False,0
1789595795,76cc75,SIA402  ,Singapore,1789595794,1789595794,85.7351,18.2839,10965.18,False,262.72,313.57,-0.33,,11650.98,,False,0
1789595795,507cb2,MFX7527 ,Uzbekistan,1789595794,1789595794,74.4047,31.4534,10668,False,257.86,127.62,0,,11239.5,,False,0
1789595795,484cba,KLM836  ,Kingdom of the Netherlands,1789595794,1789595794,75.1147,27.084,9144,False,248.64,289.71,0,,9669.78,,False,0
1789595795,8965f8,ABY552  ,United Arab Emirates,1789595793,1789595793,74.2787,31.564,5996.94,False,173.54,5.1,-5.2,,6248.4,,False,0
1789595795,76cd43,SIA306  ,Singapore,1789595793,1789595793,76.5794,25.0995,10972.8,False,248.58,307.18,0,,11635.74,,False,0
1789595795,8a08b1,UBA8502 ,Indonesia,1789595512,1789595789,96.2719,17.1403,571.5,False,111.62,197.43,-6.18,,,,False,0
1789595795,89669a,ETD6RM  ,United Arab Emirates,1789595794,1789595794,77.9658,13.1808,1920.24,False,107.18,356.7,-1.95,,1920.24,,False,0
1789595795,89668b,ABY471  ,United Arab Emirates,1789595613,1789595613,80.1915,12.9986,114.3,False,72.32,248.73,-3.58,,15.24,3433,False,0
1789595795,781fd6,CSS159  ,China,1789595794,1789595794,77.9729,28.5244,3200.4,False,160.27,279.79,-6.18,,3291.84,6002,False,0
1789595795,894097,GFA122  ,Bahrain,1789595794,1789595794,68.0906,24.1267,11277.6,False,264.96,90.78,0,,12001.5,,False,0
1789595795,152036,AFL292  ,Russian Federation,1789595794,1789595794,82.299,26.3769,11277.6,False,242.56,123.76,-0.65,,11955.78,,False,0
1789595795,89408b,GFA152  ,Bahrain,1789595795,1789595795,68.9909,24.1141,11887.2,False,254.68,90.93,0,,12611.1,,False,0
1789595795,899087,EVA095  ,Taiwan,1789595794,1789595795,77.8188,29.7168,10965.18,False,231.73,309.41,-0.33,,11582.4,0432,False,0
1789595795,89907e,EVA065  ,Taiwan,1789595794,1789595794,78.271,28.1954,10363.2,False,246.75,291.91,-0.33,,10957.56,0427,False,0
1789595795,899097,EVA062  ,Taiwan,1789595794,1789595794,89.6917,20.5331,11887.2,False,262.49,126.15,-0.33,,12618.72,7112,False,0
1789595795,040143,ETH609  ,Ethiopia,1789595795,1789595795,79.9845,13.0037,9753.6,False,259.99,275.56,-0.33,,10325.1,0740,False,0
1789595795,706214,JZR406  ,Kuwait,1789595792,1789595793,75.1952,12.1745,9144,False,247.98,319.04,0.33,,9669.78,,False,0
1789595795,040156,ETH3290 ,Ethiopia,1789595793,1789595794,71.2436,22.9586,12496.8,False,242.35,86.11,0,,13235.94,,False,0
1789595795,040126,ETH687  ,Ethiopia,1789595793,1789595793,74.4802,28.5261,9052.56,False,189.54,272.8,5.53,,9555.48,,False,0
1789595795,8881ff,VJC1806 ,Viet Nam,1789595794,1789595794,94.3627,16.0531,10058.4,False,240.93,111.42,0,,,0374,False,0
1789595795,899017,CAL5663 ,Taiwan,1789595794,1789595794,93.8126,19.5082,10363.2,False,253.86,298.17,0,,11026.14,2630,False,0
1789595795,899013,CAL063  ,Taiwan,1789595794,1789595794,77.2945,30.2356,11582.4,False,238.81,333.1,0,,12222.48,2663,False,0
1789595795,06a376,QTR842  ,Qatar,1789595765,1789595765,81.3981,13.4677,11887.2,False,237.35,110.56,0,,12573,2127,False,0
1789595795,06a2e9,QTR982  ,Qatar,1789595795,1789595795,89.9403,22.482,11879.58,False,253.96,96.98,0.33,,12611.1,0365,False,0
1789595795,06a2f9,QTR838  ,Qatar,1789595794,1789595794,95.4721,16.3774,11887.2,False,249.22,115.3,-0.33,,12626.34,2144,False,0
1789595795,4ba9c8,THY62Y  ,Turkey,1789595795,1789595795,82.3594,26.9699,11887.2,False,252.91,112.86,0,,12580.62,,False,0
1789595795,06a2c7,QTR8M   ,Qatar,1789595794,1789595795,78.765,7.2738,10363.2,False,255.78,305.26,0,,10957.56,,False,0
1789595795,8990e6,EVA071  ,Taiwan,1789595794,1789595794,79.7637,27.8327,9753.6,False,245.33,317.04,0,,10309.86,6247,False,0
1789595795,06a062,QTR807  ,Qatar,1789595794,1789595794,70.2584,22.8444,10363.2,False,251.59,273.75,0,,11026.14,,False,0
1789595795,a7a9a0,N593MA  ,United States,1789595559,1789595561,82.806,33.1948,,True,0.06,171.56,,,,,False,0
1789595795,06a072,QTR898  ,Qatar,1789595792,1789595793,78.8479,15.0174,9448.8,False,260.44,116.51,0,,10005.06,2131,False,0
1789595795,39cf0f,AFR198  ,France,1789595793,1789595793,80.7204,25.6225,11887.2,False,258.8,129.35,0,,12573,,False,0
1789595795,7c8064,QFA5    ,Australia,1789595794,1789595794,79.5099,14.9635,11574.78,False,257.53,346.13,-0.33,,12260.58,1456,False,0
1789595795,407ea1,DHK037  ,United Kingdom,1789595794,1789595794,95.268,14.8197,9753.6,False,244.93,283.98,0,,10363.2,,False,0
1789595795,80139b,AIC7FM  ,India,1789595795,1789595795,81.5495,26.1355,11285.22,False,239.87,114.59,0,,11948.16,,False,0
1789595795,406c39,VIR303  ,United Kingdom,1789595795,1789595795,71.8637,31.2314,10355.58,False,233.32,263.92,0,,10904.22,,False,0
1789595795,a9c52e,NCR521  ,United States,1789595794,1789595794,83.4414,23.0077,12496.8,False,256.57,93.1,0,,13228.32,3401,False,0
1789595795,801403,AXB135  ,India,1789595539,1789595539,77.0979,28.5623,,True,7.46,104.06,,,,,False,0
1789595795,801406,AIC112  ,India,1789595793,1789595794,74.6695,26.7607,11879.58,False,255.63,39.94,0,,12603.48,,False,0
1789595795,801454,IGO6129 ,India,1789595794,1789595794,74.8969,15.0671,11902.44,False,231.88,159.07,0,,12618.72,,False,0
1789595795,abcca0,,United States,1789595792,1789595792,82.804,33.2024,,True,4.12,2.81,,,,,False,0
1789595795,801435,AXB920  ,India,1789595794,1789595794,77.7272,13.1531,3573.78,False,132.98,100.7,-2.93,,3688.08,,False,0
1789595795,06a10b,QTR830  ,Qatar,1789595793,1789595793,81.8263,18.1267,12496.8,False,246.96,108.96,0,,13205.46,,False,0
1789595795,801530,FQA321  ,India,1789595794,1789595794,76.4063,27.6354,8610.6,False,231.19,204.17,5.2,,9083.04,,False,0
1789595795,06a12a,QTR859  ,Qatar,1789595793,1789595794,86.5462,23.1504,10972.8,False,252.17,271.52,0,,11650.98,6302,False,0
1789595795,06a145,QTR837  ,Qatar,1789595794,1789595794,83.4619,17.7352,12192,False,253.77,286.49,0,,12915.9,,False,0
1789595795,801548,AKJ506  ,India,1789595794,1789595794,75.8355,12.0352,11277.6,False,224.71,143.47,0,,11948.16,,False,0
1789595795,80159f,AIC308  ,India,1789595794,1789595794,77.5475,27.8816,5669.28,False,224.07,109.72,8.78,,5913.12,,False,0
1789595795,80156e,BDA354  ,India,1789595794,1789595794,76.2762,28.3528,4572,False,166.73,20.78,0,,4747.26,,False,0
1789595795,06a103,QTR955  ,Qatar,1789595794,1789595794,77.7918,8.6073,11582.4,False,264.07,300.56,0,,12237.72,,False,0
1789595795,885102,THA937  ,Thailand,1789595794,1789595794,84.9714,24.4348,12496.8,False,254.07,118.02,0,,13213.08,0142,False,0
1789595795,88511a,THA924  ,Thailand,1789595793,1789595794,73.5513,27.8051,12192,False,237.78,300.56,0,,12877.8,,False,0
1789595795,88510a,THA941  ,Thailand,1789595794,1789595794,96.7074,15.924,12496.8,False,247.09,119.02,-0.33,,13220.7,0410,False,0
1789595795,88510b,THA925  ,Thailand,1789595794,1789595794,94.0484,19.6107,12496.8,False,248.52,138.36,-0.33,,13228.32,1735,False,0
1789595795,885116,THA955  ,Thailand,1789595794,1789595794,76.19,30.8761,11894.82,False,273.08,126.27,0,,12527.28,,False,0
1789595795,885115,THA326  ,Thailand,1789595794,1789595794,93.2526,12.2949,11887.2,False,252.07,84.85,0,,,,False,0
1789595795,88516c,THA951  ,Thailand,1789595794,1789595794,95.5167,16.7872,10668,False,254.3,122.69,0,,11338.56,0715,False,0
1789595795,885156,THA350  ,Thailand,1789595793,1789595794,89.0038,22.3093,11277.6,False,259.66,125.48,0,,11971.02,7272,False,0
1789595795,885177,THA921  ,Thailand,1789595794,1789595794,88.5966,21.1984,11887.2,False,248.48,116.03,0,,12611.1,7644,False,0
1789595795,885179,THA970  ,Thailand,1789595794,1789595794,75.6398,28.5508,10363.2,False,237.4,298.9,0,,10957.56,,False,0
1789595795,885170,THA950  ,Thailand,1789595794,1789595794,74.5656,27.2966,9753.6,False,248.72,295.88,-0.33,,10332.72,,False,0
1789595795,3c64f5,DLH759  ,Germany,1789595794,1789595794,79.797,13.0773,2179.32,False,154.4,285.66,11.05,,2179.32,0621,False,0
1789595795,7103d7,SVA871  ,Saudi Arabia,1789595779,1789595779,86.8547,16.8074,10363.2,False,261.77,283.87,-0.33,,11003.28,,False,0
1789595795,4246b4,AHY057  ,United Kingdom,1789595793,1789595794,76.6294,28.335,3657.6,False,171.37,136.09,-0.33,,3779.52,,False,0
1789595795,a9aba2,ETD9682 ,United States,1789595794,1789595794,70.7083,22.9427,11887.2,False,250.08,86.11,0,,12633.96,,False,0
1789595795,151db6,AFL284  ,Russian Federation,1789595794,1789595795,78.0882,28.8884,10668,False,266.26,146.99,0,,11277.6,,False,0
1789595795,7105ac,SVA857  ,Saudi Arabia,1789595794,1789595794,79.865,13.3981,10355.58,False,264.81,296.42,0,,10988.04,2272,False,0
1789595795,70c13d,OMS497  ,Oman,1789595793,1789595793,83.8901,23.007,10668,False,245.39,90,0,,11323.32,4725,False,0
1789595795,77170d,EXV912  ,Sri Lanka,1789595794,1789595794,82.9164,17.0119,10972.8,False,240.92,226.73,0,,11643.36,4702,False,0
1789595795,70c10c,OMS705  ,Oman,1789595794,1789595794,75.9273,28.0493,11285.22,False,249.75,95.79,0,,11948.16,,False,0
1789595795,70c10d,OMS783  ,Oman,1789595794,1789595794,74.4767,15.5639,11277.6,False,233.36,125.13,0.33,,11963.4,,False,0
1789595795,770453,ALK191  ,Sri Lanka,1789595794,1789595794,77.2468,25.2913,11582.4,False,233.17,358.1,0,,12298.68,,False,0
1789595795,7609f0,FJL530  ,Pakistan,1789595418,1789595493,71.9534,29.6757,10965.18,False,220.92,228.78,0,,11590.02,,False,0
1789595795,70c0fe,OMA817  ,Oman,1789595794,1789595794,90.2666,17.4985,12496.8,False,240.94,108.94,-0.33,,13228.32,4760,False,0
1789595795,77058f,ALK153  ,Sri Lanka,1789595795,1789595795,79.9955,12.8201,11277.6,False,244.07,345.35,0,,11955.78,7341,False,0
1789595795,a3969c,N330JE  ,United States,1789595787,1789595787,82.8042,33.2047,,True,4.12,345.94,,,,,False,0
1789595795,88813a,HVN18   ,Viet Nam,1789595794,1789595794,96.1315,21.4754,13106.4,False,243.46,101.95,-0.33,,13837.92,7563,False,0
1789595795,706058,KAC283  ,Kuwait,1789595793,1789595794,89.2054,23.1424,8679.18,False,259.4,44.12,-11.38,,9204.96,0460,False,0
1789595795,706064,KAC364  ,Kuwait,1789595792,1789595792,78.2835,8.8433,9105.9,False,246.73,308.57,3.25,,9616.44,,False,0
1789595795,706072,KAC382  ,Kuwait,1789595794,1789595794,74.6964,28.5344,8465.82,False,204.81,271.44,4.88,,8915.4,,False,0
1789595795,7705c1,ALK402  ,Sri Lanka,1789595795,1789595795,94.9485,12.9484,11902.44,False,228.95,60.67,0,,,,False,0
1789595795,706130,JZR531  ,Kuwait,1789595758,1789595758,90.4019,23.8507,,True,0.39,53.44,,,,1433,False,0
1789595795,70612d,JZR407  ,Kuwait,1789595794,1789595794,70.0051,23.867,10675.62,False,246.38,101.69,0,,11353.8,,False,0
1789595795,8880ad,HVN670  ,Viet Nam,1789595795,1789595795,95.1615,14.8443,10058.4,False,236.69,103.7,0,,,,False,0
1789595795,a0a9c7,N1417U  ,United States,1789595741,1789595741,82.8045,33.2037,,True,3.6,348.75,,,,,False,0
1789595795,8880e0,HVN31   ,Viet Nam,1789595790,1789595793,73.9179,27.6703,11582.4,False,239.29,299.21,-0.33,,12260.58,,False,0
1789595795,888217,VJC910  ,Viet Nam,1789595794,1789595794,92.9493,22.183,10066.02,False,247.59,94.17,0,,10706.1,0340,False,0
1789595795,8940dc,GFA130  ,Bahrain,1789595794,1789595794,76.3328,28.2331,3962.4,False,160.34,106.4,0,,4107.18,,False,0
1789595795,7502cd,XAX605  ,Malaysia,1789595794,1789595794,86.0387,16.5217,11887.2,False,238.85,132.56,0,,12611.1,,False,0
1789595795,76cda3,SIA302  ,Singapore,1789595778,1789595779,83.6624,21.8484,11582.4,False,248.27,311.22,0,,12275.82,2230,False,0
1789595795,76cda8,SIA314  ,Singapore,1789595793,1789595794,87.0151,18.9988,10972.8,False,259.26,312.43,0.33,,11635.74,0174,False,0
1789595795,76cda5,SIA304  ,Singapore,1789595788,1789595790,70.5513,31.3021,12192,False,239.53,328.97,-0.33,,12832.08,,False,0
1789595795,76cdb5,SIA309  ,Singapore,1789595687,1789595780,88.5474,17.5943,12496.8,False,245.19,135.51,-0.33,,13213.08,4761,False,0
1789595795,76cdad,SIA352  ,Singapore,1789595795,1789595795,72.0525,31.1161,11582.4,False,245.31,311.34,0,,12199.62,,False,0
1789595795,8966ce,ETD402  ,United Arab Emirates,1789595793,1789595793,84.3686,19.3813,11887.2,False,252.88,107.03,0,,12595.86,,False,0
1789595795,8966af,ABY496  ,United Arab Emirates,1789595740,1789595740,77.2501,13.7367,5242.56,False,195.66,122.44,-9.43,,5494.02,,False,0
1789595795,750447,MXD752  ,Malaysia,1789595794,1789595794,77.8478,29.0399,11887.2,False,256.56,129.47,0,,12550.14,,False,0
1789595795,75041f,MXD132  ,Malaysia,1789595749,1789595751,79.349,25.7605,10058.4,False,246.51,151.72,-0.33,,10652.76,,False,0
1789595795,750420,MXD181  ,Malaysia,1789595788,1789595788,96.6732,11.0249,11277.6,False,234.52,141.14,0,,11978.64,7777,False,0
1789595795,4074e3,,United Kingdom,1789595663,1789595663,74.8653,13.319,9875.52,False,244.53,277.74,4.23,,10454.64,,False,0
1789595795,750423,MXD216  ,Malaysia,1789595795,1789595795,92.092,15.5609,11887.2,False,235.69,104.28,-0.33,,,,False,0
1789595795,48ae00,LOT71   ,Poland,1789595722,1789595725,77.1073,28.5417,320.04,False,76.74,283.57,-3.9,,213.36,,False,0
1789595795,507c4c,UZB553  ,Uzbekistan,1789595735,1789595735,79.1138,26.318,12496.8,False,256.32,154.31,-0.33,,13205.46,,False,0
1789595795,75059c,MAS119  ,Malaysia,1789595794,1789595794,93.2998,12.9626,11277.6,False,229.56,135.82,0,,,,False,0
1789595795,76bcce,TGW60   ,Singapore,1789595794,1789595794,87.0391,16.9948,10972.8,False,256.7,312.48,0,,11635.74,,False,0
1789595795,86e3ec,JAL754  ,Japan,1789595794,1789595794,82.7492,17.3329,11887.2,False,250.5,50,-0.33,,12611.1,,False,0
1789595795,800b62,AXB5976 ,India,1789595794,1789595794,77.4747,28.2996,3345.18,False,132.26,23.37,-3.25,,3459.48,,False,0
1789595795,4d20f9,VJT278R ,Malta,1789595617,1789595617,71.4561,18.6242,12192,False,253.6,295.21,0,,12931.14,,False,0
1789595795,800c42,AIC2284 ,India,1789595794,1789595794,69.9533,22.9789,10675.62,False,242.1,64.85,0,,11338.56,,False,0
1789595795,800c3a,LLR676  ,India,1789595794,1789595794,78.8562,27.9549,5486.4,False,129.13,306.41,0,,5753.1,,False,0
1789595795,800c4b,AIC2378 ,India,1789595794,1789595794,85.5619,20.4429,10668,False,239.56,129.95,0,,11330.94,0526,False,0
1789595795,3c68cb,BCS694  ,Germany,1789595794,1789595794,93.5113,22.539,12496.8,False,245.39,79.49,-0.33,,13251.18,0451,False,0
1789595795,71004a,SVA753  ,Saudi Arabia,1789595794,1789595795,72.7064,19.1879,11582.4,False,244.03,288.05,0,,12283.44,,False,0
1789595795,4cac10,KZR931  ,Ireland,1789595788,1789595794,75.75,31.0483,10058.4,False,255.09,133.45,0.65,,10614.66,,False,0
1789595795,710055,SVA827  ,Saudi Arabia,1789595734,1789595736,75.6774,8.9398,10363.2,False,261.12,287.9,0,,10965.18,,False,0
1789595795,710053,SVA810  ,Saudi Arabia,1789595794,1789595794,89.748,23.5915,4587.24,False,208.74,39.3,-14.96,,4800.6,5272,False,0
1789595795,710057,SVA803  ,Saudi Arabia,1789595794,1789595794,89.6562,23.1857,6614.16,False,209.36,238.77,6.83,,6957.06,4727,False,0
1789595795,70e085,SEJ905  ,Cambodia,1789595794,1789595794,80.8952,26.4491,10675.62,False,247.33,114.06,0,,11308.08,,False,0
1789595795,711486,RXI763  ,Saudi Arabia,1789595793,1789595793,71.2091,24.1914,11269.98,False,266.49,57.94,0,,11993.88,,False,0
1789595795,800bef,AIC2336 ,India,1789595795,1789595795,95.2307,18.2414,11277.6,False,230.62,124.82,0,,11993.88,0512,False,0
1789595795,0100a4,MSR511  ,Egypt,1789595795,1789595795,96.2994,15.4283,11582.4,False,244.29,290.08,0.33,,12329.16,0712,False,0
1789595805,80163c,IGO1477 ,India,1789595804,1789595804,70.3232,22.8403,9144,False,215.01,273.84,0,,9707.88,,False,0
1789595805,801625,AIC1ZH  ,India,1789595735,1789595735,77.7439,13.2067,998.22,False,67.91,270.43,-3.25,,952.5,,False,0
1789595805,8851ea,THA340  ,Thailand,1789595804,1789595804,94.2855,19.3217,10058.4,False,248.71,137.6,0.33,,,,False,0
1789595805,8851e1,THA344  ,Thailand,1789595804,1789595804,89.3718,18.8168,10058.4,False,239.48,109.06,-0.33,,10675.62,0377,False,0
1789595805,8014af,IGO1486 ,India,1789595802,1789595802,75.9586,14.5519,11887.2,False,227.49,126.82,0,,12603.48,,False,0
1789595805,885282,THA911  ,Thailand,1789595805,1789595805,95.9234,16.411,11277.6,False,254.47,126.04,0,,11993.88,3461,False,0
1789595805,80174a,IGO245C ,India,1789595805,1789595805,77.3312,28.3558,1798.32,False,121.4,13.98,-3.25,,1813.56,,False,0
1789595805,80174d,VTIWT   ,India,1789595795,1789595795,77.0847,28.5613,,True,0,61.88,,,,,False,0
1789595805,80177d,IGO706  ,India,1789595804,1789595804,77.247,25.5075,10355.58,False,235.64,359.12,0,,10988.04,,False,0
1789595805,885307,THA330  ,Thailand,1789595804,1789595804,94.7567,14.9498,10675.62,False,236.19,103.73,0,,,,False,0
1789595805,05a0af,DQA341  ,Maldives,1789595633,1789595633,82.4051,16.2811,12192,False,245.41,213.89,0,,12915.9,1537,False,0
1789595805,88530a,THA338  ,Thailand,1789595805,1789595805,96.4586,13.6933,10675.62,False,239.19,75.93,0,,,,False,0
1789595805,885313,THA314  ,Thailand,1789595804,1789595804,92.7893,18.346,10683.24,False,243.38,127.96,0,,,0420,False,0
1789595805,801878,,India,1789595803,1789595803,80.1425,12.9801,312.42,False,97.63,248.03,6.83,,198.12,,False,0
1789595805,80052d,AIC8HJ  ,India,1789595798,1789595798,76.893,8.7347,2240.28,False,136.13,3.9,11.05,,2225.04,,False,0
1789595805,3c4a08,DLH761  ,Germany,1789595804,1789595804,75.1623,28.9763,7040.88,False,226.55,319.33,6.5,,7406.64,,False,0
1789595805,80189d,AIC187  ,India,1789595804,1789595804,68.7815,22.9186,10355.58,False,251.33,272.7,-0.33,,11018.52,,False,0
1789595805,70209f,BBC305  ,Bangladesh,1789595804,1789595804,87,25.1203,10363.2,False,256.57,287.74,-0.33,,10995.66,4773,False,0
1789595805,8960ee,UAE367  ,United Arab Emirates,1789595787,1789595788,73.2794,23.0094,12192,False,250.82,265.41,0,,12923.52,,False,0
1789595805,8017a0,IGO2369 ,India,1789595804,1789595804,77.2897,28.5422,1104.9,False,87.38,282.24,-7.8,,1066.8,,False,0
1789595805,896111,UAE359  ,United Arab Emirates,1789595785,1789595803,81.2517,11.21,10363.2,False,258.87,268.41,0,,10957.56,2417,False,0
1789595805,8016d7,IGO679P ,India,1789595804,1789595804,78.4851,14.5169,10363.2,False,234.61,305.99,0.33,,10995.66,0211,False,0
1789595805,89618a,UAE363  ,United Arab Emirates,1789595804,1789595804,69.2064,22.9256,12192,False,252.65,273.85,0,,12946.38,,False,0
1789595805,896175,UAE329  ,United Arab Emirates,1789595803,1789595804,72.9238,23.0657,10363.2,False,254.49,266.99,0,,10988.04,,False,0
1789595805,80183b,IGO72P  ,India,1789595803,1789595804,75.5393,27.3808,9044.94,False,235.53,37.55,-10.73,,9570.72,,False,0
1789595805,80183a,IGO721  ,India,1789595791,1789595791,74.5242,16.0541,11582.4,False,237.07,335.1,0,,12283.44,,False,0
1789595805,8a0536,GIA089  ,Indonesia,1789595771,1789595773,86.1002,16.4674,10668,False,253.04,132.61,0,,11315.7,,False,0
1789595805,8018e1,IGO426L ,India,1789595804,1789595804,76.8492,26.1463,10668,False,239.95,177.54,0,,11308.08,,False,0
1789595805,a27c9e,,United States,1789595670,1789595670,82.8045,33.2037,,True,4.63,345.94,,,,,False,0
1789595805,896408,ETD498  ,United Arab Emirates,1789595805,1789595805,79.9266,12.8384,10668,False,255.78,110.73,0,,11308.08,1740,False,0
1789595805,896357,ETD973  ,United Arab Emirates,1789595804,1789595804,85.6168,23.0295,12496.8,False,246.93,75.65,0,,13228.32,1764,False,0
1789595805,896327,ETD476  ,United Arab Emirates,1789595801,1789595801,77.905,10.3135,10058.4,False,250.24,110.71,0,,10645.14,,False,0
1789595805,4bb0eb,THY45M  ,Turkey,1789595792,1789595792,95.9849,11.4741,11894.82,False,249.75,137.34,0.65,,12603.48,5116,False,0
1789595805,4bb0fa,THY208  ,Turkey,1789595805,1789595805,96.0369,17.6646,12496.8,False,241.89,126.7,0,,13220.7,5117,False,0
1789595805,896306,UAE371  ,United Arab Emirates,1789595804,1789595804,91.8834,15.6114,10972.8,False,253.41,283.98,0,,11673.84,,False,0
1789595805,896312,UAE377  ,United Arab Emirates,1789595805,1789595805,85.1116,17.3123,10363.2,False,258.99,286.38,0,,10988.04,,False,0
1789595805,80073f,AIC302  ,India,1789595804,1789595804,82.354,24.9982,10660.38,False,261.2,134.36,0,,11308.08,,False,0
1789595805,a33475,,United States,1789595800,1789595800,82.8022,33.2112,,True,6.43,180,,,,,False,0
1789595805,780a57,CPA612  ,China,1789595804,1789595804,95.6905,13.1899,12496.8,False,230.38,72.46,0,,,,False,0
1789595805,780a58,CPA624  ,China,1789595804,1789595804,88.4075,21.1435,11277.6,False,247.19,70.17,-0.33,,11986.26,0640,False,0
1789595805,8963ec,UAE7Q   ,United Arab Emirates,1789595788,1789595788,78.6445,15.0886,11582.4,False,262.05,296.72,0,,12260.58,2133,False,0
1789595805,8963e7,UAE374  ,United Arab Emirates,1789595647,1789595647,72.7164,23.9427,11887.2,False,259.5,94.32,0,,12626.34,,False,0
1789595805,896536,ETD473  ,United Arab Emirates,1789595616,1789595616,74.974,10.248,11574.78,False,264.88,300.2,0,,12260.58,,False,0
1789595805,896535,ETD870  ,United Arab Emirates,1789595804,1789595804,88.228,22.7364,12496.8,False,248.21,101.96,-0.33,,13243.56,1714,False,0
1789595805,896539,ETD474  ,United Arab Emirates,1789595804,1789595804,77.5401,9.2715,11277.6,False,245.39,121.89,-0.33,,11932.92,,False,0
1789595805,89647c,UAE75T  ,United Arab Emirates,1789595721,1789595721,75.2244,9.9949,12192,False,264.26,301.71,0,,12870.18,,False,0
1789595805,896496,ABY518  ,United Arab Emirates,1789595804,1789595804,78.6637,26.3898,11277.6,False,249.41,79.06,0,,11963.4,,False,0
1789595805,896473,UAE319  ,United Arab Emirates,1789595805,1789595805,71.4317,22.9598,12192,False,254.39,267.45,0,,12931.14,,False,0
1789595805,896488,ETD401  ,United Arab Emirates,1789595799,1789595802,88.4322,18.088,10972.8,False,260.46,288.9,-0.33,,11650.98,6354,False,0
1789595805,896451,UAE325  ,United Arab Emirates,1789595804,1789595805,72.8994,23.0506,10972.8,False,256.49,267.24,0,,11666.22,,False,0
1789595805,40688f,BAW35   ,United Kingdom,1789595805,1789595805,80.3465,13.2889,1935.48,False,143.19,169.86,-1.95,,1927.86,5715,False,0
1789595805,89642e,ABY422  ,United Arab Emirates,1789595732,1789595734,76.374,10.1502,106.68,False,76.71,87.69,-3.9,,0,,False,0
1789595805,89642d,ABY410  ,United Arab Emirates,1789595789,1789595791,76.7248,11.0636,3695.7,False,189.15,95.46,-4.55,,4815.84,,False,0
1789595805,8963a2,UAE9785 ,United Arab Emirates,1789595805,1789595805,91.0026,22.3559,9753.6,False,251.6,277.4,0,,10355.58,5345,False,0
1789595805,8964fa,ETD410  ,United Arab Emirates,1789595804,1789595804,91.848,14.3969,12489.18,False,247,134.92,0,,,,False,0
1789595805,8964bf,ETD898  ,United Arab Emirates,1789595804,1789595804,87.4033,22.8421,11879.58,False,254.06,99.56,-0.33,,12603.48,3423,False,0
1789595805,780c01,CES2052 ,China,1789595804,1789595804,90.6203,22.4972,11277.6,False,246.73,92.87,0,,12001.5,4000,False,0
1789595805,896660,FDB570  ,United Arab Emirates,1789595805,1789595805,73.9981,15.3204,10972.8,False,242.7,325.97,0,,11635.74,,False,0
1789595805,89664c,ETD218  ,United Arab Emirates,1789595803,1789595804,77.1816,28.5258,693.42,False,76.24,283.66,-3.58,,617.22,,False,0
1789595805,780ab6,CPA694  ,China,1789595804,1789595804,93.077,23.4742,11887.2,False,257.23,93.67,0,,12603.48,0513,False,0
1789595805,885963,TVJ761  ,Thailand,1789595741,1789595770,88.7903,17.9756,9448.8,False,246.31,108.89,0,,10035.54,0315,False,0
1789595805,8964b0,UAE399  ,United Arab Emirates,1789595729,1789595730,83.1015,12.8867,11582.4,False,265.04,296.27,-0.33,,12260.58,,False,0
1789595805,8964c3,ETD432  ,United Arab Emirates,1789595804,1789595804,84.1607,22.9693,11269.98,False,267.16,94.09,0,,11978.64,3407,False,0
1789595805,8964a8,UAE313  ,United Arab Emirates,1789595803,1789595804,84.8289,21.9172,10363.2,False,250.93,261.99,0,,11003.28,6354,False,0
1789595805,76cc75,SIA402  ,Singapore,1789595804,1789595804,85.7171,18.3002,10965.18,False,262.72,313.57,0,,11643.36,,False,0
1789595805,507cb2,MFX7527 ,Uzbekistan,1789595802,1789595802,74.422,31.4419,10675.62,False,258.18,127.71,0,,11247.12,,False,0
1789595805,484cba,KLM836  ,Kingdom of the Netherlands,1789595804,1789595804,75.0899,27.092,9144,False,248.47,289.6,0,,9669.78,,False,0
1789595805,8965f8,ABY552  ,United Arab Emirates,1789595801,1789595802,74.2801,31.5775,5928.36,False,173.08,5.29,-12.03,,6164.58,,False,0
1789595805,76cd43,SIA306  ,Singapore,1789595804,1789595804,76.5578,25.1144,10972.8,False,248.99,307.11,0,,11635.74,,False,0
1789595805,8a08b1,UBA8502 ,Indonesia,1789595512,1789595803,96.2719,17.1403,571.5,False,111.62,197.43,-6.18,,,,False,0
1789595805,89669a,ETD6RM  ,United Arab Emirates,1789595804,1789595804,77.9631,13.1903,1905,False,106.63,339.38,-1.95,,1905,,False,0
1789595805,89668b,ABY471  ,United Arab Emirates,1789595613,1789595613,80.1915,12.9986,114.3,False,72.32,248.73,-3.58,,15.24,3433,False,0
1789595805,781fd6,CSS159  ,China,1789595804,1789595804,77.9571,28.5255,3147.06,False,158.97,269.63,-5.85,,3230.88,6002,False,0
1789595805,894097,GFA122  ,Bahrain,1789595805,1789595805,68.1182,24.1264,11269.98,False,265.48,90.78,0,,11993.88,,False,0
1789595805,152036,AFL292  ,Russian Federation,1789595804,1789595804,82.319,26.3649,11277.6,False,242.56,123.76,0,,11955.78,,False,0
1789595805,89408b,GFA152  ,Bahrain,1789595804,1789595804,69.0152,24.1137,11887.2,False,254.68,90.93,-0.33,,12611.1,,False,0
1789595805,899087,EVA095  ,Taiwan,1789595805,1789595805,77.7999,29.7304,10972.8,False,232.45,309.43,-0.33,,11590.02,0432,False,0
1789595805,89907e,EVA065  ,Taiwan,1789595804,1789595804,78.2475,28.2039,10355.58,False,246.75,291.91,-0.33,,10949.94,0427,False,0
1789595805,899097,EVA062  ,Taiwan,1789595804,1789595804,89.7116,20.5194,11887.2,False,262.19,126.06,-0.65,,12611.1,7112,False,0
1789595805,040143,ETH609  ,Ethiopia,1789595804,1789595804,79.9611,13.0059,9753.6,False,259.94,275.45,-0.33,,10317.48,0740,False,0
1789595805,706214,JZR406  ,Kuwait,1789595794,1789595796,75.1921,12.178,9144,False,247.98,319.04,0,,9669.78,,False,0
1789595805,040156,ETH3290 ,Ethiopia,1789595803,1789595804,71.2655,22.9599,12496.8,False,242.35,86.11,0,,13235.94,,False,0
1789595805,040126,ETH687  ,Ethiopia,1789595804,1789595804,74.459,28.527,9113.52,False,189.54,272.8,5.85,,9593.58,,False,0
1789595805,8881ff,VJC1806 ,Viet Nam,1789595804,1789595804,94.3835,16.0452,10058.4,False,240.93,111.42,0,,,0374,False,0
1789595805,899017,CAL5663 ,Taiwan,1789595804,1789595804,93.7912,19.5191,10363.2,False,254.11,298.28,0,,11026.14,2630,False,0
1789595805,899013,CAL063  ,Taiwan,1789595804,1789595804,77.2827,30.2558,11582.4,False,239.5,333.05,0,,12222.48,2663,False,0
1789595805,06a376,QTR842  ,Qatar,1789595765,1789595765,81.3981,13.4677,11887.2,False,237.35,110.56,0,,12573,2127,False,0
1789595805,06a2e9,QTR982  ,Qatar,1789595805,1789595805,89.9649,22.4792,11887.2,False,254.53,97.08,0,,12618.72,0365,False,0
1789595805,06a2f9,QTR838  ,Qatar,1789595804,1789595804,95.4936,16.3676,11887.2,False,249.22,115.3,0.33,,12618.72,2144,False,0
1789595805,4ba9c8,THY62Y  ,Turkey,1789595805,1789595805,82.3828,26.961,11887.2,False,252.91,112.86,0,,12580.62,,False,0
1789595805,06a2c7,QTR8M   ,Qatar,1789595804,1789595805,78.7461,7.2871,10363.2,False,255.78,305.26,0,,10957.56,,False,0
1789595805,8990e6,EVA071  ,Taiwan,1789595804,1789595804,79.7464,27.8492,9753.6,False,245.33,317.04,0,,10309.86,6247,False,0
1789595805,06a062,QTR807  ,Qatar,1789595804,1789595804,70.2346,22.8458,10363.2,False,251.59,273.75,0,,11026.14,,False,0
1789595805,a7a9a0,N593MA  ,United States,1789595559,1789595561,82.806,33.1948,,True,0.06,171.56,,,,,False,0
1789595805,06a072,QTR898  ,Qatar,1789595803,1789595803,78.8724,15.0055,9448.8,False,260.67,116.62,0,,10005.06,2131,False,0
1789595805,39cf0f,AFR198  ,France,1789595805,1789595805,80.7443,25.6047,11887.2,False,258.8,129.35,0,,12580.62,,False,0
1789595805,7c8064,QFA5    ,Australia,1789595804,1789595804,79.504,14.9867,11574.78,False,257.15,345.99,0.33,,12260.58,1456,False,0
1789595805,407ea1,DHK037  ,United Kingdom,1789595804,1789595804,95.2449,14.8253,9761.22,False,244.8,283.86,0,,10363.2,,False,0
1789595805,80139b,AIC7FM  ,India,1789595805,1789595805,81.5715,26.1264,11285.22,False,239.87,114.59,0,,11948.16,,False,0
1789595805,406c39,VIR303  ,United Kingdom,1789595805,1789595805,71.8392,31.2291,10355.58,False,232.81,263.91,0.33,,10911.84,,False,0
1789595805,a9c52e,NCR521  ,United States,1789595803,1789595804,83.4648,23.0066,12496.8,False,256.6,93.22,0,,13228.32,3401,False,0
1789595805,801403,AXB135  ,India,1789595539,1789595539,77.0979,28.5623,,True,7.46,104.06,,,,,False,0
1789595805,801406,AIC112  ,India,1789595804,1789595804,74.6868,26.7793,11887.2,False,255.63,39.94,0,,12603.48,,False,0
1789595805,801454,IGO6129 ,India,1789595804,1789595804,74.9044,15.048,11902.44,False,231.88,159.07,0,,12626.34,,False,0
1789595805,abcca0,N86BJ   ,United States,1789595792,1789595794,82.804,33.2024,,True,4.12,2.81,,,,,False,0
1789595805,801435,AXB920  ,India,1789595804,1789595804,77.7386,13.151,3535.68,False,129.85,100.73,-3.25,,3642.36,,False,0
1789595805,06a10b,QTR830  ,Qatar,1789595803,1789595803,81.8481,18.1195,12496.8,False,246.96,108.96,0,,13205.46,,False,0
1789595805,801530,FQA321  ,India,1789595804,1789595804,76.3968,27.6166,8663.94,False,232.13,204.07,5.85,,9151.62,,False,0
1789595805,06a12a,QTR859  ,Qatar,1789595804,1789595804,86.5205,23.151,10972.8,False,252.17,271.52,0,,11643.36,6302,False,0
1789595805,06a145,QTR837  ,Qatar,1789595804,1789595805,83.4402,17.7414,12192,False,253.27,286.52,0,,12923.52,,False,0
1789595805,801548,AKJ506  ,India,1789595804,1789595804,75.8477,12.0191,11277.6,False,224.71,143.47,0,,11948.16,,False,0
1789595805,80159f,AIC308  ,India,1789595803,1789595804,77.5676,27.8752,5753.1,False,225.21,109.76,7.8,,5996.94,,False,0
1789595805,80156e,BDA354  ,India,1789595805,1789595805,76.2826,28.3677,4572,False,166.25,20.85,0,,4747.26,,False,0
1789595805,06a103,QTR955  ,Qatar,1789595804,1789595804,77.7698,8.6202,11582.4,False,264.07,300.56,0,,12237.72,,False,0
1789595805,885102,THA937  ,Thailand,1789595804,1789595804,84.9937,24.424,12496.8,False,254.77,118.07,0,,13213.08,0142,False,0
1789595805,88511a,THA924  ,Thailand,1789595802,1789595803,73.5322,27.8152,12192,False,237.33,300.62,0,,12877.8,,False,0
1789595805,88510a,THA941  ,Thailand,1789595804,1789595804,96.7275,15.9133,12496.8,False,247.34,119.12,0,,13220.7,0410,False,0
1789595805,88510b,THA925  ,Thailand,1789595804,1789595804,94.0633,19.5923,12496.8,False,249.98,146.24,0,,13228.32,1735,False,0
1789595805,885116,THA955  ,Thailand,1789595804,1789595804,76.2127,30.8618,11887.2,False,273.8,126.29,0,,12519.66,,False,0
1789595805,885115,THA326  ,Thailand,1789595804,1789595804,93.276,12.297,11887.2,False,252.07,84.85,0,,,,False,0
1789595805,88516c,THA951  ,Thailand,1789595804,1789595804,95.5363,16.7751,10668,False,254.45,122.53,0,,11338.56,0715,False,0
1789595805,885156,THA350  ,Thailand,1789595804,1789595804,89.0252,22.295,11277.6,False,259.66,125.48,0,,11971.02,7272,False,0
1789595805,885177,THA921  ,Thailand,1789595804,1789595804,88.6185,21.1883,11887.2,False,248.71,116.14,0,,12611.1,7644,False,0
1789595805,885179,THA970  ,Thailand,1789595804,1789595804,75.6186,28.5618,10363.2,False,238.3,300.77,0,,10957.56,,False,0
1789595805,885170,THA950  ,Thailand,1789595800,1789595801,74.5507,27.303,9753.6,False,248.72,295.88,0,,10332.72,,False,0
1789595805,3c64f5,DLH759  ,Germany,1789595804,1789595804,79.783,13.0808,2286,False,154.34,284.08,8.78,,2286,0621,False,0
1789595805,7103d7,SVA871  ,Saudi Arabia,1789595779,1789595779,86.8547,16.8074,10363.2,False,261.77,283.87,-0.33,,11003.28,,False,0
1789595805,4246b4,AHY057  ,United Kingdom,1789595804,1789595804,76.6419,28.3232,3657.6,False,171.1,137.19,0,,3779.52,,False,0
1789595805,a9aba2,ETD9682 ,United States,1789595804,1789595804,70.7314,22.9442,11887.2,False,250.08,86.11,0,,12633.96,,False,0
1789595805,151db6,AFL284  ,Russian Federation,1789595805,1789595805,78.1034,28.8678,10668,False,266.26,146.99,0,,11277.6,,False,0
1789595805,7105ac,SVA857  ,Saudi Arabia,1789595804,1789595804,79.8431,13.4088,10355.58,False,264.81,296.42,0,,10988.04,2272,False,0
1789595805,70c13d,OMS497  ,Oman,1789595803,1789595804,83.914,23.007,10668,False,245.39,90,-0.33,,11323.32,4725,False,0
1789595805,77170d,EXV912  ,Sri Lanka,1789595804,1789595804,82.9,16.9972,10972.8,False,241.3,226.81,0,,11643.36,4702,False,0
1789595805,70c10c,OMS705  ,Oman,1789595804,1789595804,75.9522,28.0471,11285.22,False,250.26,95.78,0,,11948.16,,False,0
1789595805,70c10d,OMS783  ,Oman,1789595804,1789595804,74.4948,15.5516,11285.22,False,233.06,125.02,0.33,,11971.02,,False,0
1789595805,770453,ALK191  ,Sri Lanka,1789595798,1789595801,77.2465,25.2999,11582.4,False,233.17,358.1,-0.33,,12291.06,,False,0
1789595805,7609f0,FJL530  ,Pakistan,1789595418,1789595493,71.9534,29.6757,10965.18,False,220.92,228.78,0,,11590.02,,False,0
1789595805,70c0fe,OMA817  ,Oman,1789595803,1789595803,90.2848,17.4926,12489.18,False,241.26,108.78,-0.33,,13228.32,4760,False,0
1789595805,77058f,ALK153  ,Sri Lanka,1789595805,1789595805,79.9899,12.8413,11277.6,False,243.94,345.47,0,,11955.78,7341,False,0
1789595805,a3969c,N330JE  ,United States,1789595787,1789595787,82.8042,33.2047,,True,4.12,345.94,,,,,False,0
1789595805,88813a,HVN18   ,Viet Nam,1789595805,1789595805,96.156,21.4705,13106.4,False,243.97,101.93,0,,13837.92,7563,False,0
1789595805,706058,KAC283  ,Kuwait,1789595804,1789595804,89.2233,23.1594,8564.88,False,258.67,44.11,-11.05,,9083.04,0460,False,0
1789595805,706064,KAC364  ,Kuwait,1789595801,1789595802,78.2665,8.8568,9136.38,False,246.73,308.57,3.25,,9654.54,,False,0
1789595805,706072,KAC382  ,Kuwait,1789595804,1789595804,74.6755,28.5348,8511.54,False,204.3,271.44,3.58,,8961.12,,False,0
1789595805,7705c1,ALK402  ,Sri Lanka,1789595804,1789595804,94.9647,12.9578,11902.44,False,228.77,58.7,0,,,,False,0
1789595805,706130,JZR531  ,Kuwait,1789595758,1789595758,90.4019,23.8507,,True,0.39,53.44,,,,1433,False,0
1789595805,70612d,JZR407  ,Kuwait,1789595804,1789595804,70.0292,23.8624,10675.62,False,246.38,101.69,0,,11353.8,,False,0
1789595805,8880ad,HVN670  ,Viet Nam,1789595805,1789595805,95.1832,14.8391,10058.4,False,236.69,103.7,0,,,,False,0
1789595805,a0a9c7,N1417U  ,United States,1789595741,1789595741,82.8045,33.2037,,True,3.6,348.75,,,,,False,0
1789595805,8880e0,HVN31   ,Viet Nam,1789595805,1789595805,73.8868,27.6858,11574.78,False,239.29,299.21,-0.33,,12268.2,,False,0
1789595805,888217,VJC910  ,Viet Nam,1789595804,1789595804,92.9745,22.1813,10066.02,False,247.59,94.17,0,,10706.1,0340,False,0
1789595805,8940dc,GFA130  ,Bahrain,1789595804,1789595804,76.348,28.2291,3962.4,False,160.34,106.4,0.33,,4107.18,,False,0
1789595805,7502cd,XAX605  ,Malaysia,1789595804,1789595804,86.0543,16.5078,11887.2,False,238.47,132.64,0,,12611.1,,False,0
1789595805,76cda3,SIA302  ,Singapore,1789595798,1789595799,83.6271,21.8772,11582.4,False,248.27,311.22,0,,12275.82,2230,False,0
1789595805,76cda8,SIA314  ,Singapore,1789595804,1789595804,86.9956,19.0158,10972.8,False,259.26,312.43,0,,11635.74,0174,False,0
1789595805,76cda5,SIA304  ,Singapore,1789595797,1789595798,70.5393,31.3194,12192,False,239.53,328.97,0,,12832.08,,False,0
1789595805,76cdb5,SIA309  ,Singapore,1789595687,1789595780,88.5474,17.5943,12496.8,False,245.19,135.51,-0.33,,13213.08,4761,False,0
1789595805,76cdad,SIA352  ,Singapore,1789595804,1789595805,72.0336,31.1303,11582.4,False,245.7,311.26,-0.33,,12192,,False,0
1789595805,76cdab,,Singapore,1789595802,1789595802,71.0643,29.668,11582.4,False,242.46,318.87,0.33,,,,False,0
1789595805,8966ce,ETD402  ,United Arab Emirates,1789595805,1789595805,84.395,19.3736,11887.2,False,253.03,107.15,0,,12603.48,,False,0
1789595805,8966af,ABY496  ,United Arab Emirates,1789595740,1789595740,77.2501,13.7367,5242.56,False,195.66,122.44,-9.43,,5494.02,,False,0
1789595805,750447,MXD752  ,Malaysia,1789595804,1789595804,77.8679,29.0253,11887.2,False,256.89,129.56,0,,12550.14,,False,0
1789595805,75041f,MXD132  ,Malaysia,1789595749,1789595751,79.349,25.7605,10058.4,False,246.51,151.72,-0.33,,10652.76,,False,0
1789595805,750420,MXD181  ,Malaysia,1789595788,1789595788,96.6732,11.0249,11277.6,False,234.52,141.14,0,,11978.64,7777,False,0
1789595805,4074e3,,United Kingdom,1789595663,1789595663,74.8653,13.319,9875.52,False,244.53,277.74,4.23,,10454.64,,False,0
1789595805,750423,MXD216  ,Malaysia,1789595805,1789595805,92.1129,15.5558,11887.2,False,235.69,104.28,0,,,,False,0
1789595805,48ae00,LOT71   ,Poland,1789595722,1789595725,77.1073,28.5417,320.04,False,76.74,283.57,-3.9,,213.36,,False,0
1789595805,76ceec,SIA336  ,Singapore,1789595803,1789595803,71.0415,29.6916,9753.6,False,246.09,318.81,0,,,,False,0
1789595805,507c4c,UZB553  ,Uzbekistan,1789595735,1789595735,79.1138,26.318,12496.8,False,256.32,154.31,-0.33,,13205.46,,False,0
1789595805,75059c,MAS119  ,Malaysia,1789595803,1789595803,93.3127,12.9495,11277.6,False,229.2,135.91,0,,,,False,0
1789595805,76bcce,TGW60   ,Singapore,1789595803,1789595803,87.0217,17.0101,10972.8,False,257.08,312.4,0,,11635.74,,False,0
1789595805,86e3ec,JAL754  ,Japan,1789595804,1789595804,82.7678,17.3479,11879.58,False,250.5,50,-0.33,,12603.48,,False,0
1789595805,800b62,AXB5976 ,India,1789595804,1789595804,77.4799,28.3101,3299.46,False,130.85,23.64,-6.18,,3421.38,,False,0
1789595805,4d20f9,VJT278R ,Malta,1789595617,1789595617,71.4561,18.6242,12192,False,253.6,295.21,0,,12931.14,,False,0
1789595805,800c42,AIC2284 ,India,1789595804,1789595804,69.9744,22.988,10675.62,False,242.35,65.01,0,,11338.56,,False,0
1789595805,800c3a,LLR676  ,India,1789595804,1789595804,78.8456,27.9619,5486.4,False,129.54,306.28,0,,5753.1,,False,0
1789595805,800c4b,AIC2378 ,India,1789595801,1789595801,85.5746,20.4329,10668,False,239.89,130.04,0,,11330.94,0526,False,0
1789595805,3c68cb,BCS694  ,Germany,1789595804,1789595804,93.5351,22.5431,12496.8,False,244.88,79.47,0.33,,13251.18,0451,False,0
1789595805,71004a,SVA753  ,Saudi Arabia,1789595805,1789595805,72.6834,19.195,11582.4,False,244.52,288.02,0,,12283.44,,False,0
1789595805,4cac10,KZR931  ,Ireland,1789595804,1789595804,75.7806,31.0232,10058.4,False,250.71,133.59,0.33,,10607.04,,False,0
1789595805,710055,SVA827  ,Saudi Arabia,1789595734,1789595736,75.6774,8.9398,10363.2,False,261.12,287.9,0,,10965.18,,False,0
1789595805,710053,SVA810  ,Saudi Arabia,1789595804,1789595804,89.7605,23.6055,4450.08,False,206.9,39.35,-14.31,,4655.82,5272,False,0
1789595805,710057,SVA803  ,Saudi Arabia,1789595804,1789595804,89.6392,23.176,6682.74,False,210.61,238.48,6.5,,7040.88,4727,False,0
1789595805,70e085,SEJ905  ,Cambodia,1789595804,1789595804,80.9189,26.4396,10668,False,247.33,114.06,0,,11300.46,,False,0
1789595805,711486,RXI763  ,Saudi Arabia,1789595804,1789595805,71.2334,24.2053,11277.6,False,266.93,57.99,0,,12001.5,,False,0
1789595805,800bef,AIC2336 ,India,1789595800,1789595801,95.24,18.2352,11277.6,False,230.62,124.82,0,,11993.88,0512,False,0
1789595805,0100a4,MSR511  ,Egypt,1789595804,1789595804,96.2787,15.4357,11582.4,False,245.25,289.99,0,,12329.16,0712,False,0
1789595826,80163c,IGO1477 ,India,1789595825,1789595825,70.2792,22.843,9144,False,214.97,273.7,0,,9707.88,,False,0
1789595826,801625,AIC1ZH  ,India,1789595735,1789595735,77.7439,13.2067,998.22,False,67.91,270.43,-3.25,,952.5,,False,0
1789595826,8851ea,THA340  ,Thailand,1789595825,1789595825,94.3186,19.2872,10066.02,False,248.36,137.69,0,,,,False,0
1789595826,8851e1,THA344  ,Thailand,1789595820,1789595822,89.4062,18.8054,10058.4,False,239,109.1,0,,10675.62,0377,False,0
1789595826,8014af,IGO1486 ,India,1789595808,1789595808,75.9684,14.5448,11887.2,False,227.49,126.82,0,,12603.48,,False,0
1789595826,885282,THA911  ,Thailand,1789595826,1789595826,95.9627,16.382,11277.6,False,254.45,130.16,0,,11993.88,3461,False,0
1789595826,80174a,IGO245C ,India,1789595826,1789595826,77.3373,28.3777,1729.74,False,115.54,13.91,-3.9,,1729.74,,False,0
1789595826,80174d,VTIWT   ,India,1789595805,1789595805,77.0847,28.5613,,True,0,61.88,,,,,False,0
1789595826,801772,IGO1339 ,India,1789595823,1789595825,83.4959,12.6899,10668,False,239.28,117.12,0,,11315.7,0343,False,0
1789595826,80177d,IGO706  ,India,1789595823,1789595824,77.2464,25.5472,10355.58,False,235.64,359.12,0,,10988.04,,False,0
1789595826,885307,THA330  ,Thailand,1789595825,1789595825,94.803,14.9388,10675.62,False,235.7,103.76,0.33,,,,False,0
1789595826,05a0af,DQA341  ,Maldives,1789595633,1789595633,82.4051,16.2811,12192,False,245.41,213.89,0,,12915.9,1537,False,0
1789595826,88530a,THA338  ,Thailand,1789595826,1789595826,96.5031,13.7043,10675.62,False,239.06,76.05,0,,,,False,0
1789595826,885313,THA314  ,Thailand,1789595825,1789595825,92.8276,18.3173,10683.24,False,243.29,128.13,-0.33,,,0420,False,0
1789595826,801878,IGO1025 ,India,1789595825,1789595825,80.123,12.9726,441.96,False,112.66,249.41,2.28,,342.9,0627,False,0
1789595826,80052d,AIC8HJ  ,India,1789595824,1789595826,76.8951,8.7671,2499.36,False,138.18,3.84,8.78,,2522.22,,False,0
1789595826,3c4a08,DLH761  ,Germany,1789595825,1789595825,75.1307,29.0086,7162.8,False,227.61,319.22,5.53,,7536.18,,False,0
1789595826,80189d,AIC187  ,India,1789595825,1789595825,68.7304,22.9208,10355.58,False,251.33,272.7,0,,11018.52,,False,0
1789595826,70209f,BBC305  ,Bangladesh,1789595826,1789595826,86.9504,25.1348,10363.2,False,257.21,287.82,-0.33,,10995.66,4773,False,0
1789595826,8960ee,UAE367  ,United Arab Emirates,1789595787,1789595788,73.2794,23.0094,12192,False,250.82,265.41,0,,12923.52,,False,0
1789595826,8017a0,IGO2369 ,India,1789595825,1789595825,77.2718,28.5401,967.74,False,85.22,256.38,-4.23,,914.4,,False,0
1789595826,896111,UAE359  ,United Arab Emirates,1789595825,1789595825,81.1566,11.1964,10363.2,False,259.51,261.56,0,,10957.56,2417,False,0
1789595826,8016d7,IGO679P ,India,1789595824,1789595824,78.4503,14.5415,10363.2,False,233.59,305.86,0,,10995.66,0211,False,0
1789595826,89618a,UAE363  ,United Arab Emirates,1789595825,1789595825,69.1547,22.9288,12192,False,253.16,273.85,0,,12946.38,,False,0
1789595826,896175,UAE329  ,United Arab Emirates,1789595825,1789595825,72.8694,23.063,10363.2,False,255,266.99,0,,10988.04,,False,0
1789595826,80183b,IGO72P  ,India,1789595825,1789595825,75.5744,27.4141,8808.72,False,235.56,47.39,-10.73,,9326.88,,False,0
1789595826,80183a,IGO721  ,India,1789595791,1789595791,74.5242,16.0541,11582.4,False,237.07,335.1,0,,12283.44,,False,0
1789595826,8a0536,GIA089  ,Indonesia,1789595814,1789595814,86.1759,16.4003,10668,False,253.04,132.61,0,,11315.7,,False,0
1789595826,8018e1,IGO426L ,India,1789595825,1789595825,76.8514,26.1004,10668,False,240.44,177.67,0,,11300.46,,False,0
1789595826,a27c9e,,United States,1789595670,1789595670,82.8045,33.2037,,True,4.63,345.94,,,,,False,0
1789595826,896408,ETD498  ,United Arab Emirates,1789595826,1789595826,79.9731,12.8214,10668,False,256.2,110.33,-0.33,,11308.08,1740,False,0
1789595826,896357,ETD973  ,United Arab Emirates,1789595824,1789595824,85.6645,23.0408,12496.8,False,247.42,75.67,0,,13228.32,1764,False,0
1789595826,896327,ETD476  ,United Arab Emirates,1789595825,1789595825,77.9565,10.2942,10058.4,False,250.06,110.6,0,,10645.14,,False,0
1789595826,4bb0eb,THY45M  ,Turkey,1789595824,1789595824,96.0359,11.4196,11887.2,False,250.48,137.33,-0.33,,12603.48,5116,False,0
1789595826,4bb0fa,THY208  ,Turkey,1789595826,1789595826,96.0752,17.6372,12496.8,False,242.31,126.63,0,,13220.7,5117,False,0
1789595826,896306,UAE371  ,United Arab Emirates,1789595825,1789595826,91.8333,15.6235,10972.8,False,253.91,283.95,0,,11673.84,,False,0
1789595826,896312,UAE377  ,United Arab Emirates,1789595825,1789595825,85.0644,17.3256,10363.2,False,259.49,286.35,0,,10988.04,,False,0
1789595826,80073f,AIC302  ,India,1789595825,1789595825,82.3929,24.9634,10660.38,False,261.2,134.36,0,,11308.08,,False,0
1789595826,a33475,,United States,1789595800,1789595821,82.8022,33.2112,,True,35,181.68,0.65,,,,False,0
1789595826,780a57,CPA612  ,China,1789595826,1789595826,95.7322,13.203,12504.42,False,229.88,72.01,0.33,,,,False,0
1789595826,780a58,CPA624  ,China,1789595825,1789595825,88.4553,21.1597,11277.6,False,247.19,70.17,0.33,,11986.26,0640,False,0
1789595826,8963ec,UAE7Q   ,United Arab Emirates,1789595788,1789595788,78.6445,15.0886,11582.4,False,262.05,296.72,0,,12260.58,2133,False,0
1789595826,8963e7,UAE374  ,United Arab Emirates,1789595647,1789595647,72.7164,23.9427,11887.2,False,259.5,94.32,0,,12626.34,,False,0
1789595826,896536,ETD473  ,United Arab Emirates,1789595616,1789595616,74.974,10.248,11574.78,False,264.88,300.2,0,,12260.58,,False,0
1789595826,896535,ETD870  ,United Arab Emirates,1789595825,1789595825,88.2779,22.7265,12496.8,False,247.7,101.99,0,,13243.56,1714,False,0
1789595826,896539,ETD474  ,United Arab Emirates,1789595825,1789595825,77.579,9.2473,11277.6,False,244.95,121.95,-0.33,,11932.92,,False,0
1789595826,89647c,UAE75T  ,United Arab Emirates,1789595721,1789595721,75.2244,9.9949,12192,False,264.26,301.71,0,,12870.18,,False,0
1789595826,896496,ABY518  ,United Arab Emirates,1789595825,1789595825,78.716,26.3988,11285.22,False,249.31,79.18,0,,11971.02,,False,0
1789595826,896473,UAE319  ,United Arab Emirates,1789595826,1789595826,71.3801,22.9576,12192,False,254.39,267.45,0.33,,12931.14,,False,0
1789595826,896488,ETD401  ,United Arab Emirates,1789595824,1789595825,88.3734,18.1072,10972.8,False,260.3,288.79,-0.33,,11650.98,0711,False,0
1789595826,896451,UAE325  ,United Arab Emirates,1789595825,1789595825,72.8468,23.0484,10972.8,False,256.49,267.24,0,,11666.22,,False,0
1789595826,40688f,BAW35   ,United Kingdom,1789595825,1789595825,80.3511,13.2634,1889.76,False,135.42,169.71,-2.93,,1882.14,5715,False,0
1789595826,89642e,ABY422  ,United Arab Emirates,1789595732,1789595734,76.374,10.1502,106.68,False,76.71,87.69,-3.9,,0,,False,0
1789595826,89642d,ABY410  ,United Arab Emirates,1789595816,1789595816,76.7651,11.0598,3604.26,False,162.78,95.44,-3.58,,3741.42,,False,0
1789595826,8963a2,UAE9785 ,United Arab Emirates,1789595826,1789595826,90.9528,22.362,9753.6,False,251.09,277.42,0,,10355.58,5345,False,0
1789595826,8964fa,ETD410  ,United Arab Emirates,1789595825,1789595825,91.8815,14.3643,12496.8,False,247,135.08,-0.33,,,,False,0
1789595826,8964bf,ETD898  ,United Arab Emirates,1789595825,1789595826,87.4543,22.8341,11887.2,False,254.57,99.54,0,,12603.48,3423,False,0
1789595826,780c01,CES2052 ,China,1789595825,1789595825,90.6705,22.4948,11277.6,False,246.73,92.87,0,,12001.5,4000,False,0
1789595826,896660,FDB570  ,United Arab Emirates,1789595826,1789595826,73.9716,15.3585,10972.8,False,242.7,325.97,-0.33,,11635.74,,False,0
1789595826,89664c,ETD218  ,United Arab Emirates,1789595821,1789595824,77.1682,28.5287,624.84,False,77.36,283.85,-3.9,,541.02,,False,0
1789595826,780ab6,CPA694  ,China,1789595825,1789595825,93.1292,23.4711,11887.2,False,257.23,93.67,0,,12603.48,0513,False,0
1789595826,885963,TVJ761  ,Thailand,1789595824,1789595825,88.9725,17.9171,9456.42,False,245.65,108.43,-0.33,,10043.16,0315,False,0
1789595826,8964b0,UAE399  ,United Arab Emirates,1789595729,1789595730,83.1015,12.8867,11582.4,False,265.04,296.27,-0.33,,12260.58,,False,0
1789595826,8964c3,ETD432  ,United Arab Emirates,1789595825,1789595825,84.2154,22.9655,11277.6,False,267.28,94.42,0,,11971.02,3407,False,0
1789595826,8964a8,UAE313  ,United Arab Emirates,1789595823,1789595825,84.7809,21.9109,10363.2,False,251.44,262,0,,11003.28,6354,False,0
1789595826,76cc75,SIA402  ,Singapore,1789595825,1789595825,85.6789,18.335,10965.18,False,262.37,313.49,-0.33,,11643.36,,False,0
1789595826,507cb2,MFX7527 ,Uzbekistan,1789595826,1789595826,74.4743,31.4072,10668,False,258.08,127.87,-0.33,,11239.5,,False,0
1789595826,484cba,KLM836  ,Kingdom of the Netherlands,1789595825,1789595825,75.0401,27.1078,9144,False,248.47,289.6,0,,9669.78,,False,0
1789595826,8965f8,ABY552  ,United Arab Emirates,1789595824,1789595825,74.2841,31.6139,5600.7,False,180.95,5.71,-12.68,,5814.06,,False,0
1789595826,76cd43,SIA306  ,Singapore,1789595826,1789595826,76.5154,25.1437,10972.8,False,248.89,307.27,0,,11635.74,,False,0
1789595826,8a08b1,UBA8502 ,Indonesia,1789595512,1789595815,96.2719,17.1403,571.5,False,111.62,197.43,-6.18,,,,False,0
1789595826,89669a,ETD6RM  ,United Arab Emirates,1789595825,1789595825,77.9475,13.2021,1874.52,False,105.74,288.43,-1.3,,1874.52,,False,0
1789595826,89668b,ABY471  ,United Arab Emirates,1789595613,1789595613,80.1915,12.9986,114.3,False,72.32,248.73,-3.58,,15.24,3433,False,0
1789595826,781fd6,CSS159  ,China,1789595825,1789595825,77.9232,28.5218,3055.62,False,153.8,261.92,-4.55,,3139.44,6002,False,0
1789595826,894097,GFA122  ,Bahrain,1789595825,1789595826,68.1701,24.1257,11277.6,False,265.99,90.78,0,,12001.5,,False,0
1789595826,152036,AFL292  ,Russian Federation,1789595825,1789595825,82.3618,26.3391,11277.6,False,242.99,123.69,-1.3,,11955.78,,False,0
1789595826,89408b,GFA152  ,Bahrain,1789595826,1789595826,69.0687,24.1129,11887.2,False,255.2,90.92,0,,12618.72,,False,0
1789595826,899087,EVA095  ,Taiwan,1789595826,1789595826,77.761,29.7583,10965.18,False,232.85,309.35,0,,11582.4,0432,False,0
1789595826,89907e,EVA065  ,Taiwan,1789595825,1789595825,78.198,28.2214,10363.2,False,247.71,291.82,-0.33,,10957.56,0427,False,0
1789595826,899097,EVA062  ,Taiwan,1789595825,1789595825,89.754,20.4903,11879.58,False,261.05,126.1,-0.33,,12603.48,7112,False,0
1789595826,040143,ETH609  ,Ethiopia,1789595825,1789595825,79.9119,13.0107,9753.6,False,259.94,275.45,-0.33,,10317.48,0740,False,0
1789595826,706214,JZR406  ,Kuwait,1789595806,1789595806,75.1742,12.1982,9144,False,247.98,319.04,0,,9669.78,,False,0
1789595826,040156,ETH3290 ,Ethiopia,1789595825,1789595825,71.3165,22.9631,12496.8,False,242.35,86.11,0,,13235.94,,False,0
1789595826,040126,ETH687  ,Ethiopia,1789595825,1789595825,74.4178,28.5287,9212.58,False,190.55,272.63,5.53,,9730.74,,False,0
1789595826,8881ff,VJC1806 ,Viet Nam,1789595825,1789595825,94.4279,16.0283,10058.4,False,240.93,111.42,0,,,0374,False,0
1789595826,899017,CAL5663 ,Taiwan,1789595825,1789595825,93.7458,19.5423,10363.2,False,253.86,298.17,0,,11026.14,2630,False,0
1789595826,899013,CAL063  ,Taiwan,1789595825,1789595825,77.2587,30.2963,11582.4,False,238.92,331.72,0,,12214.86,2663,False,0
1789595826,06a376,QTR842  ,Qatar,1789595765,1789595765,81.3981,13.4677,11887.2,False,237.35,110.56,0,,12573,2127,False,0
1789595826,06a2e9,QTR982  ,Qatar,1789595826,1789595826,90.0161,22.4732,11887.2,False,254.6,97.2,-0.33,,12618.72,0365,False,0
1789595826,06a2f9,QTR838  ,Qatar,1789595825,1789595825,95.5367,16.3479,11887.2,False,249.44,115.4,-0.33,,12626.34,2144,False,0
1789595826,4ba9c8,THY62Y  ,Turkey,1789595825,1789595825,82.4313,26.9427,11887.2,False,251.96,112.95,0,,12580.62,,False,0
1789595826,06a2c7,QTR8M   ,Qatar,1789595825,1789595825,78.7076,7.3143,10363.2,False,255.78,305.26,0,,10957.56,,False,0
1789595826,8990e6,EVA071  ,Taiwan,1789595825,1789595825,79.7114,27.8826,9753.6,False,246.06,317.03,0,,10309.86,6247,False,0
1789595826,06a062,QTR807  ,Qatar,1789595825,1789595825,70.1831,22.8489,10363.2,False,252.1,273.74,0,,11026.14,,False,0
1789595826,a7a9a0,N593MA  ,United States,1789595559,1789595561,82.806,33.1948,,True,0.06,171.56,,,,,False,0
1789595826,06a072,QTR898  ,Qatar,1789595825,1789595825,78.9185,14.983,9448.8,False,261.13,116.57,0,,10005.06,2131,False,0
1789595826,39cf0f,AFR198  ,France,1789595825,1789595825,80.7851,25.5744,11887.2,False,258.41,129.43,-0.33,,12573,,False,0
1789595826,7c8064,QFA5    ,Australia,1789595825,1789595825,79.4918,15.0344,11582.4,False,257.15,345.99,0,,12268.2,1456,False,0
1789595826,407ea1,DHK037  ,United Kingdom,1789595825,1789595825,95.1992,14.8363,9753.6,False,244.8,283.86,0,,10363.2,,False,0
1789595826,80139b,AIC7FM  ,India,1789595826,1789595826,81.6171,26.1075,11285.22,False,239.19,114.53,0,,11948.16,,False,0
1789595826,406c39,VIR303  ,United Kingdom,1789595815,1789595821,71.8129,31.2267,10363.2,False,232.87,263.79,0,,10919.46,,False,0
1789595826,a9c52e,NCR521  ,United States,1789595825,1789595825,83.5187,23.0038,12496.8,False,256.6,93.22,0,,13228.32,3401,False,0
1789595826,801403,AXB135  ,India,1789595539,1789595539,77.0979,28.5623,,True,7.46,104.06,,,,,False,0
1789595826,801406,AIC112  ,India,1789595825,1789595825,74.7217,26.8166,11887.2,False,256.69,40.04,-0.33,,12603.48,,False,0
1789595826,801454,IGO6129 ,India,1789595825,1789595825,74.9203,15.0075,11894.82,False,231.88,159.07,-0.33,,12611.1,,False,0
1789595826,abcca0,N86BJ   ,United States,1789595814,1789595823,82.8044,33.2033,,True,4.37,348.75,,,,,False,0
1789595826,801435,AXB920  ,India,1789595825,1789595825,77.7628,13.1464,3474.72,False,124.2,100.98,-3.9,,3573.78,,False,0
1789595826,06a112,QTR961  ,Qatar,1789595825,1789595825,81.4501,12.281,10972.8,False,261.63,299.19,0,,11620.5,4105,False,0
1789595826,06a10b,QTR830  ,Qatar,1789595824,1789595825,81.894,18.1045,12496.8,False,246.31,108.89,0,,13213.08,,False,0
1789595826,801530,FQA321  ,India,1789595825,1789595825,76.3766,27.5762,8793.48,False,232.6,204.01,6.5,,9273.54,,False,0
1789595826,06a12a,QTR859  ,Qatar,1789595825,1789595825,86.4686,23.1522,10972.8,False,251.65,271.52,0,,11643.36,6302,False,0
1789595826,06a145,QTR837  ,Qatar,1789595826,1789595826,83.3904,17.7555,12192,False,253.13,286.41,0,,12923.52,,False,0
1789595826,406a9e,,United Kingdom,1789595825,1789595825,75.5816,15.6353,12489.18,False,234.66,135.98,0,,13228.32,,False,0
1789595826,801548,AKJ506  ,India,1789595824,1789595825,75.873,11.9855,11224.26,False,225.43,143.44,-5.53,,11894.82,,False,0
1789595826,80159f,AIC308  ,India,1789595825,1789595825,77.6145,27.8603,5890.26,False,228.29,109.62,5.85,,6149.34,,False,0
1789595826,80156e,BDA354  ,India,1789595825,1789595825,76.295,28.3967,4572,False,166.54,20.62,0.33,,4747.26,,False,0
1789595826,06a103,QTR955  ,Qatar,1789595825,1789595825,77.7268,8.6455,11582.4,False,264.33,300.66,0,,12237.72,,False,0
1789595826,885102,THA937  ,Thailand,1789595825,1789595825,85.0403,24.4012,12496.8,False,255.22,118.01,0,,13213.08,0142,False,0
1789595826,88511a,THA924  ,Thailand,1789595825,1789595825,73.4848,27.8401,12192,False,237.33,300.62,0.33,,12877.8,,False,0
1789595826,88510a,THA941  ,Thailand,1789595825,1789595825,96.7699,15.8904,12496.8,False,247.79,119.07,0,,13220.7,0410,False,0
1789595826,88510b,THA925  ,Thailand,1789595825,1789595825,94.0852,19.5498,12496.8,False,252.16,159.46,0,,13228.32,1735,False,0
1789595826,885116,THA955  ,Thailand,1789595825,1789595825,76.2613,30.8311,11887.2,False,275.54,126.42,0,,12519.66,,False,0
1789595826,885115,THA326  ,Thailand,1789595825,1789595825,93.3231,12.3012,11887.2,False,251.55,84.84,0,,,,False,0
1789595826,88516c,THA951  ,Thailand,1789595825,1789595825,95.5785,16.7491,10668,False,254.45,122.53,0,,11338.56,0715,False,0
1789595826,885156,THA350  ,Thailand,1789595825,1789595825,89.0691,22.2674,11277.6,False,259.69,123.28,0,,11971.02,7272,False,0
1789595826,885177,THA921  ,Thailand,1789595826,1789595826,88.6636,21.1675,11887.2,False,249.17,116.09,0,,12611.1,7644,False,0
1789595826,885179,THA970  ,Thailand,1789595824,1789595825,75.5758,28.5848,10363.2,False,239.46,301.47,0,,10957.56,,False,0
1789595826,885170,THA950  ,Thailand,1789595810,1789595811,74.5282,27.3128,9753.6,False,248.26,295.93,0,,10332.72,,False,0
1789595826,3c64f5,DLH759  ,Germany,1789595825,1789595825,79.7543,13.0878,2461.26,False,155.34,283.99,8.13,,2484.12,0621,False,0
1789595826,7103d7,SVA871  ,Saudi Arabia,1789595779,1789595779,86.8547,16.8074,10363.2,False,261.77,283.87,-0.33,,11003.28,,False,0
1789595826,4246b4,AHY057  ,United Kingdom,1789595825,1789595825,76.6672,28.2993,3657.6,False,171.03,136.46,0,,3779.52,,False,0
1789595826,a9aba2,ETD9682 ,United States,1789595825,1789595825,70.7837,22.9474,11887.2,False,250.56,86.23,0,,12633.96,,False,0
1789595826,151db6,AFL284  ,Russian Federation,1789595826,1789595826,78.1344,28.826,10668,False,266.26,146.99,0,,11277.6,,False,0
1789595826,7105ac,SVA857  ,Saudi Arabia,1789595825,1789595825,79.7959,13.4317,10363.2,False,264.81,296.42,-0.33,,10995.66,2272,False,0
1789595826,70c13d,OMS497  ,Oman,1789595825,1789595825,83.9657,23.0095,10660.38,False,245.82,83.75,0,,11315.7,4725,False,0
1789595826,77170d,EXV912  ,Sri Lanka,1789595818,1789595819,82.8772,16.9765,10972.8,False,240.92,226.73,0,,11643.36,4702,False,0
1789595826,70c10c,OMS705  ,Oman,1789595825,1789595825,76.0051,28.0424,11285.22,False,250.26,95.78,0,,11940.54,,False,0
1789595826,70c10d,OMS783  ,Oman,1789595826,1789595826,74.5328,15.5258,11285.22,False,233.06,125.02,0,,11971.02,,False,0
1789595826,770453,ALK191  ,Sri Lanka,1789595817,1789595817,77.245,25.3417,11582.4,False,233.17,358.1,-0.33,,12291.06,,False,0
1789595826,70c0fe,OMA817  ,Oman,1789595825,1789595825,90.3328,17.4769,12489.18,False,240.77,108.82,-0.33,,13228.32,4760,False,0
1789595826,77058f,ALK153  ,Sri Lanka,1789595826,1789595826,79.9781,12.8862,11277.6,False,243.44,345.44,0,,11948.16,7341,False,0
1789595826,a3969c,N330JE  ,United States,1789595787,1789595787,82.8042,33.2047,,True,4.12,345.94,,,,,False,0
1789595826,88813a,HVN18   ,Viet Nam,1789595826,1789595826,96.2041,21.461,13106.4,False,244.58,102.02,0.33,,13837.92,7563,False,0
1789595826,706058,KAC283  ,Kuwait,1789595825,1789595825,89.26,23.1946,8336.28,False,255.77,43.94,-10.73,,8831.58,0460,False,0
1789595826,706064,KAC364  ,Kuwait,1789595824,1789595825,78.2261,8.8888,9212.58,False,247.14,308.49,3.58,,9730.74,,False,0
1789595826,706072,KAC382  ,Kuwait,1789595825,1789595825,74.6316,28.5358,8542.02,False,206.37,271.57,1.3,,8999.22,,False,0
1789595826,7705c1,ALK402  ,Sri Lanka,1789595826,1789595826,95.0025,12.9808,11902.44,False,228.7,58.24,0,,,,False,0
1789595826,706130,JZR531  ,Kuwait,1789595758,1789595758,90.4019,23.8507,,True,0.39,53.44,,,,1433,False,0
1789595826,70612d,JZR407  ,Kuwait,1789595825,1789595825,70.0781,23.853,10675.62,False,246.38,101.69,0,,11353.8,,False,0
1789595826,70612e,,Kuwait,1789595813,1789595813,74.4044,31.4944,556.26,False,84.88,180,10.4,,,,False,0
1789595826,8880ad,HVN670  ,Viet Nam,1789595826,1789595826,95.228,14.8285,10058.4,False,236.69,103.7,0,,,,False,0
1789595826,a0a9c7,N1417U  ,United States,1789595741,1789595741,82.8045,33.2037,,True,3.6,348.75,,,,,False,0
1789595826,8880e0,HVN31   ,Viet Nam,1789595820,1789595820,73.8553,27.7014,11582.4,False,239.04,299.1,-0.33,,12252.96,,False,0
1789595826,888217,VJC910  ,Viet Nam,1789595825,1789595825,93.0241,22.1779,10073.64,False,246.56,94.19,0.33,,10706.1,0340,False,0
1789595826,8940dc,GFA130  ,Bahrain,1789595825,1789595825,76.3808,28.2206,3962.4,False,160.84,106.35,-0.33,,4099.56,,False,0
1789595826,7502cd,XAX605  ,Malaysia,1789595822,1789595823,86.0849,16.4806,11887.2,False,238.85,132.56,0,,12611.1,,False,0
1789595826,76cda3,SIA302  ,Singapore,1789595818,1789595819,83.5898,21.9076,11582.4,False,248.65,311.14,0,,12275.82,2230,False,0
1789595826,76cda8,SIA314  ,Singapore,1789595826,1789595826,86.957,19.0494,10972.8,False,258.88,312.5,0,,11635.74,0174,False,0
1789595826,76cda5,SIA304  ,Singapore,1789595825,1789595825,70.5026,31.3717,12192,False,240.24,328.93,0,,12832.08,,False,0
1789595826,76cdb5,SIA309  ,Singapore,1789595687,1789595780,88.5474,17.5943,12496.8,False,245.19,135.51,-0.33,,13213.08,4761,False,0
1789595826,76cdad,SIA352  ,Singapore,1789595826,1789595826,71.9925,31.1613,11582.4,False,244.64,311.16,0.33,,12192,,False,0
1789595826,76cdab,SIA328  ,Singapore,1789595824,1789595824,71.027,29.7052,11582.4,False,242.41,318.7,0,,12222.48,,False,0
1789595826,8966ce,ETD402  ,United Arab Emirates,1789595826,1789595826,84.4434,19.3594,11887.2,False,253.19,107.26,0,,12603.48,,False,0
1789595826,8966af,ABY496  ,United Arab Emirates,1789595740,1789595740,77.2501,13.7367,5242.56,False,195.66,122.44,-9.43,,5494.02,,False,0
1789595826,750447,MXD752  ,Malaysia,1789595825,1789595825,77.9116,28.9937,11887.2,False,256.96,129.39,0,,12550.14,,False,0
1789595826,75041f,MXD132  ,Malaysia,1789595749,1789595751,79.349,25.7605,10058.4,False,246.51,151.72,-0.33,,10652.76,,False,0
1789595826,750420,MXD181  ,Malaysia,1789595788,1789595788,96.6732,11.0249,11277.6,False,234.52,141.14,0,,11978.64,7777,False,0
1789595826,4074e3,,United Kingdom,1789595663,1789595663,74.8653,13.319,9875.52,False,244.53,277.74,4.23,,10454.64,,False,0
1789595826,750423,MXD216  ,Malaysia,1789595825,1789595826,92.1572,15.5449,11887.2,False,235.07,104.19,0,,,,False,0
1789595826,48ae00,LOT71   ,Poland,1789595722,1789595725,77.1073,28.5417,320.04,False,76.74,283.57,-3.9,,213.36,,False,0
1789595826,76ceec,SIA336  ,Singapore,1789595822,1789595822,71.0098,29.7232,9753.6,False,246.09,318.81,0,,10287,,False,0
1789595826,507c4c,UZB553  ,Uzbekistan,1789595735,1789595735,79.1138,26.318,12496.8,False,256.32,154.31,-0.33,,13205.46,,False,0
1789595826,75059c,MAS119  ,Malaysia,1789595824,1789595824,93.3446,12.9173,11277.6,False,229.56,135.82,0,,,,False,0
1789595826,76bcce,TGW60   ,Singapore,1789595811,1789595820,87.0074,17.0226,10965.18,False,257.08,312.4,0,,11628.12,,False,0
1789595826,86e3ec,JAL754  ,Japan,1789595825,1789595825,82.8052,17.3782,11887.2,False,250.5,50,-0.33,,12603.48,,False,0
1789595826,800b62,AXB5976 ,India,1789595825,1789595825,77.4913,28.3331,3131.82,False,128.76,23.8,-9.1,,3253.74,,False,0
1789595826,4d20f9,VJT278R ,Malta,1789595617,1789595617,71.4561,18.6242,12192,False,253.6,295.21,0,,12931.14,,False,0
1789595826,800c42,AIC2284 ,India,1789595825,1789595825,70.0194,23.0075,10683.24,False,241.89,64.96,0,,11346.18,,False,0
1789595826,800c3a,LLR676  ,India,1789595825,1789595825,78.8236,27.9763,5486.4,False,129.54,306.28,0,,5753.1,,False,0
1789595826,800c4b,AIC2378 ,India,1789595816,1789595817,85.6012,20.4119,10668,False,239.89,130.04,0.33,,11330.94,0526,False,0
1789595826,3c68cb,BCS694  ,Germany,1789595825,1789595825,93.5839,22.5515,12496.8,False,244.88,79.47,0.33,,13251.18,0451,False,0
1789595826,71004a,SVA753  ,Saudi Arabia,1789595825,1789595826,72.6386,19.2089,11582.4,False,244.52,288.02,-0.33,,12283.44,,False,0
1789595826,4cac10,KZR931  ,Ireland,1789595824,1789595825,75.8188,30.9922,10066.02,False,247.41,133.82,-1.3,,10614.66,,False,0
1789595826,710055,SVA827  ,Saudi Arabia,1789595734,1789595736,75.6774,8.9398,10363.2,False,261.12,287.9,0,,10965.18,,False,0
1789595826,710053,SVA810  ,Saudi Arabia,1789595825,1789595825,89.7875,23.636,4145.28,False,203.68,39.16,-14.31,,4328.16,5272,False,0
1789595826,710057,SVA803  ,Saudi Arabia,1789595825,1789595826,89.6013,23.1562,6827.52,False,211.66,243.12,7.48,,7193.28,4727,False,0
1789595826,70e085,SEJ905  ,Cambodia,1789595824,1789595825,80.9644,26.4212,10668,False,247.33,114.06,0,,11300.46,,False,0
1789595826,711486,RXI763  ,Saudi Arabia,1789595818,1789595825,71.2648,24.2233,11277.6,False,267.09,58.15,-0.33,,12001.5,,False,0
1789595826,800bef,AIC2336 ,India,1789595800,1789595801,95.24,18.2352,11277.6,False,230.62,124.82,0,,11993.88,0512,False,0
1789595826,0100a4,MSR511  ,Egypt,1789595825,1789595826,96.2337,15.4515,11582.4,False,247.05,290.1,-0.33,,12329.16,0712,False,0
1789595849,80163c,IGO1477 ,India,1789595848,1789595848,70.2319,22.8459,9144,False,214.97,273.7,0.33,,9707.88,,False,0
1789595849,801625,AIC1ZH  ,India,1789595735,1789595735,77.7439,13.2067,998.22,False,67.91,270.43,-3.25,,952.5,,False,0
1789595849,8851ea,THA340  ,Thailand,1789595848,1789595848,94.3556,19.2486,10058.4,False,247.64,137.69,0,,,,False,0
1789595849,8851e1,THA344  ,Thailand,1789595839,1789595846,89.4467,18.7921,10050.78,False,238.51,109.14,0,,10668,0377,False,0
1789595849,8014af,IGO1486 ,India,1789595843,1789595844,76.0275,14.5017,11887.2,False,227.18,126.71,-0.33,,12603.48,,False,0
1789595849,885282,THA911  ,Thailand,1789595849,1789595849,96.002,16.3456,11277.6,False,253.55,134.92,0,,11993.88,3461,False,0
1789595849,80174a,IGO245C ,India,1789595849,1789595849,77.3438,28.4007,1638.3,False,112.92,13.97,-3.9,,1630.68,,False,0
1789595849,80174d,VTIWT   ,India,1789595805,1789595805,77.0847,28.5613,,True,0,61.88,,,,,False,0
1789595849,801772,IGO1339 ,India,1789595835,1789595835,83.5187,12.6785,10668,False,238.59,117.06,0,,11315.7,0343,False,0
1789595849,80177d,IGO706  ,India,1789595845,1789595845,77.2456,25.5942,10347.96,False,235.64,359.25,0,,10980.42,,False,0
1789595849,885307,THA330  ,Thailand,1789595848,1789595848,94.8518,14.9272,10675.62,False,235.2,103.79,0.33,,,,False,0
1789595849,05a0af,DQA341  ,Maldives,1789595633,1789595633,82.4051,16.2811,12192,False,245.41,213.89,0,,12915.9,1537,False,0
1789595849,88530a,THA338  ,Thailand,1789595848,1789595848,96.5523,13.7161,10668,False,238.44,76.14,0,,,,False,0
1789595849,885313,THA314  ,Thailand,1789595848,1789595848,92.8691,18.2861,10675.62,False,242.8,128.38,0,,,0420,False,0
1789595849,801878,IGO1025 ,India,1789595847,1789595848,80.099,12.9641,632.46,False,125.97,249.94,12.68,,533.4,0627,False,0
1789595849,80052d,AIC8HJ  ,India,1789595849,1789595849,76.8972,8.7982,2659.38,False,144.38,3.88,5.2,,2651.76,,False,0
1789595849,3c4a08,DLH761  ,Germany,1789595847,1789595848,75.0954,29.044,7284.72,False,228.86,318.46,5.2,,7665.72,,False,0
1789595849,80189d,AIC187  ,India,1789595848,1789595848,68.6742,22.9233,10355.58,False,251.84,272.69,0,,11018.52,,False,0
1789595849,70209f,BBC305  ,Bangladesh,1789595848,1789595848,86.8944,25.1511,10355.58,False,256.57,287.74,-0.33,,10988.04,4773,False,0
1789595849,8960ee,UAE367  ,United Arab Emirates,1789595840,1789595845,73.1501,22.9997,12192,False,249.84,265.28,0,,12931.14,,False,0
1789595849,8017a0,IGO2369 ,India,1789595845,1789595848,77.2553,28.5363,883.92,False,81.6,256.14,-2.93,,822.96,,False,0
1789595849,896111,UAE359  ,United Arab Emirates,1789595843,1789595844,81.115,11.1904,10363.2,False,260.02,261.58,0,,10957.56,2417,False,0
1789595849,8016d7,IGO679P ,India,1789595846,1789595847,78.4098,14.57,10363.2,False,235.86,305.77,0,,10995.66,0211,False,0
1789595849,89618a,UAE363  ,United Arab Emirates,1789595847,1789595848,69.099,22.9322,12192,False,253.64,273.72,0,,12946.38,,False,0
1789595849,896175,UAE329  ,United Arab Emirates,1789595838,1789595838,72.8371,23.0614,10363.2,False,255,266.99,0,,10988.04,,False,0
1789595849,80183b,IGO72P  ,India,1789595848,1789595848,75.6154,27.4466,8580.12,False,233.22,48.4,-9.75,,9075.42,,False,0
1789595849,80183a,IGO721  ,India,1789595791,1789595791,74.5242,16.0541,11582.4,False,237.07,335.1,0,,12283.44,,False,0
1789595849,8a0536,GIA089  ,Indonesia,1789595830,1789595830,86.2026,16.3765,10668,False,252.31,132.6,0,,11315.7,,False,0
1789595849,8018e1,IGO426L ,India,1789595849,1789595849,76.8538,26.0497,10668,False,239.46,177.41,0,,11300.46,,False,0
1789595849,a27c9e,,United States,1789595670,1789595670,82.8045,33.2037,,True,4.63,345.94,,,,,False,0
1789595849,896214,UAE3PX  ,United Arab Emirates,1789595844,1789595847,73.7655,23.1291,10363.2,False,251.92,266.96,0,,11003.28,,False,0
1789595849,896408,ETD498  ,United Arab Emirates,1789595849,1789595849,80.0238,12.803,10660.38,False,256.5,110.18,0,,11300.46,1740,False,0
1789595849,896357,ETD973  ,United Arab Emirates,1789595848,1789595848,85.7186,23.0537,12496.8,False,247.55,75.56,0,,13228.32,1764,False,0
1789595849,896327,ETD476  ,United Arab Emirates,1789595846,1789595846,78.0001,10.2779,10058.4,False,250.24,110.71,0,,10645.14,,False,0
1789595849,4bb0eb,THY45M  ,Turkey,1789595848,1789595848,96.0721,11.3809,11887.2,False,250.48,137.33,0,,12603.48,5116,False,0
1789595849,4bb0fa,THY208  ,Turkey,1789595849,1789595849,96.1175,17.607,12496.8,False,241.89,126.7,0,,13220.7,5117,False,0
1789595849,896306,UAE371  ,United Arab Emirates,1789595848,1789595848,91.781,15.636,10972.8,False,253.79,283.84,0,,11673.84,,False,0
1789595849,896312,UAE377  ,United Arab Emirates,1789595849,1789595849,85.0099,17.341,10363.2,False,259.98,286.32,0,,10988.04,,False,0
1789595849,80073f,AIC302  ,India,1789595848,1789595848,82.4343,24.9264,10668,False,262.29,134.44,0,,11315.7,,False,0
1789595849,a33475,,United States,1789595800,1789595847,82.8022,33.2112,,True,38.1,182.32,1.63,,,,False,0
1789595849,780a57,CPA612  ,China,1789595848,1789595848,95.7786,13.2178,12496.8,False,230.2,71.77,-0.33,,,,False,0
1789595849,780a58,CPA624  ,China,1789595848,1789595848,88.5062,21.1769,11277.6,False,246.04,70.2,0,,11986.26,0640,False,0
1789595849,8963ec,UAE7Q   ,United Arab Emirates,1789595788,1789595788,78.6445,15.0886,11582.4,False,262.05,296.72,0,,12260.58,2133,False,0
1789595849,8963e7,UAE374  ,United Arab Emirates,1789595647,1789595647,72.7164,23.9427,11887.2,False,259.5,94.32,0,,12626.34,,False,0
1789595849,896536,ETD473  ,United Arab Emirates,1789595616,1789595616,74.974,10.248,11574.78,False,264.88,300.2,0,,12260.58,,False,0
1789595849,896535,ETD870  ,United Arab Emirates,1789595848,1789595848,88.3325,22.7158,12496.8,False,247.7,101.99,0,,13243.56,1714,False,0
1789595849,896539,ETD474  ,United Arab Emirates,1789595848,1789595848,77.6232,9.2199,11277.6,False,245.23,122.06,0,,11932.92,,False,0
1789595849,89647c,UAE75T  ,United Arab Emirates,1789595721,1789595721,75.2244,9.9949,12192,False,264.26,301.71,0,,12870.18,,False,0
1789595849,896496,ABY518  ,United Arab Emirates,1789595846,1789595848,78.7654,26.4074,11277.6,False,248.8,79.15,0,,11963.4,,False,0
1789595849,896473,UAE319  ,United Arab Emirates,1789595848,1789595849,71.3251,22.9552,12192,False,254.41,267.33,0,,12931.14,,False,0
1789595849,896488,ETD401  ,United Arab Emirates,1789595849,1789595849,88.3172,18.1256,10965.18,False,259.97,288.94,0,,11643.36,0711,False,0
1789595849,896451,UAE325  ,United Arab Emirates,1789595845,1789595845,72.7964,23.0461,10972.8,False,256.49,267.24,0,,11666.22,,False,0
1789595849,40688f,BAW35   ,United Kingdom,1789595848,1789595849,80.3562,13.2364,1805.94,False,127.55,169.78,-4.55,,1790.7,5715,False,0
1789595849,89642e,ABY422  ,United Arab Emirates,1789595732,1789595734,76.374,10.1502,106.68,False,76.71,87.69,-3.9,,0,,False,0
1789595849,89642d,ABY410  ,United Arab Emirates,1789595840,1789595840,76.7997,11.0565,3520.44,False,151.98,95.63,-3.25,,3657.6,,False,0
1789595849,8963a2,UAE9785 ,United Arab Emirates,1789595849,1789595849,90.8965,22.3688,9753.6,False,251.09,277.42,0,,10363.2,5345,False,0
1789595849,8964fa,ETD410  ,United Arab Emirates,1789595848,1789595848,91.9185,14.328,12489.18,False,247,135.08,0.33,,,,False,0
1789595849,8964bf,ETD898  ,United Arab Emirates,1789595848,1789595848,87.5107,22.8254,11887.2,False,255.08,99.52,-0.33,,12603.48,3423,False,0
1789595849,780c01,CES2052 ,China,1789595848,1789595848,90.7257,22.4922,11277.6,False,246.73,92.87,0,,12001.5,4000,False,0
1789595849,896660,FDB570  ,United Arab Emirates,1789595848,1789595848,73.9436,15.399,10972.8,False,242.42,326.07,-0.65,,11635.74,,False,0
1789595849,89664c,ETD218  ,United Arab Emirates,1789595841,1789595841,77.1524,28.5321,548.64,False,77.36,283.85,-3.9,,510.54,,False,0
1789595849,780ab6,CPA694  ,China,1789595848,1789595848,93.1871,23.4676,11887.2,False,256.72,93.68,0,,12603.48,0513,False,0
1789595849,885963,TVJ761  ,Thailand,1789595824,1789595846,88.9725,17.9171,9456.42,False,244.67,108.51,0,,10043.16,0315,False,0
1789595849,8964b0,UAE399  ,United Arab Emirates,1789595729,1789595730,83.1015,12.8867,11582.4,False,265.04,296.27,-0.33,,12260.58,,False,0
1789595849,8964c3,ETD432  ,United Arab Emirates,1789595847,1789595848,84.2725,22.9612,11277.6,False,267.36,94.64,-0.33,,11971.02,3407,False,0
1789595849,8964a8,UAE313  ,United Arab Emirates,1789595848,1789595848,84.7219,21.9033,10363.2,False,251.37,262.12,0,,11003.28,6354,False,0
1789595849,76cc75,SIA402  ,Singapore,1789595846,1789595848,85.6406,18.3696,10965.18,False,262.37,313.49,0.33,,11643.36,,False,0
1789595849,507cb2,MFX7527 ,Uzbekistan,1789595847,1789595847,74.5195,31.3771,10660.38,False,258.08,127.87,0,,11239.5,,False,0
1789595849,484cba,KLM836  ,Kingdom of the Netherlands,1789595848,1789595848,74.9867,27.1249,9144,False,248.64,289.71,0.33,,9669.78,,False,0
1789595849,8965f8,ABY552  ,United Arab Emirates,1789595848,1789595848,74.287,31.6535,5356.86,False,179.13,358.03,-9.43,,5753.1,,False,0
1789595849,76cd43,SIA306  ,Singapore,1789595849,1789595849,76.4707,25.1746,10972.8,False,248.89,307.27,0,,11635.74,,False,0
1789595849,8a08b1,UBA8502 ,Indonesia,1789595512,1789595839,96.2719,17.1403,571.5,False,111.62,197.43,-6.18,,,,False,0
1789595849,89669a,ETD6RM  ,United Arab Emirates,1789595848,1789595848,77.9253,13.2047,1844.04,False,105.64,273.35,-1.3,,1844.04,,False,0
1789595849,89668b,ABY471  ,United Arab Emirates,1789595613,1789595613,80.1915,12.9986,114.3,False,72.32,248.73,-3.58,,15.24,3433,False,0
1789595849,781fd6,CSS159  ,China,1789595848,1789595848,77.8896,28.5175,3055.62,False,142.17,261.05,0.33,,3131.82,6002,False,0
1789595849,894097,GFA122  ,Bahrain,1789595848,1789595848,68.232,24.125,11277.6,False,266.5,90.66,-0.33,,12001.5,,False,0
1789595849,152036,AFL292  ,Russian Federation,1789595848,1789595848,82.4086,26.3109,11277.6,False,243.27,123.79,0,,11955.78,,False,0
1789595849,89408b,GFA152  ,Bahrain,1789595849,1789595849,69.1261,24.1121,11887.2,False,255.2,90.92,-0.33,,12611.1,,False,0
1789595849,899087,EVA095  ,Taiwan,1789595849,1789595849,77.7178,29.7892,10965.18,False,233.18,309.45,-0.33,,11574.78,0432,False,0
1789595849,89907e,EVA065  ,Taiwan,1789595848,1789595848,78.1447,28.2403,10355.58,False,248,291.67,0,,10949.94,0427,False,0
1789595849,899097,EVA062  ,Taiwan,1789595846,1789595846,89.7962,20.4614,11879.58,False,260.33,126.08,0,,12611.1,7112,False,0
1789595849,040143,ETH609  ,Ethiopia,1789595848,1789595848,79.8569,13.0158,9745.98,False,259.94,275.45,0.33,,10317.48,0740,False,0
1789595849,706214,JZR406  ,Kuwait,1789595806,1789595806,75.1742,12.1982,9144,False,247.98,319.04,0,,9669.78,,False,0
1789595849,040156,ETH3290 ,Ethiopia,1789595848,1789595848,71.3721,22.9665,12496.8,False,242.83,86.23,0,,13235.94,,False,0
1789595849,040126,ETH687  ,Ethiopia,1789595847,1789595847,74.3751,28.5304,9342.12,False,190.52,272.48,6.83,,9867.9,,False,0
1789595849,8881ff,VJC1806 ,Viet Nam,1789595848,1789595848,94.4754,16.0103,10058.4,False,240.93,111.42,0,,,0374,False,0
1789595849,899017,CAL5663 ,Taiwan,1789595848,1789595848,93.6979,19.5666,10363.2,False,253.86,298.17,0,,11026.14,2630,False,0
1789595849,899013,CAL063  ,Taiwan,1789595848,1789595848,77.2295,30.3384,11582.4,False,236.14,326.55,0.33,,12214.86,2663,False,0
1789595849,06a376,QTR842  ,Qatar,1789595839,1789595839,81.5506,13.4114,11887.2,False,237.35,110.56,0,,12573,2127,False,0
1789595849,06a2e9,QTR982  ,Qatar,1789595849,1789595849,90.072,22.4667,11879.58,False,254.6,97.2,0,,12611.1,0365,False,0
1789595849,06a2f9,QTR838  ,Qatar,1789595848,1789595848,95.5848,16.3256,11887.2,False,249.42,115.67,0.33,,12633.96,2144,False,0
1789595849,4ba9c8,THY62Y  ,Turkey,1789595849,1789595849,82.4847,26.9225,11887.2,False,251.76,112.85,0,,12580.62,,False,0
1789595849,06a2c7,QTR8M   ,Qatar,1789595848,1789595848,78.6625,7.3462,10363.2,False,255.78,305.26,0,,10957.56,,False,0
1789595849,8990e6,EVA071  ,Taiwan,1789595848,1789595848,79.6717,27.9205,9753.6,False,245.69,316.95,0,,10309.86,6247,False,0
1789595849,06a062,QTR807  ,Qatar,1789595848,1789595848,70.127,22.8523,10363.2,False,252.1,273.74,0,,11026.14,,False,0
1789595849,a7a9a0,N593MA  ,United States,1789595559,1789595561,82.806,33.1948,,True,0.06,171.56,,,,,False,0
1789595849,06a072,QTR898  ,Qatar,1789595847,1789595848,78.9672,14.9593,9448.8,False,261.13,116.57,0,,10005.06,2131,False,0
1789595849,39cf0f,AFR198  ,France,1789595849,1789595849,80.8314,25.5399,11887.2,False,258.41,129.43,0,,12573,,False,0
1789595849,7c8064,QFA5    ,Australia,1789595847,1789595848,79.4789,15.0846,11574.78,False,256.65,345.96,-0.33,,12260.58,1456,False,0
1789595849,407ea1,DHK037  ,United Kingdom,1789595848,1789595848,95.1489,14.8483,9753.6,False,245.3,283.83,0,,10363.2,,False,0
1789595849,80139b,AIC7FM  ,India,1789595848,1789595849,81.6664,26.0872,11285.22,False,238.25,114.63,0,,11948.16,,False,0
1789595849,406c39,VIR303  ,United Kingdom,1789595849,1789595849,71.7319,31.2192,10363.2,False,232.41,263.65,-0.65,,10911.84,,False,0
1789595849,a9c52e,NCR521  ,United States,1789595848,1789595848,83.5759,23.0008,12496.8,False,256.08,93.22,0,,13228.32,3401,False,0
1789595849,801403,AXB135  ,India,1789595539,1789595539,77.0979,28.5623,,True,7.46,104.06,,,,,False,0
1789595849,801406,AIC112  ,India,1789595848,1789595848,74.7598,26.8572,11887.2,False,256.3,40.11,0,,12603.48,,False,0
1789595849,801454,IGO6129 ,India,1789595846,1789595847,74.9368,14.9653,11894.82,False,231.88,159.07,0,,12611.1,,False,0
1789595849,abcca0,N86BJ   ,United States,1789595845,1789595846,82.8042,33.2045,,True,3.6,345.94,,,,,False,0
1789595849,801435,AXB920  ,India,1789595848,1789595848,77.7885,13.1417,3352.8,False,122.08,100.93,-5.85,,3459.48,,False,0
1789595849,06a112,QTR961  ,Qatar,1789595840,1789595849,81.4186,12.2983,10972.8,False,261.83,299.03,0,,11620.5,4105,False,0
1789595849,06a10b,QTR830  ,Qatar,1789595848,1789595848,81.9463,18.0873,12496.8,False,246.31,108.89,0,,13205.46,,False,0
1789595849,801530,FQA321  ,India,1789595848,1789595848,76.3547,27.5324,8930.64,False,233.75,204.03,5.85,,9441.18,,False,0
1789595849,06a12a,QTR859  ,Qatar,1789595848,1789595848,86.4134,23.1536,10972.8,False,251.14,271.53,0,,11643.36,6302,False,0
1789595849,06a145,QTR837  ,Qatar,1789595848,1789595848,83.339,17.7701,12192,False,254.26,286.45,-0.33,,12915.9,,False,0
1789595849,406a9e,BAW119  ,United Kingdom,1789595848,1789595849,75.6158,15.6009,12489.18,False,234.66,135.98,0,,13235.94,,False,0
1789595849,801548,AKJ506  ,India,1789595848,1789595848,75.9017,11.9473,11102.34,False,224.41,143.58,-4.55,,11772.9,,False,0
1789595849,80159f,AIC308  ,India,1789595848,1789595848,77.662,27.8403,6027.42,False,231.43,121.64,5.85,,6294.12,,False,0
1789595849,80156e,BDA354  ,India,1789595849,1789595849,76.3101,28.4291,4564.38,False,165.84,29.35,-3.25,,4747.26,,False,0
1789595849,06a103,QTR955  ,Qatar,1789595848,1789595848,77.68,8.6731,11582.4,False,263.63,300.62,0,,12237.72,,False,0
1789595849,885102,THA937  ,Thailand,1789595848,1789595848,85.0912,24.3764,12496.8,False,255.47,118.11,0,,13213.08,0142,False,0
1789595849,88511a,THA924  ,Thailand,1789595848,1789595848,73.4373,27.8651,12192,False,236.63,300.58,0,,12877.8,,False,0
1789595849,88510a,THA941  ,Thailand,1789595848,1789595848,96.8161,15.8655,12496.8,False,248.94,119.05,0,,13220.7,0410,False,0
1789595849,88510b,THA925  ,Thailand,1789595848,1789595848,94.1083,19.5032,12489.18,False,250.04,148.63,0.33,,13228.32,1735,False,0
1789595849,885116,THA955  ,Thailand,1789595848,1789595848,76.3105,30.7948,11887.2,False,271.37,135.15,0,,12527.28,,False,0
1789595849,885115,THA326  ,Thailand,1789595848,1789595848,93.3762,12.3058,11887.2,False,252.07,84.85,0,,,,False,0
1789595849,88516c,THA951  ,Thailand,1789595848,1789595848,95.6254,16.7202,10668,False,254.73,122.63,0,,11338.56,0715,False,0
1789595849,885156,THA350  ,Thailand,1789595848,1789595848,89.1173,22.2381,11277.6,False,258.84,123,0,,11971.02,7272,False,0
1789595849,885177,THA921  ,Thailand,1789595848,1789595849,88.7129,21.1449,11887.2,False,249.17,116.09,0,,12611.1,7644,False,0
1789595849,885179,THA970  ,Thailand,1789595848,1789595848,75.527,28.6114,10363.2,False,240.1,301.95,0,,10957.56,,False,0
1789595849,885170,THA950  ,Thailand,1789595844,1789595848,74.4536,27.3452,9753.6,False,248.72,295.88,0,,10332.72,,False,0
1789595849,3c64f5,DLH759  ,Germany,1789595848,1789595848,79.722,13.0957,2659.38,False,155.96,284.13,9.43,,2689.86,0621,False,0
1789595849,7103d7,SVA871  ,Saudi Arabia,1789595836,1789595842,86.718,16.8397,10355.58,False,260.15,283.84,0.33,,10995.66,,False,0
1789595849,4246b4,AHY057  ,United Kingdom,1789595848,1789595848,76.695,28.2736,3657.6,False,171.01,136.22,0,,3779.52,,False,0
1789595849,a9aba2,ETD9682 ,United States,1789595848,1789595848,70.8386,22.9508,11887.2,False,250.05,86.23,0,,12633.96,,False,0
1789595849,151db6,AFL284  ,Russian Federation,1789595849,1789595849,78.1688,28.7795,10668,False,266.54,146.89,0,,11277.6,,False,0
1789595849,7105ac,SVA857  ,Saudi Arabia,1789595848,1789595848,79.7461,13.4559,10363.2,False,264.12,296.37,-0.33,,10988.04,2272,False,0
1789595849,70c13d,OMS497  ,Oman,1789595847,1789595848,84.0192,23.0177,10660.38,False,245.62,79.87,-0.33,,11315.7,4725,False,0
1789595849,77170d,EXV912  ,Sri Lanka,1789595847,1789595847,82.8299,16.9337,10972.8,False,240.92,226.73,0,,11643.36,4702,False,0
1789595849,70c10c,OMS705  ,Oman,1789595848,1789595848,76.0637,28.0371,11285.22,False,250.78,95.77,-0.33,,11940.54,,False,0
1789595849,70c10d,OMS783  ,Oman,1789595848,1789595849,74.5729,15.4985,11292.84,False,233.36,125.13,0,,11978.64,,False,0
1789595849,770453,ALK191  ,Sri Lanka,1789595838,1789595838,77.2433,25.3842,11582.4,False,233.17,358.1,0,,12291.06,,False,0
1789595849,70c0fe,OMA817  ,Oman,1789595848,1789595848,90.3828,17.4605,12489.18,False,240.29,108.86,0,,13228.32,4760,False,0
1789595849,77058f,ALK153  ,Sri Lanka,1789595849,1789595849,79.9652,12.9347,11277.6,False,242.44,345.37,0,,11955.78,7341,False,0
1789595849,a3969c,N330JE  ,United States,1789595787,1789595787,82.8042,33.2047,,True,4.12,345.94,,,,,False,0
1789595849,88813a,HVN18   ,Viet Nam,1789595848,1789595849,96.2572,21.4505,13106.4,False,244.97,101.88,-0.33,,13837.92,7563,False,0
1789595849,706058,KAC283  ,Kuwait,1789595848,1789595848,89.2997,23.2326,8092.44,False,252.13,43.93,-9.75,,8572.5,0460,False,0
1789595849,706064,KAC364  ,Kuwait,1789595847,1789595847,78.1857,8.9208,9296.4,False,247.14,308.49,3.58,,9829.8,,False,0
1789595849,706072,KAC382  ,Kuwait,1789595847,1789595848,74.5832,28.5369,8580.12,False,211,271.54,2.28,,9044.94,,False,0
1789595849,7705c1,ALK402  ,Sri Lanka,1789595848,1789595848,95.0433,13.0053,11894.82,False,228.6,58.53,-0.33,,,,False,0
1789595849,706130,JZR531  ,Kuwait,1789595758,1789595758,90.4019,23.8507,,True,0.39,53.44,,,,1433,False,0
1789595849,70612d,JZR407  ,Kuwait,1789595848,1789595848,70.1331,23.8426,10668,False,245.88,101.71,-0.33,,11346.18,,False,0
1789595849,70612e,JZR502  ,Kuwait,1789595845,1789595845,74.4039,31.4675,830.58,False,101.35,180.58,7.15,,769.62,,False,0
1789595849,8880ad,HVN670  ,Viet Nam,1789595849,1789595849,95.2765,14.817,10058.4,False,236.69,103.7,0,,,,False,0
1789595849,a0a9c7,N1417U  ,United States,1789595741,1789595741,82.8045,33.2037,,True,3.6,348.75,,,,,False,0
1789595849,8880e0,HVN31   ,Viet Nam,1789595848,1789595848,73.795,27.7311,11582.4,False,238.79,298.99,0,,12260.58,,False,0
1789595849,888217,VJC910  ,Viet Nam,1789595848,1789595848,93.0784,22.1741,10073.64,False,246.56,94.19,0,,10706.1,0340,False,0
1789595849,8940dc,GFA130  ,Bahrain,1789595848,1789595849,76.4171,28.2112,3962.4,False,159.85,106.45,0,,4099.56,,False,0
1789595849,7502cd,XAX605  ,Malaysia,1789595822,1789595826,86.0849,16.4806,11887.2,False,238.85,132.56,-0.33,,12611.1,,False,0
1789595849,76cda3,SIA302  ,Singapore,1789595832,1789595833,83.5656,21.9274,11582.4,False,248.99,311.23,0,,12275.82,2230,False,0
1789595849,76cda8,SIA314  ,Singapore,1789595848,1789595848,86.9172,19.084,10972.8,False,258.16,312.5,0,,11635.74,0174,False,0
1789595849,76cda5,SIA304  ,Singapore,1789595847,1789595848,70.4743,31.412,12192,False,239.53,328.97,0,,12824.46,,False,0
1789595849,76cdb5,SIA309  ,Singapore,1789595687,1789595780,88.5474,17.5943,12496.8,False,245.19,135.51,-0.33,,13213.08,4761,False,0
1789595849,76cdad,SIA352  ,Singapore,1789595849,1789595849,71.9483,31.1947,11582.4,False,243.86,311.32,0,,12192,,False,0
1789595849,76cdab,SIA328  ,Singapore,1789595847,1789595848,70.9902,29.7418,11582.4,False,243.14,318.69,0,,12222.48,,False,0
1789595849,8966ce,ETD402  ,United Arab Emirates,1789595849,1789595849,84.496,19.3439,11887.2,False,252.88,107.03,0,,12595.86,,False,0
1789595849,8966af,ABY496  ,United Arab Emirates,1789595740,1789595740,77.2501,13.7367,5242.56,False,195.66,122.44,-9.43,,5494.02,,False,0
1789595849,750447,MXD752  ,Malaysia,1789595848,1789595848,77.9573,28.9606,11887.2,False,257.28,129.48,0,,12550.14,,False,0
1789595849,75041f,MXD132  ,Malaysia,1789595749,1789595751,79.349,25.7605,10058.4,False,246.51,151.72,-0.33,,10652.76,,False,0
1789595849,750420,MXD181  ,Malaysia,1789595788,1789595788,96.6732,11.0249,11277.6,False,234.52,141.14,0,,11978.64,7777,False,0
1789595849,4074e3,,United Kingdom,1789595663,1789595663,74.8653,13.319,9875.52,False,244.53,277.74,4.23,,10454.64,,False,0
1789595849,750423,MXD216  ,Malaysia,1789595849,1789595849,92.2062,15.5329,11887.2,False,235.2,104.31,0,,,,False,0
1789595849,48ae00,LOT71   ,Poland,1789595722,1789595725,77.1073,28.5417,320.04,False,76.74,283.57,-3.9,,213.36,,False,0
1789595849,76ceec,SIA336  ,Singapore,1789595839,1789595841,70.9816,29.7512,9753.6,False,245.31,318.66,0,,10287,,False,0
1789595849,507c4c,UZB553  ,Uzbekistan,1789595848,1789595848,79.2397,26.0821,12489.18,False,257.47,154.31,-0.33,,13205.46,,False,0
1789595849,75059c,MAS119  ,Malaysia,1789595848,1789595848,93.378,12.882,11277.6,False,229.62,141.64,0,,,,False,0
1789595849,76bcce,TGW60   ,Singapore,1789595811,1789595820,87.0074,17.0226,10965.18,False,257.08,312.4,0,,11628.12,,False,0
1789595849,86e3ec,JAL754  ,Japan,1789595848,1789595848,82.8469,17.4117,11887.2,False,250.5,50,-0.33,,12603.48,,False,0
1789595849,800b62,AXB5976 ,India,1789595848,1789595848,77.5017,28.3576,2926.08,False,126.9,19.17,-9.43,,3025.14,,False,0
1789595849,4d20f9,VJT278R ,Malta,1789595617,1789595617,71.4561,18.6242,12192,False,253.6,295.21,0,,12931.14,,False,0
1789595849,800c42,AIC2284 ,India,1789595848,1789595848,70.0688,23.0287,10675.62,False,241.67,65.07,0,,11338.56,,False,0
1789595849,800c3a,LLR676  ,India,1789595848,1789595848,78.7987,27.9925,5486.4,False,129.54,306.28,0,,5753.1,,False,0
1789595849,800c4b,AIC2378 ,India,1789595836,1789595839,85.637,20.3836,10675.62,False,239.89,130.04,0.33,,11330.94,0526,False,0
1789595849,3c68cb,BCS694  ,Germany,1789595848,1789595848,93.6367,22.5606,12496.8,False,245.39,79.49,0,,13251.18,0451,False,0
1789595849,71004a,SVA753  ,Saudi Arabia,1789595847,1789595847,72.5901,19.2239,11582.4,False,244.68,288.13,0,,12283.44,,False,0
1789595849,4cac10,KZR931  ,Ireland,1789595848,1789595848,75.8636,30.9554,10058.4,False,248.88,133.66,0,,10607.04,,False,0
1789595849,710055,SVA827  ,Saudi Arabia,1789595734,1789595736,75.6774,8.9398,10363.2,False,261.12,287.9,0,,10965.18,,False,0
1789595849,710053,SVA810  ,Saudi Arabia,1789595848,1789595848,89.8165,23.6689,3817.62,False,200.54,38.75,-11.7,,3985.26,5272,False,0
1789595849,710057,SVA803  ,Saudi Arabia,1789595849,1789595849,89.5572,23.1383,6995.16,False,213.71,248.69,3.58,,7368.54,4727,False,0
1789595849,70e085,SEJ905  ,Cambodia,1789595848,1789595848,81.0178,26.3998,10668,False,247.33,114.06,0,,11300.46,,False,0
1789595849,711486,RXI763  ,Saudi Arabia,1789595848,1789595848,71.3323,24.2618,11277.6,False,267.37,58.05,-0.33,,12001.5,,False,0
1789595849,800bef,AIC2336 ,India,1789595800,1789595801,95.24,18.2352,11277.6,False,230.62,124.82,0,,11993.88,0512,False,0
1789595849,0100a4,MSR511  ,Egypt,1789595848,1789595848,96.1839,15.4692,11582.4,False,248.5,289.97,0,,12329.16,0712,False,0
1789595856,80163c,IGO1477 ,India,1789595855,1789595855,70.2171,22.8468,9144,False,214.97,273.7,0,,9707.88,,False,0
1789595856,801625,AIC1ZH  ,India,1789595735,1789595735,77.7439,13.2067,998.22,False,67.91,270.43,-3.25,,952.5,,False,0
1789595856,8851ea,THA340  ,Thailand,1789595855,1789595855,94.3668,19.2369,10058.4,False,247.64,137.69,0,,,,False,0
1789595856,8851e1,THA344  ,Thailand,1789595850,1789595855,89.4703,18.7843,10050.78,False,238.02,109.18,0,,10668,0377,False,0
1789595856,8014af,IGO1486 ,India,1789595853,1789595853,76.0441,14.4897,11871.96,False,227.49,126.82,-2.93,,12588.24,,False,0
1789595856,885282,THA911  ,Thailand,1789595856,1789595856,96.0136,16.3345,11277.6,False,253.18,135,-0.33,,11993.88,3461,False,0
1789595856,80174a,IGO245C ,India,1789595855,1789595855,77.3455,28.4069,1607.82,False,113.04,14.23,-4.23,,1600.2,,False,0
1789595856,80174d,VTIWT   ,India,1789595805,1789595805,77.0847,28.5613,,True,0,61.88,,,,,False,0
1789595856,801772,IGO1339 ,India,1789595835,1789595835,83.5187,12.6785,10668,False,238.59,117.06,0,,11315.7,0343,False,0
1789595856,80177d,IGO706  ,India,1789595851,1789595853,77.2454,25.6055,10347.96,False,236.15,359.25,0,,10980.42,,False,0
1789595856,885307,THA330  ,Thailand,1789595855,1789595855,94.8654,14.9239,10675.62,False,234.7,103.82,0,,,,False,0
1789595856,05a0af,DQA341  ,Maldives,1789595633,1789595633,82.4051,16.2811,12192,False,245.41,213.89,0,,12915.9,1537,False,0
1789595856,88530a,THA338  ,Thailand,1789595856,1789595856,96.5678,13.7199,10668,False,238.82,76.29,-0.33,,,,False,0
1789595856,885313,THA314  ,Thailand,1789595855,1789595855,92.8813,18.2768,10675.62,False,242.8,128.38,0,,,0420,False,0
1789595856,801878,IGO1025 ,India,1789595854,1789595855,80.0912,12.9614,723.9,False,127.77,249.74,13.33,,624.84,0627,False,0
1789595856,80052d,AIC8HJ  ,India,1789595854,1789595854,76.8977,8.8045,2682.24,False,147.46,3.8,5.2,,2712.72,,False,0
1789595856,3c4a08,DLH761  ,Germany,1789595855,1789595855,75.0838,29.0554,7315.2,False,229.16,318.18,5.2,,7696.2,,False,0
1789595856,80189d,AIC187  ,India,1789595855,1789595855,68.6575,22.924,10363.2,False,251.84,272.69,0,,11026.14,,False,0
1789595856,70209f,BBC305  ,Bangladesh,1789595855,1789595855,86.877,25.1562,10355.58,False,256.57,287.74,0,,10988.04,4773,False,0
1789595856,8960ee,UAE367  ,United Arab Emirates,1789595854,1789595856,73.1164,22.9971,12192,False,249.8,265.39,0,,12923.52,,False,0
1789595856,8017a0,IGO2369 ,India,1789595854,1789595855,77.2474,28.5347,861.06,False,80.98,256.41,-0.65,,792.48,,False,0
1789595856,896111,UAE359  ,United Arab Emirates,1789595843,1789595844,81.115,11.1904,10363.2,False,260.02,261.58,0,,10957.56,2417,False,0
1789595856,8016d7,IGO679P ,India,1789595854,1789595854,78.3961,14.5796,10363.2,False,236.58,305.8,0,,10995.66,0211,False,0
1789595856,89618a,UAE363  ,United Arab Emirates,1789595854,1789595855,69.0813,22.9334,12192,False,253.64,273.72,0,,12946.38,,False,0
1789595856,896175,UAE329  ,United Arab Emirates,1789595838,1789595838,72.8371,23.0614,10363.2,False,255,266.99,0,,10988.04,,False,0
1789595856,80183b,IGO72P  ,India,1789595855,1789595855,75.6273,27.456,8519.16,False,232.15,48.5,-9.75,,9006.84,,False,0
1789595856,80183a,IGO721  ,India,1789595791,1789595791,74.5242,16.0541,11582.4,False,237.07,335.1,0,,12283.44,,False,0
1789595856,8a0536,GIA089  ,Indonesia,1789595830,1789595830,86.2026,16.3765,10668,False,252.31,132.6,0,,11315.7,,False,0
1789595856,8018e1,IGO426L ,India,1789595856,1789595856,76.8545,26.0348,10668,False,239.46,177.41,0,,11308.08,,False,0
1789595856,a27c9e,,United States,1789595670,1789595670,82.8045,33.2037,,True,4.63,345.94,,,,,False,0
1789595856,896214,UAE3PX  ,United Arab Emirates,1789595844,1789595847,73.7655,23.1291,10363.2,False,251.92,266.96,0,,11003.28,,False,0
1789595856,896408,ETD498  ,United Arab Emirates,1789595856,1789595856,80.0398,12.7973,10660.38,False,256.99,110.14,0,,11300.46,1740,False,0
1789595856,896357,ETD973  ,United Arab Emirates,1789595855,1789595855,85.7354,23.0577,12496.8,False,247.55,75.56,0,,13228.32,1764,False,0
1789595856,896327,ETD476  ,United Arab Emirates,1789595856,1789595856,78.0213,10.27,10058.4,False,250.24,110.71,0,,10645.14,,False,0
1789595856,4bb0eb,THY45M  ,Turkey,1789595854,1789595854,96.0822,11.3702,11887.2,False,250.45,137.16,0,,12603.48,5116,False,0
1789595856,4bb0fa,THY208  ,Turkey,1789595856,1789595856,96.1302,17.598,12496.8,False,242.31,126.63,0,,13220.7,5117,False,0
1789595856,896306,UAE371  ,United Arab Emirates,1789595856,1789595856,91.7646,15.64,10972.8,False,253.79,283.84,0,,11673.84,,False,0
1789595856,896312,UAE377  ,United Arab Emirates,1789595855,1789595855,84.9939,17.3454,10363.2,False,259.98,286.32,0,,10988.04,,False,0
1789595856,80073f,AIC302  ,India,1789595855,1789595855,82.448,24.9142,10668,False,262.29,134.44,0,,11315.7,,False,0
1789595856,780a57,CPA612  ,China,1789595855,1789595855,95.7933,13.2226,12496.8,False,230.52,71.52,0.33,,,,False,0
1789595856,780a58,CPA624  ,China,1789595855,1789595855,88.5216,21.1821,11277.6,False,246.04,70.2,0,,11986.26,0640,False,0
1789595856,8963ec,UAE7Q   ,United Arab Emirates,1789595788,1789595788,78.6445,15.0886,11582.4,False,262.05,296.72,0,,12260.58,2133,False,0
1789595856,8963e7,UAE374  ,United Arab Emirates,1789595647,1789595647,72.7164,23.9427,11887.2,False,259.5,94.32,0,,12626.34,,False,0
1789595856,896536,ETD473  ,United Arab Emirates,1789595616,1789595616,74.974,10.248,11574.78,False,264.88,300.2,0,,12260.58,,False,0
1789595856,896535,ETD870  ,United Arab Emirates,1789595854,1789595854,88.3467,22.713,12496.8,False,247.7,101.99,-0.33,,13243.56,1714,False,0
1789595856,896539,ETD474  ,United Arab Emirates,1789595855,1789595855,77.6362,9.2118,11269.98,False,245.23,122.06,0,,11932.92,,False,0
1789595856,89647c,UAE75T  ,United Arab Emirates,1789595721,1789595721,75.2244,9.9949,12192,False,264.26,301.71,0,,12870.18,,False,0
1789595856,896496,ABY518  ,United Arab Emirates,1789595855,1789595855,78.7874,26.4112,11277.6,False,248.8,79.15,0,,11963.4,,False,0
1789595856,896473,UAE319  ,United Arab Emirates,1789595856,1789595856,71.3053,22.9544,12192,False,254.41,267.33,0,,12931.14,,False,0
1789595856,896488,ETD401  ,United Arab Emirates,1789595854,1789595854,88.3044,18.1298,10965.18,False,260.46,288.9,0.33,,11643.36,0711,False,0
1789595856,896451,UAE325  ,United Arab Emirates,1789595845,1789595845,72.7964,23.0461,10972.8,False,256.49,267.24,0,,11666.22,,False,0
1789595856,40688f,BAW35   ,United Kingdom,1789595856,1789595856,80.3577,13.2282,1775.46,False,125.34,170.07,-4.55,,1767.84,5715,False,0
1789595856,89642e,ABY422  ,United Arab Emirates,1789595732,1789595734,76.374,10.1502,106.68,False,76.71,87.69,-3.9,,0,,False,0
1789595856,89642d,ABY410  ,United Arab Emirates,1789595840,1789595840,76.7997,11.0565,3520.44,False,151.98,95.63,-3.25,,3657.6,,False,0
1789595856,8963a2,UAE9785 ,United Arab Emirates,1789595855,1789595856,90.8803,22.3707,9753.6,False,251.09,277.42,0,,10355.58,5345,False,0
1789595856,8964fa,ETD410  ,United Arab Emirates,1789595855,1789595855,91.9313,14.3155,12489.18,False,246.63,135,0.33,,,,False,0
1789595856,8964bf,ETD898  ,United Arab Emirates,1789595855,1789595856,87.527,22.8228,11879.58,False,255.08,99.52,0,,12603.48,3423,False,0
1789595856,780c01,CES2052 ,China,1789595855,1789595855,90.7425,22.4914,11277.6,False,246.75,92.99,0,,12001.5,4000,False,0
1789595856,896660,FDB570  ,United Arab Emirates,1789595856,1789595856,73.9337,15.4133,10972.8,False,241.99,326.01,0,,11635.74,,False,0
1789595856,89664c,ETD218  ,United Arab Emirates,1789595854,1789595854,77.1426,28.5341,495.3,False,77.86,283.76,-3.58,,411.48,,False,0
1789595856,780ab6,CPA694  ,China,1789595855,1789595855,93.2047,23.4665,11887.2,False,256.24,93.8,0,,12603.48,0513,False,0
1789595856,885963,TVJ761  ,Thailand,1789595824,1789595852,88.9725,17.9171,9456.42,False,245.16,108.47,-0.33,,10043.16,0315,False,0
1789595856,8964b0,UAE399  ,United Arab Emirates,1789595729,1789595730,83.1015,12.8867,11582.4,False,265.04,296.27,-0.33,,12260.58,,False,0
1789595856,8964c3,ETD432  ,United Arab Emirates,1789595855,1789595855,84.293,22.9597,11269.98,False,267.32,94.53,0,,11971.02,3407,False,0
1789595856,8964a8,UAE313  ,United Arab Emirates,1789595854,1789595855,84.7073,21.9013,10363.2,False,251.44,262,0,,11003.28,6354,False,0
1789595856,76cc75,SIA402  ,Singapore,1789595854,1789595854,85.6261,18.3828,10965.18,False,262.35,313.65,0.33,,11650.98,,False,0
1789595856,507cb2,MFX7527 ,Uzbekistan,1789595847,1789595847,74.5195,31.3771,10660.38,False,258.08,127.87,0,,11239.5,,False,0
1789595856,484cba,KLM836  ,Kingdom of the Netherlands,1789595855,1789595855,74.97,27.1302,9144,False,248.64,289.71,0,,9669.78,,False,0
1789595856,8965f8,ABY552  ,United Arab Emirates,1789595848,1789595848,74.287,31.6535,5356.86,False,179.13,358.03,-9.43,,5753.1,,False,0
1789595856,76cd43,SIA306  ,Singapore,1789595855,1789595855,76.4585,25.1831,10972.8,False,248.89,307.27,0,,11635.74,,False,0
1789595856,8a08b1,UBA8502 ,Indonesia,1789595512,1789595850,96.2719,17.1403,60.96,False,111.62,197.43,-6.18,,,,False,0
1789595856,89669a,ETD6RM  ,United Arab Emirates,1789595855,1789595855,77.9182,13.205,1836.42,False,105.51,271.68,-1.3,,1828.8,,False,0
1789595856,89668b,ABY471  ,United Arab Emirates,1789595613,1789595613,80.1915,12.9986,114.3,False,72.32,248.73,-3.58,,15.24,3433,False,0
1789595856,781fd6,CSS159  ,China,1789595855,1789595855,77.8797,28.5161,3048,False,141.67,261.02,-0.65,,3124.2,6002,False,0
1789595856,894097,GFA122  ,Bahrain,1789595856,1789595856,68.2516,24.1248,11277.6,False,266.5,90.66,-0.33,,11993.88,,False,0
1789595856,152036,AFL292  ,Russian Federation,1789595855,1789595855,82.4225,26.3025,11277.6,False,243.27,123.79,-0.33,,11955.78,,False,0
1789595856,89408b,GFA152  ,Bahrain,1789595855,1789595856,69.1431,24.1118,11879.58,False,255.2,90.92,-0.33,,12603.48,,False,0
1789595856,899087,EVA095  ,Taiwan,1789595856,1789595856,77.7048,29.7985,10965.18,False,233.18,309.45,-0.33,,11574.78,0432,False,0
1789595856,89907e,EVA065  ,Taiwan,1789595855,1789595855,78.1287,28.2459,10355.58,False,248.47,291.63,0,,10949.94,0427,False,0
1789595856,899097,EVA062  ,Taiwan,1789595855,1789595855,89.8143,20.449,11879.58,False,259.92,126.14,0.33,,12611.1,7112,False,0
1789595856,040143,ETH609  ,Ethiopia,1789595855,1789595855,79.84,13.0174,9753.6,False,259.94,275.45,0,,10325.1,0740,False,0
1789595856,706214,JZR406  ,Kuwait,1789595806,1789595806,75.1742,12.1982,9144,False,247.98,319.04,0,,9669.78,,False,0
1789595856,040156,ETH3290 ,Ethiopia,1789595852,1789595854,71.382,22.9672,12496.8,False,242.83,86.23,0,,13235.94,,False,0
1789595856,040126,ETH687  ,Ethiopia,1789595855,1789595855,74.36,28.5309,9380.22,False,190.52,272.48,5.2,,9913.62,,False,0
1789595856,8881ff,VJC1806 ,Viet Nam,1789595855,1789595855,94.4907,16.0045,10058.4,False,240.93,111.42,0,,,0374,False,0
1789595856,899017,CAL5663 ,Taiwan,1789595855,1789595855,93.6828,19.5742,10363.2,False,253.41,298.23,0,,11026.14,2630,False,0
1789595856,899013,CAL063  ,Taiwan,1789595855,1789595855,77.2201,30.3503,11582.4,False,235.21,324.88,0,,12214.86,2663,False,0
1789595856,06a376,QTR842  ,Qatar,1789595839,1789595839,81.5506,13.4114,11887.2,False,237.35,110.56,0,,12573,2127,False,0
1789595856,06a2e9,QTR982  ,Qatar,1789595856,1789595856,90.0893,22.4647,11879.58,False,254.6,97.2,0.33,,12611.1,0365,False,0
1789595856,06a2f9,QTR838  ,Qatar,1789595855,1789595855,95.6004,16.3184,11887.2,False,249.66,115.51,0,,12626.34,2144,False,0
1789595856,4ba9c8,THY62Y  ,Turkey,1789595855,1789595855,82.5011,26.9162,11887.2,False,251.49,113,0,,12580.62,,False,0
1789595856,4ba9d4,THY51U  ,Turkey,1789595853,1789595853,73.2146,19.0113,10668,False,243.79,156.63,0,,,,False,0
1789595856,06a2c7,QTR8M   ,Qatar,1789595856,1789595856,78.6485,7.3561,10363.2,False,256.08,305.35,0,,10957.56,,False,0
1789595856,8990e6,EVA071  ,Taiwan,1789595855,1789595855,79.6597,27.9318,9753.6,False,245.69,316.95,0,,10309.86,6247,False,0
1789595856,06a062,QTR807  ,Qatar,1789595855,1789595855,70.1099,22.8533,10363.2,False,252.1,273.74,0,,11026.14,,False,0
1789595856,a7a9a0,N593MA  ,United States,1789595559,1789595561,82.806,33.1948,,True,0.06,171.56,,,,,False,0
1789595856,06a072,QTR898  ,Qatar,1789595854,1789595855,78.9821,14.952,9448.8,False,261.13,116.57,0,,10005.06,2131,False,0
1789595856,39cf0f,AFR198  ,France,1789595855,1789595856,80.8451,25.5297,11887.2,False,258.41,129.43,0,,12573,,False,0
1789595856,7c8064,QFA5    ,Australia,1789595855,1789595855,79.4746,15.1014,11574.78,False,256.15,345.94,-0.33,,12268.2,1456,False,0
1789595856,407ea1,DHK037  ,United Kingdom,1789595855,1789595855,95.1332,14.8521,9753.6,False,245.3,283.83,0,,10363.2,,False,0
1789595856,80139b,AIC7FM  ,India,1789595855,1789595856,81.6814,26.081,11285.22,False,238.04,114.52,-0.33,,11948.16,,False,0
1789595856,406c39,VIR303  ,United Kingdom,1789595849,1789595849,71.7319,31.2192,10363.2,False,232.41,263.65,-0.65,,10911.84,,False,0
1789595856,a9c52e,NCR521  ,United States,1789595854,1789595855,83.5919,23,12496.8,False,256.06,93.11,0,,13228.32,3401,False,0
1789595856,801406,AIC112  ,India,1789595854,1789595854,74.7706,26.8687,11879.58,False,256.36,39.95,0,,12595.86,,False,0
1789595856,801454,IGO6129 ,India,1789595846,1789595847,74.9368,14.9653,11894.82,False,231.88,159.07,0,,12611.1,,False,0
1789595856,abcca0,N86BJ   ,United States,1789595845,1789595846,82.8042,33.2045,,True,3.6,345.94,,,,,False,0
1789595856,801435,AXB920  ,India,1789595855,1789595855,77.7967,13.1401,3314.7,False,121.48,100.74,-4.23,,3413.76,,False,0
1789595856,06a112,QTR961  ,Qatar,1789595856,1789595856,81.3865,12.3159,10972.8,False,261.63,299.19,0,,11620.5,4105,False,0
1789595856,06a10b,QTR830  ,Qatar,1789595855,1789595855,81.9617,18.0823,12496.8,False,245.82,108.93,0,,13205.46,,False,0
1789595856,801530,FQA321  ,India,1789595855,1789595855,76.3479,27.5189,8976.36,False,233.96,204.14,5.85,,9479.28,,False,0
1789595856,06a12a,QTR859  ,Qatar,1789595855,1789595855,86.3962,23.1541,10972.8,False,251.14,271.53,0.33,,11643.36,6302,False,0
1789595856,06a145,QTR837  ,Qatar,1789595856,1789595856,83.322,17.7749,12192,False,254.26,286.45,0,,12923.52,,False,0
1789595856,406a9e,BAW119  ,United Kingdom,1789595851,1789595852,75.6203,15.5963,12496.8,False,234.66,135.98,0,,13235.94,,False,0
1789595856,801548,AKJ506  ,India,1789595855,1789595855,75.9103,11.9358,11071.86,False,224.41,143.58,-4.88,,11734.8,,False,0
1789595856,80159f,AIC308  ,India,1789595855,1789595855,77.6763,27.8313,6073.14,False,231.82,126.34,7.15,,6339.84,,False,0
1789595856,80156e,BDA354  ,India,1789595856,1789595856,76.3165,28.437,4533.9,False,165.13,39.69,-5.53,,4709.16,,False,0
1789595856,06a103,QTR955  ,Qatar,1789595853,1789595853,77.6705,8.6787,11582.4,False,263.63,300.62,0,,12237.72,,False,0
1789595856,885102,THA937  ,Thailand,1789595855,1789595855,85.1063,24.369,12496.8,False,255.01,118.17,0,,13213.08,0142,False,0
1789595856,88511a,THA924  ,Thailand,1789595855,1789595855,73.4229,27.8727,12192,False,236.63,300.58,-0.33,,12885.42,,False,0
1789595856,88510a,THA941  ,Thailand,1789595855,1789595855,96.8301,15.858,12496.8,False,249.05,119.58,0,,13220.7,0410,False,0
1789595856,88510b,THA925  ,Thailand,1789595855,1789595855,94.1176,19.4899,12496.8,False,249.2,144.83,0.33,,13228.32,1735,False,0
1789595856,885116,THA955  ,Thailand,1789595855,1789595855,76.325,30.7816,11887.2,False,270.86,137.31,0,,12519.66,,False,0
1789595856,885115,THA326  ,Thailand,1789595855,1789595855,93.3937,12.3074,11887.2,False,252.07,84.85,0,,,,False,0
1789595856,88516c,THA951  ,Thailand,1789595855,1789595855,95.6391,16.7117,10668,False,254.73,122.63,0,,11338.56,0715,False,0
1789595856,885156,THA350  ,Thailand,1789595855,1789595855,89.1322,22.2291,11277.6,False,258.41,123.06,0,,11971.02,7272,False,0
1789595856,885177,THA921  ,Thailand,1789595855,1789595856,88.7279,21.138,11887.2,False,249.17,116.09,0,,12611.1,7644,False,0
1789595856,885179,THA970  ,Thailand,1789595855,1789595855,75.513,28.6198,10363.2,False,240.65,305.25,0,,10957.56,,False,0
1789595856,885170,THA950  ,Thailand,1789595851,1789595851,74.4375,27.3521,9753.6,False,248.72,295.88,0,,10332.72,,False,0
1789595856,3c64f5,DLH759  ,Germany,1789595855,1789595855,79.7122,13.0982,2727.96,False,155.96,284.13,8.13,,2758.44,0621,False,0
1789595856,7103d7,SVA871  ,Saudi Arabia,1789595836,1789595842,86.718,16.8397,10355.58,False,260.15,283.84,0.33,,10995.66,,False,0
1789595856,4246b4,AHY057  ,United Kingdom,1789595855,1789595855,76.703,28.2662,3657.6,False,171.01,136.22,0.33,,3779.52,,False,0
1789595856,a9aba2,ETD9682 ,United States,1789595855,1789595855,70.8561,22.9519,11887.2,False,250.05,86.23,0,,12633.96,,False,0
1789595856,151db6,AFL284  ,Russian Federation,1789595856,1789595856,78.1791,28.7655,10668,False,266.97,146.95,0,,11277.6,,False,0
1789595856,7105ac,SVA857  ,Saudi Arabia,1789595855,1789595855,79.7303,13.4635,10355.58,False,263.89,296.27,0,,10988.04,2272,False,0
1789595856,70c13d,OMS497  ,Oman,1789595855,1789595855,84.0362,23.0204,10660.38,False,246.04,80.01,-0.33,,11315.7,4725,False,0
1789595856,77170d,EXV912  ,Sri Lanka,1789595854,1789595854,82.818,16.9229,10972.8,False,240.92,226.73,0,,11643.36,4702,False,0
1789595856,70c10c,OMS705  ,Oman,1789595855,1789595855,76.0818,28.0354,11285.22,False,250.83,95.89,0,,11948.16,,False,0
1789595856,70c10d,OMS783  ,Oman,1789595854,1789595854,74.5825,15.4919,11292.84,False,233.06,125.02,0,,11971.02,,False,0
1789595856,770453,ALK191  ,Sri Lanka,1789595850,1789595850,77.2425,25.409,11582.4,False,233.17,358.1,0,,12291.06,,False,0
1789595856,70c0fe,OMA817  ,Oman,1789595848,1789595848,90.3828,17.4605,12489.18,False,240.29,108.86,0,,13228.32,4760,False,0
1789595856,77058f,ALK153  ,Sri Lanka,1789595856,1789595856,79.9612,12.9498,11277.6,False,242.44,345.37,0,,11955.78,7341,False,0
1789595856,a3969c,N330JE  ,United States,1789595787,1789595787,82.8042,33.2047,,True,4.12,345.94,,,,,False,0
1789595856,88813a,HVN18   ,Viet Nam,1789595856,1789595856,96.2734,21.4473,13106.4,False,245.08,101.99,0,,13837.92,7563,False,0
1789595856,706058,KAC283  ,Kuwait,1789595855,1789595855,89.3118,23.2442,8023.86,False,251.41,43.92,-9.1,,8496.3,0460,False,0
1789595856,706064,KAC364  ,Kuwait,1789595849,1789595850,78.1823,8.9234,9304.02,False,247.46,308.59,3.58,,9837.42,,False,0
1789595856,706072,KAC382  ,Kuwait,1789595855,1789595855,74.5668,28.5373,8587.74,False,212.54,271.53,1.63,,9052.56,,False,0
1789595856,7705c1,ALK402  ,Sri Lanka,1789595855,1789595855,95.0574,13.0138,11894.82,False,228.17,58.46,-0.33,,,,False,0
1789595856,706130,JZR531  ,Kuwait,1789595758,1789595758,90.4019,23.8507,,True,0.39,53.44,,,,1433,False,0
1789595856,70612d,JZR407  ,Kuwait,1789595855,1789595855,70.1503,23.8393,10668,False,245.88,101.71,0,,11346.18,,False,0
1789595856,70612e,JZR502  ,Kuwait,1789595845,1789595845,74.4039,31.4675,830.58,False,101.35,180.58,7.15,,769.62,,False,0
1789595856,8880ad,HVN670  ,Viet Nam,1789595856,1789595856,95.2919,14.8133,10050.78,False,236.69,103.7,0,,,,False,0
1789595856,a0a9c7,N1417U  ,United States,1789595741,1789595741,82.8045,33.2037,,True,3.6,348.75,,,,,False,0
1789595856,8880e0,HVN31   ,Viet Nam,1789595854,1789595855,73.7825,27.7373,11582.4,False,239.04,299.1,-0.33,,12260.58,,False,0
1789595856,888217,VJC910  ,Viet Nam,1789595855,1789595855,93.0957,22.173,10073.64,False,246.05,94.2,0,,10706.1,0340,False,0
1789595856,8940dc,GFA130  ,Bahrain,1789595855,1789595855,76.4278,28.2083,3962.4,False,159.85,106.45,-0.33,,4099.56,,False,0
1789595856,7502cd,XAX605  ,Malaysia,1789595822,1789595826,86.0849,16.4806,11887.2,False,238.85,132.56,-0.33,,12611.1,,False,0
1789595856,76cda3,SIA302  ,Singapore,1789595832,1789595833,83.5656,21.9274,11582.4,False,248.99,311.23,0,,12275.82,2230,False,0
1789595856,76cda8,SIA314  ,Singapore,1789595855,1789595856,86.9039,19.0956,10972.8,False,257.81,312.41,0,,11635.74,0174,False,0
1789595856,76cda5,SIA304  ,Singapore,1789595854,1789595855,70.4649,31.4253,12192,False,239.53,328.97,0,,12824.46,,False,0
1789595856,76cdb5,SIA309  ,Singapore,1789595687,1789595855,88.5474,17.5943,12496.8,False,243.73,135.51,0,,13213.08,4761,False,0
1789595856,76cdad,SIA352  ,Singapore,1789595856,1789595856,71.9351,31.2046,11582.4,False,243.48,311.4,0,,12192,,False,0
1789595856,76cdab,SIA328  ,Singapore,1789595855,1789595855,70.977,29.7549,11582.4,False,243.14,318.69,0,,12222.48,,False,0
1789595856,8966ce,ETD402  ,United Arab Emirates,1789595856,1789595856,84.5128,19.3391,11887.2,False,252.88,107.03,0,,12595.86,,False,0
1789595856,8966af,ABY496  ,United Arab Emirates,1789595740,1789595740,77.2501,13.7367,5242.56,False,195.66,122.44,-9.43,,5494.02,,False,0
1789595856,750447,MXD752  ,Malaysia,1789595855,1789595855,77.9717,28.9502,11887.2,False,257.28,129.48,0,,12550.14,,False,0
1789595856,75041f,MXD132  ,Malaysia,1789595749,1789595751,79.349,25.7605,10058.4,False,246.51,151.72,-0.33,,10652.76,,False,0
1789595856,750420,MXD181  ,Malaysia,1789595788,1789595788,96.6732,11.0249,11277.6,False,234.52,141.14,0,,11978.64,7777,False,0
1789595856,4074e3,,United Kingdom,1789595663,1789595663,74.8653,13.319,9875.52,False,244.53,277.74,4.23,,10454.64,,False,0
1789595856,750423,MXD216  ,Malaysia,1789595855,1789595855,92.2209,15.5292,11887.2,False,235.2,104.31,0,,,,False,0
1789595856,48ae00,LOT71   ,Poland,1789595722,1789595725,77.1073,28.5417,320.04,False,76.74,283.57,-3.9,,213.36,,False,0
1789595856,76ceec,SIA336  ,Singapore,1789595839,1789595841,70.9816,29.7512,9753.6,False,245.31,318.66,0,,10287,,False,0
1789595856,507c4c,UZB553  ,Uzbekistan,1789595855,1789595855,79.2474,26.0677,12489.18,False,257.01,154.26,0,,13197.84,,False,0
1789595856,75059c,MAS119  ,Malaysia,1789595855,1789595855,93.3871,12.8696,11277.6,False,229.58,145.78,-0.33,,,,False,0
1789595856,76bcce,TGW60   ,Singapore,1789595811,1789595820,87.0074,17.0226,10965.18,False,257.08,312.4,0,,11628.12,,False,0
1789595856,86e3ec,JAL754  ,Japan,1789595855,1789595855,82.8595,17.4218,11879.58,False,250.17,50.09,-0.33,,12595.86,,False,0
1789595856,800b62,AXB5976 ,India,1789595855,1789595855,77.5048,28.3655,2857.5,False,126.73,18.95,-6.5,,2948.94,,False,0
1789595856,4d20f9,VJT278R ,Malta,1789595617,1789595617,71.4561,18.6242,12192,False,253.6,295.21,0,,12931.14,,False,0
1789595856,800c42,AIC2284 ,India,1789595855,1789595855,70.083,23.0349,10675.62,False,241.67,65.07,0,,11338.56,,False,0
1789595856,800c3a,LLR676  ,India,1789595855,1789595855,78.7916,27.9972,5486.4,False,129.85,306.46,0,,5753.1,,False,0
1789595856,800c4b,AIC2378 ,India,1789595853,1789595853,85.6668,20.3599,10675.62,False,240.62,130.06,0.33,,11338.56,0526,False,0
1789595856,3c68cb,BCS694  ,Germany,1789595855,1789595855,93.6537,22.5635,12496.8,False,245.39,79.49,0,,13251.18,0451,False,0
1789595856,71004a,SVA753  ,Saudi Arabia,1789595849,1789595849,72.586,19.2252,11582.4,False,244.68,288.13,0,,12291.06,,False,0
1789595856,4cac10,KZR931  ,Ireland,1789595855,1789595855,75.8769,30.9444,10058.4,False,249.98,133.58,-0.33,,10607.04,,False,0
1789595856,710055,SVA827  ,Saudi Arabia,1789595734,1789595736,75.6774,8.9398,10363.2,False,261.12,287.9,0,,10965.18,,False,0
1789595856,710053,SVA810  ,Saudi Arabia,1789595855,1789595855,89.8248,23.6783,3756.66,False,198.29,38.89,-6.18,,3909.06,5272,False,0
1789595856,710057,SVA803  ,Saudi Arabia,1789595855,1789595856,89.5438,23.1339,7010.4,False,215.11,250.44,1.95,,7391.4,4727,False,0
1789595856,70e085,SEJ905  ,Cambodia,1789595855,1789595855,81.0332,26.3936,10668,False,247.33,114.06,0,,11300.46,,False,0
1789595856,711486,RXI763  ,Saudi Arabia,1789595856,1789595856,71.3493,24.2715,11277.6,False,267.37,58.05,-0.33,,11993.88,,False,0
1789595856,800bef,AIC2336 ,India,1789595800,1789595801,95.24,18.2352,11277.6,False,230.62,124.82,0,,11993.88,0512,False,0
1789595856,0100a4,MSR511  ,Egypt,1789595855,1789595855,96.168,15.4748,11582.4,False,248.2,290.13,0,,12329.16,0712,False,0
1789595887,80163c,IGO1477 ,India,1789595886,1789595886,70.1519,22.8507,9144,False,214.97,273.7,0,,9707.88,,False,0
1789595887,801625,AIC1ZH  ,India,1789595735,1789595735,77.7439,13.2067,998.22,False,67.91,270.43,-3.25,,952.5,,False,0
1789595887,8851ea,THA340  ,Thailand,1789595870,1789595870,94.3885,19.2146,10058.4,False,247.47,136.68,-0.33,,,,False,0
1789595887,8851e1,THA344  ,Thailand,1789595885,1789595885,89.5455,18.7594,10043.16,False,238.51,109.14,-0.33,,10660.38,0377,False,0
1789595887,8014af,IGO1486 ,India,1789595882,1789595882,76.0936,14.4536,11727.18,False,228.21,126.84,-4.88,,12565.38,,False,0
1789595887,885282,THA911  ,Thailand,1789595887,1789595887,96.0654,16.2856,11277.6,False,252.58,133.18,0,,11993.88,3461,False,0
1789595887,80174a,IGO245C ,India,1789595886,1789595887,77.3544,28.4377,1478.28,False,112.54,14.29,-4.23,,1463.04,,False,0
1789595887,80174d,VTIWT   ,India,1789595805,1789595805,77.0847,28.5613,,True,0,61.88,,,,,False,0
1789595887,801772,IGO1339 ,India,1789595835,1789595835,83.5187,12.6785,10668,False,238.59,117.06,0,,11315.7,0343,False,0
1789595887,80177d,IGO706  ,India,1789595886,1789595887,77.2442,25.6806,10347.96,False,236.16,359.13,0,,10980.42,,False,0
1789595887,885307,THA330  ,Thailand,1789595886,1789595886,94.9312,14.9082,10668,False,234.2,103.85,-0.33,,,,False,0
1789595887,05a0af,DQA341  ,Maldives,1789595633,1789595633,82.4051,16.2811,12192,False,245.41,213.89,0,,12915.9,1537,False,0
1789595887,88530a,THA338  ,Thailand,1789595887,1789595887,96.6337,13.7369,10668,False,238.89,72.97,-0.33,,,,False,0
1789595887,885313,THA314  ,Thailand,1789595885,1789595886,92.9361,18.2356,10668,False,242.88,128.2,-0.33,,,0420,False,0
1789595887,801878,IGO1025 ,India,1789595885,1789595886,80.0603,12.9424,1074.42,False,133.76,221.41,10.73,,1013.46,0627,False,0
1789595887,80052d,AIC8HJ  ,India,1789595886,1789595886,76.9006,8.8493,2895.6,False,152.59,3.67,10.08,,2926.08,,False,0
1789595887,3c4a08,DLH761  ,Germany,1789595886,1789595886,75.0346,29.1029,7467.6,False,231.58,317.52,5.2,,7863.84,,False,0
1789595887,80189d,AIC187  ,India,1789595886,1789595886,68.5827,22.9273,10355.58,False,251.3,272.58,0,,11018.52,,False,0
1789595887,70209f,BBC305  ,Bangladesh,1789595886,1789595886,86.8029,25.1778,10363.2,False,256.08,287.78,-0.33,,10995.66,4773,False,0
1789595887,8960ee,UAE367  ,United Arab Emirates,1789595886,1789595886,73.0386,22.9912,12192,False,249.29,265.38,0,,12923.52,,False,0
1789595887,8017a0,IGO2369 ,India,1789595885,1789595886,77.2218,28.5358,807.72,False,79.6,284.22,-4.55,,739.14,,False,0
1789595887,896111,UAE359  ,United Arab Emirates,1789595843,1789595881,81.115,11.1904,10363.2,False,260.02,261.58,0,,10957.56,2417,False,0
1789595887,8016d7,IGO679P ,India,1789595885,1789595885,78.3419,14.6179,10363.2,False,236.88,305.9,0,,10995.66,0211,False,0
1789595887,89618a,UAE363  ,United Arab Emirates,1789595886,1789595886,69.0047,22.938,12192,False,253.64,273.72,0,,12946.38,,False,0
1789595887,896175,UAE329  ,United Arab Emirates,1789595882,1789595885,72.7274,23.056,10363.2,False,255.03,266.88,0,,10988.04,,False,0
1789595887,80183b,IGO72P  ,India,1789595886,1789595886,75.6811,27.4984,8229.6,False,228.14,48.47,-9.43,,8694.42,,False,0
1789595887,80183a,IGO721  ,India,1789595791,1789595791,74.5242,16.0541,11582.4,False,237.07,335.1,0,,12283.44,,False,0
1789595887,8a0536,GIA089  ,Indonesia,1789595830,1789595830,86.2026,16.3765,10668,False,252.31,132.6,0,,11315.7,,False,0
1789595887,8018e1,IGO426L ,India,1789595886,1789595887,76.8577,25.9695,10660.38,False,238.41,177.53,0,,11300.46,,False,0
1789595887,a27c9e,,United States,1789595670,1789595670,82.8045,33.2037,,True,4.63,345.94,,,,,False,0
1789595887,896214,UAE3PX  ,United Arab Emirates,1789595885,1789595886,73.6658,23.1242,10363.2,False,251.95,266.84,0,,11003.28,,False,0
1789595887,896408,ETD498  ,United Arab Emirates,1789595886,1789595886,80.1067,12.7734,10660.38,False,257.6,109.85,0,,11300.46,1740,False,0
1789595887,896357,ETD973  ,United Arab Emirates,1789595886,1789595886,85.8081,23.075,12496.8,False,248.05,75.59,0,,13228.32,1764,False,0
1789595887,896327,ETD476  ,United Arab Emirates,1789595886,1789595886,78.0866,10.2456,10058.4,False,250.72,110.67,0,,10645.14,,False,0
1789595887,4bb0eb,THY45M  ,Turkey,1789595886,1789595886,96.1305,11.3187,11887.2,False,249.4,137.42,-0.98,,12603.48,5116,False,0
1789595887,4bb0fa,THY208  ,Turkey,1789595887,1789595887,96.1866,17.5578,12504.42,False,243.03,126.65,0,,13220.7,5117,False,0
1789595887,896306,UAE371  ,United Arab Emirates,1789595887,1789595887,91.6935,15.657,10972.8,False,253.91,283.95,0,,11673.84,,False,0
1789595887,896312,UAE377  ,United Arab Emirates,1789595887,1789595887,84.9194,17.3664,10363.2,False,260.47,286.29,0,,10988.04,,False,0
1789595887,80073f,AIC302  ,India,1789595886,1789595886,82.506,24.8623,10660.38,False,262.65,134.52,0,,11308.08,,False,0
1789595887,780a57,CPA612  ,China,1789595886,1789595886,95.8551,13.243,12496.8,False,230.85,71.28,0,,,,False,0
1789595887,780a58,CPA624  ,China,1789595886,1789595886,88.5905,21.2054,11277.6,False,245.56,70.16,0,,11986.26,0640,False,0
1789595887,8963ec,UAE7Q   ,United Arab Emirates,1789595788,1789595788,78.6445,15.0886,11582.4,False,262.05,296.72,0,,12260.58,2133,False,0
1789595887,8963e7,UAE374  ,United Arab Emirates,1789595647,1789595647,72.7164,23.9427,11887.2,False,259.5,94.32,0,,12626.34,,False,0
1789595887,896536,ETD473  ,United Arab Emirates,1789595616,1789595616,74.974,10.248,11574.78,False,264.88,300.2,0,,12260.58,,False,0
1789595887,896535,ETD870  ,United Arab Emirates,1789595885,1789595886,88.4198,22.6985,12489.18,False,247.7,101.99,0,,13235.94,1714,False,0
1789595887,896539,ETD474  ,United Arab Emirates,1789595886,1789595886,77.695,9.1752,11277.6,False,245.66,121.99,0,,11932.92,,False,0
1789595887,89647c,UAE75T  ,United Arab Emirates,1789595721,1789595721,75.2244,9.9949,12192,False,264.26,301.71,0,,12870.18,,False,0
1789595887,896496,ABY518  ,United Arab Emirates,1789595887,1789595887,78.8651,26.4246,11277.6,False,248.3,79.13,-0.33,,11963.4,,False,0
1789595887,896473,UAE319  ,United Arab Emirates,1789595886,1789595886,71.2295,22.9511,12192,False,254.41,267.33,0,,12931.14,,False,0
1789595887,896488,ETD401  ,United Arab Emirates,1789595887,1789595887,88.2297,18.1542,10965.18,False,259.81,288.83,0,,11643.36,0711,False,0
1789595887,896451,UAE325  ,United Arab Emirates,1789595886,1789595886,72.6957,23.0416,10972.8,False,256.52,267.13,0,,11666.22,,False,0
1789595887,40688f,BAW35   ,United Kingdom,1789595886,1789595887,80.3634,13.1953,1638.3,False,114.77,170.45,-4.88,,1615.44,5715,False,0
1789595887,89642e,ABY422  ,United Arab Emirates,1789595732,1789595734,76.374,10.1502,106.68,False,76.71,87.69,-3.9,,0,,False,0
1789595887,89642d,ABY410  ,United Arab Emirates,1789595867,1789595867,76.8357,11.0558,3421.38,False,151.98,95.63,-3.25,,3657.6,,False,0
1789595887,8963a2,UAE9785 ,United Arab Emirates,1789595887,1789595887,90.8055,22.3798,9753.6,False,251.03,277.3,0,,10355.58,5345,False,0
1789595887,8964fa,ETD410  ,United Arab Emirates,1789595886,1789595886,91.9804,14.2676,12496.8,False,247.36,135,-0.33,,,,False,0
1789595887,8964bf,ETD898  ,United Arab Emirates,1789595886,1789595886,87.6031,22.8108,11887.2,False,255.67,99.61,-0.33,,12611.1,3423,False,0
1789595887,780c01,CES2052 ,China,1789595886,1789595886,90.8172,22.4878,11277.6,False,246.75,92.99,0,,12001.5,4000,False,0
1789595887,896660,FDB570  ,United Arab Emirates,1789595883,1789595883,73.8997,15.4622,10972.8,False,240.85,325.97,0,,11635.74,,False,0
1789595887,89664c,ETD218  ,United Arab Emirates,1789595882,1789595885,77.1204,28.539,388.62,False,79.86,283.41,-3.9,,289.56,,False,0
1789595887,780ab6,CPA694  ,China,1789595886,1789595886,93.2824,23.4619,11887.2,False,256.21,93.68,0.33,,12603.48,0513,False,0
1789595887,885963,TVJ761  ,Thailand,1789595824,1789595882,88.9725,17.9171,9456.42,False,245.16,108.47,0,,10043.16,0315,False,0
1789595887,8964b0,UAE399  ,United Arab Emirates,1789595729,1789595730,83.1015,12.8867,11582.4,False,265.04,296.27,-0.33,,12260.58,,False,0
1789595887,8964c3,ETD432  ,United Arab Emirates,1789595887,1789595887,84.3756,22.9536,11277.6,False,267.32,94.53,-0.33,,11978.64,3407,False,0
1789595887,8964a8,UAE313  ,United Arab Emirates,1789595886,1789595886,84.6315,21.8914,10363.2,False,251.44,262,0,,11003.28,6354,False,0
1789595887,76cc75,SIA402  ,Singapore,1789595886,1789595886,85.5698,18.4338,10965.18,False,262.37,313.49,-0.33,,11643.36,,False,0
1789595887,507cb2,MFX7527 ,Uzbekistan,1789595887,1789595887,74.599,31.3158,10668,False,255.36,135,-0.33,,11239.5,,False,0
1789595887,484cba,KLM836  ,Kingdom of the Netherlands,1789595886,1789595886,74.8978,27.1553,9144,False,249.15,292.33,0,,9669.78,,False,0
1789595887,8965f8,ABY552  ,United Arab Emirates,1789595848,1789595861,74.287,31.6535,5356.86,False,179.84,3.28,-4.88,,5547.36,,False,0
1789595887,76cd43,SIA306  ,Singapore,1789595887,1789595887,76.3959,25.2264,10972.8,False,249.3,307.2,0,,11635.74,,False,0
1789595887,8a08b1,UBA8502 ,Indonesia,1789595512,1789595885,96.2719,17.1403,,True,111.62,197.43,-6.18,,,,False,0
1789595887,89669a,ETD6RM  ,United Arab Emirates,1789595876,1789595878,77.8984,13.2053,1813.56,False,103.92,270.57,-3.58,,1805.94,,False,0
1789595887,89668b,ABY471  ,United Arab Emirates,1789595613,1789595613,80.1915,12.9986,114.3,False,72.32,248.73,-3.58,,15.24,3433,False,0
1789595887,781fd6,CSS159  ,China,1789595886,1789595886,77.8365,28.51,3040.38,False,129.23,260.84,0.65,,3116.58,6002,False,0
1789595887,894097,GFA122  ,Bahrain,1789595887,1789595887,68.3321,24.1237,11269.98,False,267.02,90.77,-0.33,,11986.26,,False,0
1789595887,152036,AFL292  ,Russian Federation,1789595886,1789595886,82.4851,26.2647,11277.6,False,243.27,123.79,1.63,,11955.78,,False,0
1789595887,89408b,GFA152  ,Bahrain,1789595887,1789595887,69.221,24.1106,11879.58,False,255.21,91.04,0.33,,12603.48,,False,0
1789595887,899087,EVA095  ,Taiwan,1789595887,1789595887,77.6478,29.8394,10972.8,False,234.3,309.39,-0.33,,11582.4,0432,False,0
1789595887,89907e,EVA065  ,Taiwan,1789595886,1789595886,78.0556,28.2714,10363.2,False,248.07,290.39,-0.33,,10957.56,0427,False,0
1789595887,899097,EVA062  ,Taiwan,1789595885,1789595886,89.8761,20.4065,11887.2,False,259.92,126.14,0,,12618.72,7112,False,0
1789595887,040143,ETH609  ,Ethiopia,1789595886,1789595886,79.7661,13.0243,9753.6,False,260.97,275.43,0.65,,10325.1,0740,False,0
1789595887,706214,JZR406  ,Kuwait,1789595806,1789595806,75.1742,12.1982,9144,False,247.98,319.04,0,,9669.78,,False,0
1789595887,040156,ETH3290 ,Ethiopia,1789595883,1789595886,71.4542,22.9716,12496.8,False,243.34,86.24,0,,13235.94,,False,0
1789595887,040126,ETH687  ,Ethiopia,1789595885,1789595886,74.3014,28.5333,9502.14,False,192.09,272.61,5.2,,10043.16,,False,0
1789595887,8881ff,VJC1806 ,Viet Nam,1789595886,1789595886,94.5548,15.9803,10058.4,False,240.93,111.42,0,,,0374,False,0
1789595887,899017,CAL5663 ,Taiwan,1789595886,1789595886,93.6171,19.6076,10363.2,False,253.62,298.07,0,,11026.14,2630,False,0
1789595887,899013,CAL063  ,Taiwan,1789595886,1789595886,77.1732,30.4015,11582.4,False,231.81,318.6,0,,12214.86,2663,False,0
1789595887,06a376,QTR842  ,Qatar,1789595839,1789595887,81.5506,13.4114,11887.2,False,237.35,110.56,0,,12573,2127,False,0
1789595887,06a2e9,QTR982  ,Qatar,1789595886,1789595887,90.1638,22.456,11887.2,False,254.53,97.08,-0.33,,12618.72,0365,False,0
1789595887,06a2f9,QTR838  ,Qatar,1789595886,1789595886,95.665,16.2887,11887.2,False,249.44,115.4,0,,12626.34,2144,False,0
1789595887,4ba9c8,THY62Y  ,Turkey,1789595887,1789595887,82.5732,26.8889,11887.2,False,250.82,112.94,0,,12580.62,,False,0
1789595887,4ba9d4,THY51U  ,Turkey,1789595853,1789595853,73.2146,19.0113,10668,False,243.79,156.63,0,,,,False,0
1789595887,06a2c7,QTR8M   ,Qatar,1789595886,1789595886,78.5911,7.3967,10363.2,False,255.78,305.26,0,,10957.56,,False,0
1789595887,8990e6,EVA071  ,Taiwan,1789595886,1789595886,79.6075,27.9816,9753.6,False,246.41,316.95,0,,10309.86,6247,False,0
1789595887,06a062,QTR807  ,Qatar,1789595886,1789595886,70.0338,22.8578,10363.2,False,252.07,273.63,0,,11026.14,,False,0
1789595887,06a072,QTR898  ,Qatar,1789595886,1789595886,79.0502,14.9189,9448.8,False,261.13,116.57,0.33,,10005.06,2131,False,0
1789595887,39cf0f,AFR198  ,France,1789595887,1789595887,80.9063,25.484,11887.2,False,258.8,129.35,0,,12580.62,,False,0
1789595887,7c8064,QFA5    ,Australia,1789595886,1789595886,79.4567,15.1708,11582.4,False,256.15,345.94,0,,12268.2,1456,False,0
1789595887,407ea1,DHK037  ,United Kingdom,1789595886,1789595886,95.0643,14.8686,9753.6,False,245.8,283.8,-0.33,,10363.2,,False,0
1789595887,80139b,AIC7FM  ,India,1789595886,1789595887,81.7479,26.0535,11277.6,False,237.11,114.62,-0.33,,11940.54,,False,0
1789595887,406c39,VIR303  ,United Kingdom,1789595849,1789595849,71.7319,31.2192,10363.2,False,232.41,263.65,-0.65,,10911.84,,False,0
1789595887,a9c52e,NCR521  ,United States,1789595886,1789595886,83.6704,22.996,12496.8,False,256.57,93.1,0,,13228.32,3401,False,0
1789595887,801403,AXB135  ,India,1789595886,1789595886,77.0807,28.5685,533.4,False,84.6,284.8,14.96,,441.96,,False,0
1789595887,801406,AIC112  ,India,1789595886,1789595886,74.8221,26.9238,11887.2,False,255.96,40.03,-0.33,,12603.48,,False,0
1789595887,801454,IGO6129 ,India,1789595886,1789595886,74.9673,14.888,11894.82,False,231.88,159.07,0,,12611.1,,False,0
1789595887,abcca0,N86BJ   ,United States,1789595845,1789595846,82.8042,33.2045,,True,3.6,345.94,,,,,False,0
1789595887,801435,AXB920  ,India,1789595886,1789595886,77.8301,13.1339,3154.68,False,120.97,100.78,-4.88,,3238.5,,False,0
1789595887,06a112,QTR961  ,Qatar,1789595884,1789595886,81.3273,12.3485,10972.8,False,261.88,299.28,0,,11620.5,4105,False,0
1789595887,06a10b,QTR830  ,Qatar,1789595886,1789595886,82.0285,18.0604,12496.8,False,245,108.74,0,,13205.46,,False,0
1789595887,801530,FQA321  ,India,1789595886,1789595886,76.3177,27.459,9144,False,235.32,204.27,5.2,,9654.54,,False,0
1789595887,06a12a,QTR859  ,Qatar,1789595886,1789595886,86.3201,23.1559,10972.8,False,251.14,271.53,0,,11643.36,6302,False,0
1789595887,06a145,QTR837  ,Qatar,1789595886,1789595886,83.2514,17.7949,12192,False,255.39,286.5,0,,12923.52,,False,0
1789595887,406a9e,BAW119  ,United Kingdom,1789595882,1789595885,75.6679,15.5484,12489.18,False,234.31,136.07,-0.33,,13228.32,,False,0
1789595887,801548,AKJ506  ,India,1789595885,1789595885,75.9476,11.8863,10919.46,False,224.71,143.47,-4.88,,11574.78,,False,0
1789595887,80159f,AIC308  ,India,1789595886,1789595886,77.7247,27.7835,6294.12,False,231.3,145.6,6.5,,6583.68,,False,0
1789595887,80156e,BDA354  ,India,1789595887,1789595887,76.3612,28.4587,4366.26,False,161.22,71.39,-4.88,,4533.9,,False,0
1789595887,06a103,QTR955  ,Qatar,1789595886,1789595886,77.6023,8.7188,11582.4,False,262.92,300.58,0,,12237.72,,False,0
1789595887,885102,THA937  ,Thailand,1789595886,1789595886,85.1745,24.3356,12496.8,False,254.56,118.22,0,,13213.08,0142,False,0
1789595887,88511a,THA924  ,Thailand,1789595880,1789595885,73.371,27.9,12192,False,236.63,300.58,0,,12877.8,,False,0
1789595887,88510a,THA941  ,Thailand,1789595886,1789595886,96.8913,15.8207,12496.8,False,249.69,123.66,0,,13220.7,0410,False,0
1789595887,88510b,THA925  ,Thailand,1789595886,1789595886,94.1677,19.4399,12496.8,False,246.72,131.53,0,,13228.32,1735,False,0
1789595887,885116,THA955  ,Thailand,1789595886,1789595886,76.3836,30.7265,11887.2,False,272.22,136.68,0,,12527.28,,False,0
1789595887,885115,THA326  ,Thailand,1789595886,1789595886,93.4633,12.3135,11887.2,False,251.04,84.83,0,,,,False,0
1789595887,88516c,THA951  ,Thailand,1789595886,1789595886,95.7014,16.6733,10668,False,254.02,122.6,0,,11338.56,0715,False,0
1789595887,885156,THA350  ,Thailand,1789595886,1789595886,89.1966,22.1901,11277.6,False,257.27,123.09,0,,11971.02,7272,False,0
1789595887,885177,THA921  ,Thailand,1789595886,1789595886,88.7941,21.1075,11887.2,False,248.94,116.25,0,,12611.1,7644,False,0
1789595887,885179,THA970  ,Thailand,1789595885,1789595886,75.4551,28.6631,10363.2,False,242.71,311.56,-0.33,,10957.56,,False,0
1789595887,885170,THA950  ,Thailand,1789595885,1789595885,74.3584,27.3865,9753.6,False,249.41,295.93,0.33,,10332.72,,False,0
1789595887,3c64f5,DLH759  ,Germany,1789595886,1789595886,79.6691,13.1089,2964.18,False,158.09,284.13,8.78,,2994.66,0621,False,0
1789595887,7103d7,SVA871  ,Saudi Arabia,1789595875,1789595877,86.6273,16.8611,10363.2,False,258.41,283.7,-0.33,,11003.28,,False,0
1789595887,4246b4,AHY057  ,United Kingdom,1789595886,1789595886,76.7408,28.2313,3657.6,False,171.72,135.97,0,,3779.52,,False,0
1789595887,a9aba2,ETD9682 ,United States,1789595883,1789595886,70.925,22.9561,11887.2,False,250.05,86.23,0,,12633.96,,False,0
1789595887,151db6,AFL284  ,Russian Federation,1789595886,1789595887,78.2252,28.7033,10668,False,266.82,146.8,0,,11277.6,,False,0
1789595887,7105ac,SVA857  ,Saudi Arabia,1789595886,1789595886,79.6629,13.4961,10363.2,False,264.58,296.32,-0.33,,10995.66,2272,False,0
1789595887,70c13d,OMS497  ,Oman,1789595886,1789595886,84.1092,23.0322,10660.38,False,245.95,80.12,0,,11315.7,4725,False,0
1789595887,77170d,EXV912  ,Sri Lanka,1789595856,1789595857,82.8145,16.9197,10972.8,False,240.55,226.65,-0.33,,11643.36,4702,False,0
1789595887,70c10c,OMS705  ,Oman,1789595886,1789595886,76.1597,28.0284,11285.22,False,250.83,95.89,-0.33,,11948.16,,False,0
1789595887,70c10d,OMS783  ,Oman,1789595887,1789595887,74.6409,15.4521,11285.22,False,232.94,125.2,0,,11971.02,,False,0
1789595887,770453,ALK191  ,Sri Lanka,1789595886,1789595886,77.2396,25.4855,11582.4,False,233.17,358.1,0.33,,12291.06,,False,0
1789595887,70c0fe,OMA817  ,Oman,1789595848,1789595848,90.3828,17.4605,12489.18,False,240.29,108.86,0,,13228.32,4760,False,0
1789595887,77058f,ALK153  ,Sri Lanka,1789595887,1789595887,79.9439,13.0149,11277.6,False,241.95,345.34,0,,11955.78,7341,False,0
1789595887,a3969c,N330JE  ,United States,1789595787,1789595787,82.8042,33.2047,,True,4.12,345.94,,,,,False,0
1789595887,88813a,HVN18   ,Viet Nam,1789595886,1789595887,96.3441,21.4333,13106.4,False,240.34,101.98,0.65,,13837.92,7563,False,0
1789595887,706058,KAC283  ,Kuwait,1789595886,1789595886,89.364,23.2942,7597.14,False,245.95,43.98,-13.98,,8046.72,0460,False,0
1789595887,706064,KAC364  ,Kuwait,1789595886,1789595886,78.1175,8.9748,9433.56,False,247.86,308.51,3.58,,9959.34,,False,0
1789595887,706072,KAC382  ,Kuwait,1789595886,1789595886,74.4988,28.5389,8663.94,False,219.74,271.48,2.6,,9136.38,,False,0
1789595887,7705c1,ALK402  ,Sri Lanka,1789595887,1789595887,95.1136,13.0474,11887.2,False,227.8,58.86,-0.65,,,,False,0
1789595887,706130,JZR531  ,Kuwait,1789595758,1789595758,90.4019,23.8507,,True,0.39,53.44,,,,1433,False,0
1789595887,70612d,JZR407  ,Kuwait,1789595886,1789595886,70.2221,23.8254,10607.04,False,244.87,101.76,-9.1,,11285.22,,False,0
1789595887,70612e,JZR502  ,Kuwait,1789595845,1789595845,74.4039,31.4675,830.58,False,101.35,180.58,7.15,,769.62,,False,0
1789595887,8880ad,HVN670  ,Viet Nam,1789595887,1789595887,95.3577,14.7977,10050.78,False,236.19,103.73,0,,,,False,0
1789595887,a0a9c7,N1417U  ,United States,1789595741,1789595741,82.8045,33.2037,,True,3.6,348.75,,,,,False,0
1789595887,8880e0,HVN31   ,Viet Nam,1789595887,1789595887,73.7133,27.7715,11574.78,False,239.24,298.93,0,,12260.58,,False,0
1789595887,888217,VJC910  ,Viet Nam,1789595886,1789595886,93.1689,22.1677,10073.64,False,245.36,95.17,-0.33,,10713.72,0340,False,0
1789595887,8940dc,GFA130  ,Bahrain,1789595887,1789595887,76.4769,28.1956,3962.4,False,160.2,106.22,0,,4099.56,,False,0
1789595887,7502cd,XAX605  ,Malaysia,1789595885,1789595885,86.188,16.3891,11887.2,False,238.09,132.72,0,,12603.48,,False,0
1789595887,76cda3,SIA302  ,Singapore,1789595832,1789595833,83.5656,21.9274,11582.4,False,248.99,311.23,0,,12275.82,2230,False,0
1789595887,76cda8,SIA314  ,Singapore,1789595887,1789595887,86.8469,19.1451,10972.8,False,257.81,312.41,0,,11635.74,0174,False,0
1789595887,76cda5,SIA304  ,Singapore,1789595884,1789595886,70.4265,31.4799,12192,False,240.24,328.93,0,,12824.46,,False,0
1789595887,76cdb5,SIA309  ,Singapore,1789595687,1789595873,88.5474,17.5943,12496.8,False,243.73,135.51,0,,13213.08,4761,False,0
1789595887,76cdad,SIA352  ,Singapore,1789595886,1789595886,71.8759,31.2493,11582.4,False,243.52,311.23,0.33,,12192,,False,0
1789595887,76cdab,SIA328  ,Singapore,1789595879,1789595879,70.9366,29.795,11582.4,False,243.14,318.69,0,,12222.48,,False,0
1789595887,8966fb,,United Arab Emirates,1789595886,1789595886,78.864,7.6528,6842.76,False,215.91,302.74,6.83,,7147.56,,False,0
1789595887,8966ce,ETD402  ,United Arab Emirates,1789595887,1789595887,84.5839,19.3183,11887.2,False,252.39,107.07,0,,12595.86,,False,0
1789595887,8966af,ABY496  ,United Arab Emirates,1789595740,1789595884,77.2501,13.7367,5242.56,False,164.97,122.65,-7.15,,5417.82,,False,0
1789595887,750447,MXD752  ,Malaysia,1789595885,1789595886,78.034,28.905,11887.2,False,258.01,129.5,0,,12550.14,,False,0
1789595887,75041f,MXD132  ,Malaysia,1789595749,1789595751,79.349,25.7605,10058.4,False,246.51,151.72,-0.33,,10652.76,,False,0
1789595887,750420,MXD181  ,Malaysia,1789595788,1789595788,96.6732,11.0249,11277.6,False,234.52,141.14,0,,11978.64,7777,False,0
1789595887,4074e3,,United Kingdom,1789595663,1789595663,74.8653,13.319,9875.52,False,244.53,277.74,4.23,,10454.64,,False,0
1789595887,750423,MXD216  ,Malaysia,1789595887,1789595887,92.2863,15.5131,11887.2,False,234.7,104.34,0,,,,False,0
1789595887,48ae00,LOT71   ,Poland,1789595722,1789595725,77.1073,28.5417,320.04,False,76.74,283.57,-3.9,,213.36,,False,0
1789595887,76ceec,SIA336  ,Singapore,1789595864,1789595873,70.9403,29.7922,9753.6,False,244.93,318.58,0,,10287,,False,0
1789595887,507c4c,UZB553  ,Uzbekistan,1789595885,1789595885,79.2807,26.0053,12496.8,False,257.47,154.31,0,,13213.08,,False,0
1789595887,75059c,MAS119  ,Malaysia,1789595886,1789595886,93.4218,12.8161,11277.6,False,229.79,147.8,0,,,,False,0
1789595887,76bcce,TGW60   ,Singapore,1789595811,1789595869,87.0074,17.0226,10965.18,False,256.7,312.48,-0.33,,11628.12,,False,0
1789595887,86e3ec,JAL754  ,Japan,1789595886,1789595886,82.9152,17.4666,11887.2,False,250.17,50.09,0,,12611.1,,False,0
1789595887,800b62,AXB5976 ,India,1789595886,1789595886,77.5174,28.3973,2689.86,False,118.32,20.09,-5.2,,2766.06,,False,0
1789595887,4d20f9,VJT278R ,Malta,1789595617,1789595617,71.4561,18.6242,12192,False,253.6,295.21,0,,12931.14,,False,0
1789595887,800c42,AIC2284 ,India,1789595886,1789595886,70.1496,23.0636,10675.62,False,241.2,65.02,0,,11338.56,,False,0
1789595887,800c3a,LLR676  ,India,1789595886,1789595886,78.7582,28.019,5486.4,False,130.26,306.33,0,,5753.1,,False,0
1789595887,800c4b,AIC2378 ,India,1789595886,1789595886,85.7237,20.3148,10668,False,241.34,130.07,0,,11330.94,0526,False,0
1789595887,3c68cb,BCS694  ,Germany,1789595886,1789595886,93.7265,22.576,12496.8,False,244.79,79.59,0,,13251.18,0451,False,0
1789595887,71004a,SVA753  ,Saudi Arabia,1789595886,1789595887,72.5046,19.2504,11582.4,False,245.01,287.98,0,,12283.44,,False,0
1789595887,4cac10,KZR931  ,Ireland,1789595885,1789595885,75.9342,30.8974,10058.4,False,249.98,133.58,0,,10607.04,,False,0
1789595887,710055,SVA827  ,Saudi Arabia,1789595734,1789595736,75.6774,8.9398,10363.2,False,261.12,287.9,0,,10965.18,,False,0
1789595887,710053,SVA810  ,Saudi Arabia,1789595886,1789595886,89.8609,23.7192,3543.3,False,181.42,39.02,-8.13,,3680.46,5272,False,0
1789595887,710057,SVA803  ,Saudi Arabia,1789595886,1789595886,89.481,23.1138,7094.22,False,224.04,250.69,7.8,,7482.84,4727,False,0
1789595887,70e085,SEJ905  ,Cambodia,1789595886,1789595886,81.1045,26.3648,10668,False,246.86,114.11,0,,11300.46,,False,0
1789595887,711486,RXI763  ,Saudi Arabia,1789595887,1789595887,71.4179,24.3106,11277.6,False,267.09,58.15,0,,12001.5,,False,0
1789595887,800bef,AIC2336 ,India,1789595800,1789595801,95.24,18.2352,11277.6,False,230.62,124.82,0,,11993.88,0512,False,0
1789595887,0100a4,MSR511  ,Egypt,1789595886,1789595886,96.1016,15.4982,11582.4,False,246.88,289.98,0,,12329.16,0712,False,0
